urun_adi,urun_aciklama,urun_fotolar,kategori,urun_marka,urun_fiyat
ün cildinize optimal dozda C vitamini sağlarken, daha pürüzsüz bir cilt tonu sunar. İnce çizgi ve kırışıklıkları önler, daha pürüzsüz bir cilt için çalışır.,https://static.ticimax.cloud/cdn-cgi/image/width=76,quality=85/53520/uploads/urunresimleri/buyuk/10-vitamin-c-self-activating-50-ml-a258-4.jpeg,CİLT BAKIM ÜRÜNLERİ > SERUM > ,ZO SKIN HEALTH,TL5.300,00
24 H Repairing Serum 45 ML,Tüm cilt tiplerine uyarlanmış bu bakım, hidrolipidik bariyerin yeniden oluşturulmasına yardımcı olarak cilt hassasiyetini ve nemsizliği dengeler. Cildi yatıştırırken cildi dolgunlaştırılır ve toparlar,https://static.ticimax.cloud/cdn-cgi/image/width=76,quality=85/53520/uploads/urunresimleri/buyuk/24-h-repairing-serum-45-ml-3753ef.jpeg,CİLT BAKIM ÜRÜNLERİ > SERUM > ,BELLEFONTAINE S.,
8 - Flower Golden Nectar Youth Renewing 30ML,Faydaları: Tüm cilt tiplerine uygun aromatik bakım Yalancı iğde yağı, 24 ayar altın tanecikleri ve 20'den fazla esansiyel yağ bulundurur. Cildi besler, nemlendirir ve çizgi görünümünün azalmasına yardımcı olur. İçinde bulunan 24 ayar altın taneciklerinin cilt yüzeyine yayılmasıyla anında aydınlatıcı etkisini gösterir, cildin canlı görünüm kazanmasını destekler. Kullanımı: Gece&Gündüz. Kullanmadan önce çalkalayınız Botanik İçerikler: Lavanta, Neroli, Gül, Ylang Ylang, Yasemin, Ölmez Çiçek, İris, Paçuli, Macadamia, Beyaz Çayır Köpüğü, Jojoba, Yalancı İğde, Eşek Otu, Kırkbatıran,https://static.ticimax.cloud/cdn-cgi/image/width=76,quality=85/53520/uploads/urunresimleri/buyuk/8-flower-golden-nectar-youth-renewing--ad6-96.jpeg,CİLT BAKIM ÜRÜNLERİ > BAKIM YAĞI > ,DARPHIN,TL4.749,00
8 - Flower Nectar 15ML,Faydaları: Olgun cilt tiplerine uygun aromatik bakım İçeriğinde 8 değerli ve antioksidan zengini botanik içerikler bulundurur. Daha genç görünüm kazandırmaya yardımcı olur. Cildi korumaya ve aydınlık görünüm kazandırmaya yardımcı olur. Cildi besler, cilde yumuşak bir his kazandırır. Kuruluk kaynaklı cilt problemlerini azaltır. Kullanımı: Gece. Uygun serum veya aromatik bakımdan sonra uygulayın. Botanik İçerikler: Lavanta, Neroli, Gül, Ylang Ylang, Yasemin, Ölmez Otu, İris, Paçuli, Jojoba, Ayçiçeği, Avokado, Kayısı, Macadamia, Zeytin,https://static.ticimax.cloud/cdn-cgi/image/width=76,quality=85/53520/uploads/urunresimleri/buyuk/8-flower-nectar-15ml--49e7-.jpeg,CİLT BAKIM ÜRÜNLERİ > BAKIM YAĞI > ,TL5.365,00
ABC Vitamin Kit (3 Ürün),VITA A Krem 20 ML VITA B3 Krem 20 ML VITA C Krem 20 ML,https://static.ticimax.cloud/cdn-cgi/image/width=76,quality=85/53520/uploads/urunresimleri/buyuk/abc-vitamin-kit-3-urun-63b-df.jpeg,CİLT BAKIM ÜRÜNLERİ > SERUM > ,PH FORMULA,
AC Clear Cream 50ml,Yağlı ve problemleri için mükemmel bir yatıştırıcı, sakinleştrici ve inflamatuvar etkisi yaratır. İçindeki salisilik asit sayesinde cildi hafif soyar bu sayede derinin üst tabakasını yumuşatır ve tıkanmış follikülleri açarak komedonların temizlenmesini sağlar. Ayrıca gözenekleri daraltır ve yağlı sebum salgısının dengelenmesine yardım eder.,https://static.ticimax.cloud/cdn-cgi/image/width=76,quality=85/53520/uploads/urunresimleri/buyuk/ac-clear-cream-50ml-fd3-42.jpeg,CİLT BAKIM ÜRÜNLERİ > KREM > ,FORLLED,
AC Clear Essence 30ml,Güçlü bir rahatlatıcı ve enflamasyon engelleyici bir etkisi vardır. Aşırı yağ üretimini azaltır, cildin hem derinliklerinde hem de korneum tabakasında onarımını ve nemlendirilmesini sağlar. Patojen bakterilerin yeniden üreyerek lezyon ve yangı yapmalarını önler.,https://static.ticimax.cloud/cdn-cgi/image/width=76,quality=85/53520/uploads/urunresimleri/buyuk/ac-clear-essence-30ml-46a9-7.jpeg,CİLT BAKIM ÜRÜNLERİ > SERUM > ,FORLLED,
AC Clear Lotion 120ml,Cildin bozulmuş mikro florasını düzenleyen, PH değerlerini normalleştiren, patojen bakterilerin üremesini durduran, koruyucu faydalı bakteri florası oluşmasına yardımcı olan bir losyondur. Hafif peeling ve sebum düzenleyici etki yaratır. Bir yandan da cildin nem seviyesini dengeler.,https://static.ticimax.cloud/cdn-cgi/image/width=76,quality=85/53520/uploads/urunresimleri/buyuk/ac-clear-lotion-120ml-9a458c.jpeg,CİLT BAKIM ÜRÜNLERİ > LOSYON > ,FORLLED,
AC Clear Mattifier 50,Uzun süren matlaştırıcı etkisi ile yüzdeki yağlı ve parlak görünümü düzeltir. Cilt yüzeyini düzgünleştirir, gözenekleri sıkılaştırır, akne sonrası lekeleri dahil tüm kozmetik bozuklukların düzeltilmesine yardımcı olur.,https://static.ticimax.cloud/cdn-cgi/image/width=76,quality=85/53520/uploads/urunresimleri/buyuk/ac-clear-mattifier-50-127-cf.jpeg,CİLT BAKIM ÜRÜNLERİ > KREM > ,FORLLED,
AC Recovery 30 ML,A.C. Recovery, pH Formula cilt yenileme bakımlarıyla uyum içinde çalışması için özel olarak formüle edilmiştir.,https://static.ticimax.cloud/cdn-cgi/image/width=76,quality=85/53520/uploads/urunresimleri/buyuk/ac-recovery-30-ml-0-502a.jpeg,CİLT BAKIM ÜRÜNLERİ > KREM > ,PH FORMULA,
AC Resurfacing Kit (4 Ürün),A.C. Recovery, pH Formula cilt yenileme bakımlarıyla uyum içinde çalışması için özel olarak formüle edilmiştir.,https://static.ticimax.cloud/cdn-cgi/image/width=76,quality=85/53520/uploads/urunresimleri/buyuk/ac-resurfacing-kit-4-urun-c59f1-.jpeg,CİLT BAKIM ÜRÜNLERİ > KIT PROGRAM > ,PH FORMULA,
Acerola Mask 250 ML,İçeriğindeki C vitamini cildin daha sağlıklı görünmesine ve eşitsiz cilt tonunu dengelemeyi sağlar.,https://static.ticimax.cloud/cdn-cgi/image/width=76,quality=85/53520/uploads/urunresimleri/buyuk/acerola-mask-250-ml-8c0966.jpeg,CİLT BAKIM ÜRÜNLERİ > MASKE > ,THERADERM,
ACNE Spot On 20 ML,Akne ve sivilceye eğilimli ciltler için kurutucu solüsyon.,https://static.ticimax.cloud/cdn-cgi/image/width=76,quality=85/53520/uploads/urunresimleri/buyuk/acne-spot-on-20-ml-302a8c.jpeg,CİLT BAKIM ÜRÜNLERİ > KREM > ,PH FORMULA,
ACTISILK ADVANCED CLEANSING FOAM 150 ML,Cildi kendi doğal yağından arındırmadan gün boyu maruz kalınan çevresel etmenlerden ve makyaj ürünlerinden cildi arındırır. Göz makyajı çıkarmak için de uygundur. İçerdiği ipek proteini, mikro-peeling etkisi ile cildi ölü derilerden arındırırken, oluşturduğu ince film tabakası bariyeri sayesinde cildinizin parlamasını ve ipeksi bir yumuşaklık kazanmasını sağlamaya yardımcı olur. Cildi derinlemesine nemlendirir. UV’ye karşı koruyucu özelliği olan bileşenler içermesi sayesinde, cildinizin güneşten korunmasına yardımcı olur.,https://static.ticimax.cloud/cdn-cgi/image/width=76,quality=85/53520/uploads/urunresimleri/buyuk/actisilk-advanced-cleansing-foam-150-m-c14d2e.jpeg,CİLT BAKIM ÜRÜNLERİ > KÖPÜK > ,ACTISILK,TL525,00
ACTISILK DAILY MOISTURISING UV PROTECTOR,Cildi zararlı UV ışınlarına karşı korumaya yardımcı olur.Aşırı parlamayı önler ve taze bir his bırakır. Hyaluronik Asit ve Shea Yağı cildin günlük nemlendirilmesini ve korumayı destekler. ACTISLIK Non-Visible Güneş koruyucu cilde uygulandıktan hemen sonra kısa bir masajla görünmez hale gelip cilde oturur ve korumaya başlar. ACTISILK , aynı zamanda doyurucu bir nemlendirici etkiye sahiptir.,https://static.ticimax.cloud/cdn-cgi/image/width=76,quality=85/53520/uploads/urunresimleri/buyuk/actisilk-daily-moisturising-uv-protect-3-860f.jpeg,CİLT BAKIM ÜRÜNLERİ > GÜNEŞ KORUMA > ,ACTISILK,TL650,00
Active Clay Cleanser 150 ML,Çift-etkiye sahip, minerallerce zengin kil ve kömür içeren bu formül, cildi temizler ve arındırır. Kaolin Kili aşırı yağı emer ve Aktif Binchotan Kömürü cildi dengelemek için birikimleri güçlü bir şekilde ciltten söker. Bitkisel lipitler ve Murumuru Çekirdeği, ciltten yağın fazlasını sökerken doğal lipit bariyerini korumaya ve sağlıklı bir mikrobiyomu desteklemeye yardımcı olur. Bioflavonoid bakımından zengin kompleks, Turunçgil, Aloe ve Brokoli Özü ile gözenekleri arındırmaya yardımcı olurken, cildi pürüzsüzleştirir, arındırır ve canlandırır.,https://static.ticimax.cloud/cdn-cgi/image/width=76,quality=85/53520/uploads/urunresimleri/buyuk/active-clay-cleanser-150-ml-de5b23.jpeg,CİLT BAKIM ÜRÜNLERİ > TEMİZLEME > ,DERMALOGICA,TL1.915,00
Active Formula 20 ML,Hazırlık bakımı ürünü olarak pH formula cilt yenileme uygulamaları öncesinde kullanılmak için özel olarak formül edilmiştir.,https://static.ticimax.cloud/cdn-cgi/image/width=76,quality=85/53520/uploads/urunresimleri/buyuk/active-formula-20-ml-5b-52c.jpeg,CİLT BAKIM ÜRÜNLERİ > KREM > ,PH FORMULA,
Active Moist 100 ML,İnce ve uygulaması kolay bu formül, Prebiyotik Nem Kompleksi ile bitki özlerinin benzersiz bir kombinasyonunu içerir ve cilt dokusunu düzenlemeye ve cilt yüzeyindeki nemsizliği azaltmaya yardımcı olur. Limon, Salatalık ve Dulavrat bitkisel özleri ile cildi arındırmaya yardımcı olur.,https://static.ticimax.cloud/cdn-cgi/image/width=76,quality=85/53520/uploads/urunresimleri/buyuk/active-moist-100-ml--9b72b.jpeg,CİLT BAKIM ÜRÜNLERİ > KREM > ,DERMALOGICA,TL3.980,00
Active Moist 50 ML,İnce ve uygulaması kolay bu formül, Prebiyotik Nem Kompleksi ile bitki özlerinin benzersiz bir kombinasyonunu içerir ve cilt dokusunu düzenlemeye ve cilt yüzeyindeki nemsizliği azaltmaya yardımcı olur. Limon, Salatalık ve Dulavrat bitkisel özleri ile cildi arındırmaya yardımcı olur.,https://static.ticimax.cloud/cdn-cgi/image/width=76,quality=85/53520/uploads/urunresimleri/buyuk/active-moist-50-ml-8ec29c.jpeg,CİLT BAKIM ÜRÜNLERİ > KREM > ,DERMALOGICA,TL2.450,00
Active Peel System KIT,Klinik olarak geliştirilmiş botanik bazlı Active Peel System, cildi yeniden canlandırmak, nemlendirmek, gençleştirmek ve antioksidan koruma sağlamak için tasarlanmış güçlü, hızlı etkili iki aşamalı bir tedavidir.,https://static.ticimax.cloud/cdn-cgi/image/width=76,quality=85/53520/uploads/urunresimleri/buyuk/active-peel-system-kit-9f95da.jpeg,CİLT BAKIM ÜRÜNLERİ > KIT PROGRAM > ,IS CLINICAL,TL3.906,00
ACTIVE REPAIR CREAM 50 ML,30-35 yaş aralığına uygun, cilde ışıltı ve nem verirken aynı zamanda cildi yeniden yapılandırmayı hedefler. Hafif yapılı ferahlık veren dokusu tüm cilt tiplerine uygundur.,https://static.ticimax.cloud/cdn-cgi/image/width=76,quality=85/53520/uploads/urunresimleri/buyuk/active-repair-cream-50-ml-233-b7.jpeg,CİLT BAKIM ÜRÜNLERİ > KREM > ,ESTHEDERM,TL2.409,00
Active Serum 15 ML,En popüler ürünümüz olan bu hızlı etkili, uzun süreli, sonuç odaklı formül, ince çizgilerin ve kırışıklıkların görünümünü azaltır, cilt tonunu gözle görülür şekilde eşitler ve leke eğilimli ciltler için mükemmeldir Doktorlar tarafından "olağanüstü" ve "olağanüstü" olarak lanse edilen Aktif Serum, genellikle birkaç gün içinde sonuç verir Avuç içine 3-4 damla damlatın ve parmak uçlarınızla yüzünüze eşit şekilde yayın Soğuk bir karıncalanma hissi ile kanıtlandığı gibi, uygulama üzerine güçlü aktivite not edilecektir Tüm cilt tipleri ve her yaş için mükemmel olan bu güçlü botanik serum cildi nemli ve pürüzsüz bırakır,https://static.ticimax.cloud/cdn-cgi/image/width=76,quality=85/53520/uploads/urunresimleri/buyuk/active-serum-15-ml-82-b76.jpeg,CİLT BAKIM ÜRÜNLERİ > SERUM > ,IS CLINICAL,TL3.730,00
Active Serum 30 ML,En popüler ürünümüz olan bu hızlı etkili, uzun süreli, sonuç odaklı formül, ince çizgilerin ve kırışıklıkların görünümünü azaltır, cilt tonunu gözle görülür şekilde eşitler ve leke eğilimli ciltler için mükemmeldir Doktorlar tarafından "olağanüstü" ve "olağanüstü" olarak lanse edilen Aktif Serum, genellikle birkaç gün içinde sonuç verir Avuç içine 3-4 damla damlatın ve parmak uçlarınızla yüzünüze eşit şekilde yayın Soğuk bir karıncalanma hissi ile kanıtlandığı gibi, uygulama üzerine güçlü aktivite not edilecektir Tüm cilt tipleri ve her yaş için mükemmel olan bu güçlü botanik serum cildi nemli ve pürüzsüz bırakır,https://static.ticimax.cloud/cdn-cgi/image/width=76,quality=85/53520/uploads/urunresimleri/buyuk/active-serum-30-ml-27bb-e.jpeg,CİLT BAKIM ÜRÜNLERİ > SERUM > ,IS CLINICAL,TL6.019,00
Advanced Brightening UV SPF50 40 ML,Advanced Brightening UV Defense SPF 50, hem cilde geniş spektrumlu güneş koruması sağlarken hem de traneksamik asit, niasinamid ve mika içeren formülü ile tüm cilt tipleri için uygun, cilt tonu eşitsizliği görünümünü azaltmaya ve cilde ışıltılı bir görünüm vermeye yardımcı olur.,https://static.ticimax.cloud/cdn-cgi/image/width=76,quality=85/53520/uploads/urunresimleri/buyuk/advanced-brightening-uv-spf50-40-ml-973470.jpeg,CİLT BAKIM ÜRÜNLERİ > GÜNEŞ KORUMA > ,SKINCEUTICALS,TL2.600,00
After SUN Face - 100 ml,Güneşte kaldıktan sonra cilt yenilenmesi için After Sun Gel ile hoş bir serinlik.,https://static.ticimax.cloud/cdn-cgi/image/width=76,quality=85/53520/uploads/urunresimleri/buyuk/after-sun-face-100-ml-c04-de.jpeg,CİLT BAKIM ÜRÜNLERİ > GÜNEŞ KORUMA > ,MBR,TL6.219,00
AGE Bright Clearing Serum 30 ML,Marka,https://static.ticimax.cloud/cdn-cgi/image/width=76,quality=85/53520/uploads/urunresimleri/buyuk/age-bright-clearing-serum-30-ml-4cd5-8.jpg,CİLT BAKIM ÜRÜNLERİ > SERUM > ,DERMALOGICA,TL3.260,00
Age Defying Dermabrasion 50ML,Faydaları: Hassas ve akneli cilt hariç tüm cilt tipleri Darphin Enstitü'sünden ilham alınarak ortaya çıkan Age-Defying Dermabrasion, içeriğinde doğal eksfoliasyonlar (inci tozu, lav tozu, silica pudrası) bulundurur. Gözenek, ince çizgi, kırışıklık, yaş bağlantılı leke görünümünü azaltmaya ve cilt tonunu eşitlemeye yardımcı olur. Kullanımı: Haftada 1-3 kere, göz çevresi hariç kuru cilde ince bir tabaka halinde uygulanır. Ilık su ve dairesel hareketlerle masaj yaparak ciltten temizlenir. Botanik İçerikler: İnci Tozu, Lav Tozu, Silica Pudrası,https://static.ticimax.cloud/cdn-cgi/image/width=76,quality=85/53520/uploads/urunresimleri/buyuk/age-defying-dermabrasion-50ml-29-40c.jpeg,CİLT BAKIM ÜRÜNLERİ > PEELING > ,DARPHIN,TL2.999,00
Age Interrupter Advanced 48 ML,Olgun ciltlerde ilerleyen yaşa bağlı olarak oluşabilen ince çizgi ve kırışıklık gibi yaşlılık belirtilerinin görünümünü azaltmayı sağlayan bakım kremi.,https://static.ticimax.cloud/cdn-cgi/image/width=76,quality=85/53520/uploads/urunresimleri/buyuk/age-interrupter-advanced-48-ml-a38833.jpeg,CİLT BAKIM ÜRÜNLERİ > KREM > ,SKINCEUTICALS,TL9.200,00
AGE PROTEOM ADVANCED SERUM 30ML,Yaşlanma belirtilerini yavaşlatatır. Cildin kendini onarmasına yardımcı olur. Kırışıklık karşıtı, ışıltı, renk tonu eşitliği, sıkılık ve dolgunlaştırıcı etki sağlar.,https://static.ticimax.cloud/cdn-cgi/image/width=76,quality=85/53520/uploads/urunresimleri/buyuk/age-proteom-advanced-serum-30ml-4424-8.jpeg,CİLT BAKIM ÜRÜNLERİ > SERUM > ,ESTHEDERM,TL3.849,00
AGE Recovery 30 ML,Cilt yenilemeyle gelen sonuçları geliştirmek ve korumak için bakım süresi boyunca ve yanı sıra bakım sonrasındaki dönemde kullanın. pHformula cilt uzmanının tavsiyesine göre günde bir ya da iki kez kullanılabilir. Daima gündüz ya da gece kremi altına uygulayın. Cilt uzmanınız aksini belirtmedikçe bakım programı esnasında kullanımı yarıda kesmeyi,https://static.ticimax.cloud/cdn-cgi/image/width=76,quality=85/53520/uploads/urunresimleri/buyuk/age-recovery-30-ml-e-6911.jpeg,CİLT BAKIM ÜRÜNLERİ > KREM > ,PH FORMULA,
Age Resurfacing Kit (4 Ürün),Yaşlanma karşıtı bu kit,,https://static.ticimax.cloud/cdn-cgi/image/width=76,quality=85/53520/uploads/urunresimleri/buyuk/age-resurfacing-kit-4-urun-ce7764.jpeg,CİLT BAKIM ÜRÜNLERİ > KIT PROGRAM > ,PH FORMULA,
Age Serum 36 ML,Cildi neme doyuran bu yaşlanma karşıtı serum cildin doğal mikroflorasını besleyen ve yenileyen ve yaşlanma belirtilerini gözle görülür şekilde azaltan biyoteknolojik yöntemlerle elde edilmiş aktif doğal bileşenlerle doludur. İçeriğindeki 4D hyalüronik asit kompleksiyle cildin nem rezervlerinin yenilenmesine yardımcı olur. Yaşlanmaya karşı mücadelede lokomotif rolü oynayan formülündeki tripeptit ve tetrapeptitler cilt metabolizmasının gençlik karakteristiklerini korumasını sağlar.,https://static.ticimax.cloud/cdn-cgi/image/width=76,quality=85/53520/uploads/urunresimleri/buyuk/age-serum-36-ml-7d-0a8.jpeg,CİLT BAKIM ÜRÜNLERİ > SERUM > ,PH FORMULA,
Aggressive Anti-Aging Program Kit,Aggressive Anti-Aging Program enzimleri, fonksiyonel bir nemlendirici ve antioksidanlar ile birlikte güçlü formüllere sahiptir. Ayrıca, çevresel ve kronik cilt yaşlanmasının etkilerini önlemede kanıtlanmış topikal bir bileşen olan retinol de yüksek konsantrasyonda kullanılır.,https://static.ticimax.cloud/cdn-cgi/image/width=76,quality=85/53520/uploads/urunresimleri/buyuk/agressive-anti-aging-program-kit-3e044-.jpeg,CİLT BAKIM ÜRÜNLERİ > KIT PROGRAM > ,ZO SKIN HEALTH,TL13.800,00
AHA/BHA Exfoliating Cleanser 200ML,İçerdiği Laktik Asit, Glikolik Asit ve Salisilik Asit ile tahrişe neden olmadan cildi ölü hücrelerden arındırır.,https://static.ticimax.cloud/cdn-cgi/image/width=76,quality=85/53520/uploads/urunresimleri/buyuk/ahabha-exfoliating-cleanser-200ml-e00-a0.jpeg,CİLT BAKIM ÜRÜNLERİ > PEELING > ,MURAD,TL3.780,00
ALCOHOL FREE CALMING LOTION 200 ML,En hassas ciltler için bile ideal olan alkolsüz yatıştırıcı tonik, cildin canlanmasına ve sakinleşmesine destek olur.,https://static.ticimax.cloud/cdn-cgi/image/width=76,quality=85/53520/uploads/urunresimleri/buyuk/alcohol-free-calming-lotion-200-ml-2845ec.jpeg,CİLT BAKIM ÜRÜNLERİ > TONİK > ,ESTHEDERM,TL959,00
All For Sensivite Serum 30 ML,AFS Hassas Ciltler İçin Serum, hassasiyeti geriletmeye, yapılandırmaya ve onarmaya yardımcı olur. Yoğun içeriği ile cilt bariyerini güçlendirmeye ve oluşan hassasiyetlerin gerilemesine destek verir ayrıca içeriğinde fermente balkabağı özütü bulunur.,https://static.ticimax.cloud/cdn-cgi/image/width=76,quality=85/53520/uploads/urunresimleri/buyuk/afs-all-for-sensitive-serum-0-44c6.jpeg,CİLT BAKIM ÜRÜNLERİ > SERUM > ,GENOSYS,
Aloe Sun Cream SPF30 50 ML,Güneş ışınları kemik sağlığımız ve bağışıklık sistemimiz için gerekli D vitamini kaynağı olsa da aynı zamanda cilde zarar veren ultraviyole ışınları içerir. Canlılığın yaşam kaynağı olan bu ışınlar maalesef cildimize karşı o kadar da nazik davranmaz. Direkt maruz kalınan güneş ışınları, derinin alt tabakasına etki ederek yaşlanma etkilerini artırır ve uzun vadede olumsuz durumlara sebep olabilir. Bundan dolayı güneşe maruz kalan deri bölgelerimize zararlı ışınları engelleyip, yararı maksimize edecek bariyerler kurup, cildimize yaşam kaynağımızın hasar vermeden fayda vermesini güneş kremi ile sağlayabiliriz.,https://static.ticimax.cloud/cdn-cgi/image/width=76,quality=85/53520/uploads/urunresimleri/buyuk/aloe-sun-cream-spf30-50-ml-18a8df.jpeg,CİLT BAKIM ÜRÜNLERİ > GÜNEŞ KORUMA > ,NATURE MIND,
Alpha - Trophox112 Serum - 50 ml,MSB ® Cosmeseuticals tarafından geliştirilen ALPHA AC3 Onarım Kompleksi ile formüle edilmiş, hücre yenilenmesini destekleyen ve kırışıklık derinliğini azaltan aktif bileşenler içeren yüksek konsantrasyonlu yaşlanma karşıtı serum .,https://static.ticimax.cloud/cdn-cgi/image/width=76,quality=85/53520/uploads/urunresimleri/buyuk/alpha-trophox112-serum-50-ml-new-9dddf8.jpeg,CİLT BAKIM ÜRÜNLERİ > SERUM > ,MSB,TL18.055,00
ALPHA BRIGHT SERUM 20 ML,Çevresel (güneş ışınları, kullanılan ilaçlar, kirlilik) ve hormonal değişikliklerin (hamilelik, yaşlanma) neden olduğu kahverengi lekeleri azaltmaya yardımcı olur. Güneş lekelerinde, yaşlılık lekelerinde, melasmada ve akne pigmentasyonunda etkilidir.,https://static.ticimax.cloud/cdn-cgi/image/width=76,quality=85/53520/uploads/urunresimleri/buyuk/alpha-bright-serum-20-ml-3a8-f7.jpeg,CİLT BAKIM ÜRÜNLERİ > SERUM > ,ALPHASCIENCE,TL2.100,00
ALPHA BRIGHT SERUM 8 ML,Çevresel (güneş ışınları, kullanılan ilaçlar, kirlilik) ve hormonal değişikliklerin (hamilelik, yaşlanma) neden olduğu kahverengi lekeleri azaltmaya yardımcı olur. Güneş lekelerinde, yaşlılık lekelerinde, melasmada ve akne pigmentasyonunda etkilidir.,https://static.ticimax.cloud/cdn-cgi/image/width=76,quality=85/53520/uploads/urunresimleri/buyuk/alpha-bright-serum-8-ml--69d1-.jpeg,CİLT BAKIM ÜRÜNLERİ > SERUM > ,ALPHASCIENCE,TL650,00
Alpha Thropox 112® Liquid Mask 6 blister und - 1x30 ml,Modern sıvı yapıda olan yenilikçi maske anında iyi hissetmeyi sağlar ve doğal bir yüz gerdirme gibi etki eder. Cildi en uygun biçimde nemle besler. ® Syn - Ake ile mimiklerden kaynaklanan çizgi ve kırışıklıkları azaltır. Hücre dokusunu güçlendirir ve sıkılaştırır. Anında pürüzsüzleştirici, gerginleştirici etkiye sahiptir. Cilt sakinleşmiş, rahatlamış ve taze bir görünüm kazanır,https://static.ticimax.cloud/cdn-cgi/image/width=76,quality=85/53520/uploads/urunresimleri/buyuk/alpha-thropox-112-liquid-mask-6-bliste-6-4948.jpeg,CİLT BAKIM ÜRÜNLERİ > MASKE > ,MSB,TL8.299,00
Alpha- Trophox Serum - 50 ml,Kırışıkları önleyici, mevcut ve daha derin kırışıkları, özellikle alın, göz bölgesi ve dudak kısmındaki dikey çizgileri hafifletici özel ürün. ® Syn - Ake ile kas hareketini sınırlayan etkin madde, uygulamadan kısa süre sonra dahi, çizgi ve kırışıklıklardaki derinliğin azalması. ® Syn Hycon ile (2 kat etki) cildin kendi Hyalüron sentezini yeniler, cilt kolajenleri ve dermisin hücrelerini korur & yapılandırır. ® HyaCare ile (Hidrolize Hyalüron) kısa ve uzun süreli nem beslemesini güçlendirir. Hydrolite-5 ile nemi yoğun bir şekilde bağlayan özelliğe sahip glikol. Botoxsa alternatif bir serumdur.,https://static.ticimax.cloud/cdn-cgi/image/width=76,quality=85/53520/uploads/urunresimleri/buyuk/alpha-trophox112-serum-50-ml-3-4841.jpg,CİLT BAKIM ÜRÜNLERİ > SERUM > ,MSB,TL12.953,00
Alpha- Trophox112 Serum - 30 ml,Kırışıkları önleyici, mevcut ve daha derin kırışıkları, özellikle alın, göz bölgesi ve dudak kısmındaki dikey çizgileri hafifletici özel ürün. ® Syn - Ake ile kas hareketini sınırlayan etkin madde, uygulamadan kısa süre sonra dahi, çizgi ve kırışıklıklardaki derinliğin azalması. ® Syn Hycon ile (2 kat etki) cildin kendi Hyalüron sentezini yeniler, cilt kolajenleri ve dermisin hücrelerini korur & yapılandırır. ® HyaCare ile (Hidrolize Hyalüron) kısa ve uzun süreli nem beslemesini güçlendirir. Hydrolite-5 ile nemi yoğun bir şekilde bağlayan özelliğe sahip glikol. Botoxsa alternatif bir serumdur.,https://static.ticimax.cloud/cdn-cgi/image/width=76,quality=85/53520/uploads/urunresimleri/buyuk/alpha-trophox112-serum-30-ml-ef-e18.jpeg,CİLT BAKIM ÜRÜNLERİ > SERUM > ,MSB,TL8.735,00
Alpha-Trophox112 Concentrate - 30 ml,MSB ® Cosmeceuticals tarafından geliştirilen ALPHA AC3 Onarım Kompleksini temel alan, benzersiz bir kaldırma ve güçlendirme etkisi sağlayan aktif bileşenler içeren, yüksek konsantrasyonlu yaşlanma karşıtı bakım .,https://static.ticimax.cloud/cdn-cgi/image/width=76,quality=85/53520/uploads/urunresimleri/buyuk/alpha-trophox112-concentrate-30-ml-553225.jpeg,CİLT BAKIM ÜRÜNLERİ > SERUM > ,MSB,TL10.060,00
Alpha-Trophox112 Face Cream - 50 ml,MSB ® Cosmeseuticals tarafından geliştirilen ALPHA AC3 Onarım Kompleksi sayesinde ipeksi yumuşaklıkta ve sıkı bir cilt için yüksek konsantreli yaşlanma karşıtı yüz kremi .,https://static.ticimax.cloud/cdn-cgi/image/width=76,quality=85/53520/uploads/urunresimleri/buyuk/alpha-trophox112-face-cream-50-ml-b48-f8.jpeg,CİLT BAKIM ÜRÜNLERİ > KREM > ,MSB,TL15.037,00
Alpha-Trophox112 Liquid Mask Face -6x1 Stück 20 ml,MSB ® Cosmeceuticals tarafından geliştirilen ALPHA AC3 Onarım Kompleksi bazlı, anında kusursuz ve canlı bir cilt için yüksek konsantrasyonlu yaşlanma karşıtı yüz maskesi.,https://static.ticimax.cloud/cdn-cgi/image/width=76,quality=85/53520/uploads/urunresimleri/buyuk/alpha-trophox112-liquid-mask-face-6x1--9-f29f.jpeg,CİLT BAKIM ÜRÜNLERİ > MASKE > ,MSB,TL7.017,00
AMNIOTIQUE 30 ml,Hidro-sabitleyici aktif bileşenleri, hücrelerin suyu yakalamasına ve dış epidermal katmanlara kilitlemesine yardımcı olarak, uzun süreli hidrasyonun rahatlaması için kuru cildin rahatsızlığını ortadan kaldırır.,https://static.ticimax.cloud/cdn-cgi/image/width=76,quality=85/53520/uploads/urunresimleri/buyuk/amniotique-30-ml-7a-e77.jpeg,CİLT BAKIM ÜRÜNLERİ > SERUM > ,BIOLOGIQUE R.,
Anti-Aging Program Kit,Son derece gelişmiş yaşlanma karşıtı bileşenler ve teknolojiler içeren bu kısmen yoğun program, çevresel ve kronik yaşlanmanın belirtilerini önlemeye yardımcı olur.,https://static.ticimax.cloud/cdn-cgi/image/width=76,quality=85/53520/uploads/urunresimleri/buyuk/anti-aging-program-kit-d1a410.jpeg,CİLT BAKIM ÜRÜNLERİ > KIT PROGRAM > ,ZO SKIN HEALTH,TL11.500,00
Anti-Black Head Deep Clearing Emulsion 30 ML,Tıkanıklıkları açar ve kirleri temizler, ölü hücreleri giderir ve cildi arındırır.,https://static.ticimax.cloud/cdn-cgi/image/width=76,quality=85/53520/uploads/urunresimleri/buyuk/anti-black-head-deep-clearing-emulsion-5-899a.jpeg,CİLT BAKIM ÜRÜNLERİ > TEMİZLEME > ,BELLEFONTAINE S.,
Anti-Oxidant Vit. C Drops (50 Drops),Güçlü antioksidan özelliklere sahip C Vitamini ile konsantre edilen bu bakım, cilt yaşlanmasına karşı etkili bir şekilde savaşır ve kollajen üretimini uyarır. Yoğun yumuşatma etkisi, ince çizgileri ve kırışıklıkları gözle görülür ve anında azaltır, cildi inanılmaz derecede yumuşak, ipeksi ve aydınlık bırakır.,https://static.ticimax.cloud/cdn-cgi/image/width=76,quality=85/53520/uploads/urunresimleri/buyuk/anti-oxidant-vit.-c-drops-50-drops-2-8005.jpeg,CİLT BAKIM ÜRÜNLERİ > SERUM > ,BELLEFONTAINE S.,
Anti-Wrinkle & Firm Day Fluid Mineral SPF30 50 ML,İçeriğindeki Nordic Berry Pre-Retinol ve patentli Nordic Lingonberry Özü sayesinde kırışıklıkların oluşumunu önlemeye ve cildin daha sıkı görünmesine yardımcı olurken, Çinko Oksit sayesinde UVA ve UVB güneş ışınlarına karşı doğal mineral koruma sağlar. Kalıntı bırakmadan kolayca uygulanan %93 doğal formülü tüm cilt tiplerine uygundur.,https://static.ticimax.cloud/cdn-cgi/image/width=76,quality=85/53520/uploads/urunresimleri/buyuk/anti-wrinkle-firm-day-fluid-mineral-sp-2ebbd1.jpeg,CİLT BAKIM ÜRÜNLERİ > GÜNEŞ KORUMA > ,LUMENE,TL1.360,00
Anti-Wrinkle & Firm Day Moisturizer 50 ML,Klinik çalışmalarla desteklenen, Pre-Retinol Complex içeren formülü ile cildi daha sıkı, daha genç ve daha pürüzsüz bir görünüme kavuşturmaya, kırışıklıkların görünümünü azaltmaya yardımcı olur. Hızlı emilen %97 doğal formülü ile tüm cilt tiplerinin kullanımına uygundur.,https://static.ticimax.cloud/cdn-cgi/image/width=76,quality=85/53520/uploads/urunresimleri/buyuk/anti-wrinkle-firm-day-moisturizer-50-m-1-b13e.jpeg,CİLT BAKIM ÜRÜNLERİ > KREM > ,LUMENE,TL1.360,00
Anti-Wrinkle & Firm Moisturizing V-Shape Serum 30 ML,Anında yüz ovalinin görünümünün güzelleşmesini destekler. Klinik çalışmalarla desteklenen, Pre-Retinol Complex içeren %98 doğal formülü ile cildi daha sıkı, daha genç ve daha pürüzsüz bir görünüme kavuşturmaya, kırışıklıkların görünümünü azaltmaya yardımcı olur. Cilde ışıltı katan hafif formülü, tüm cilt tiplerine uygundur.,https://static.ticimax.cloud/cdn-cgi/image/width=76,quality=85/53520/uploads/urunresimleri/buyuk/anti-wrinkle-firm-moisturizing-v-shape-1016-8.jpeg,CİLT BAKIM ÜRÜNLERİ > SERUM > ,LUMENE,TL1.515,00
Anti-Wrinkle & Firm Night Moisturizer 50 ML,Klinik çalışmalarla desteklenen, Pre-Retinol Complex içeren %98 doğal formülü ile cildi daha sıkı, daha genç ve daha pürüzsüz bir görünüme kavuşturmaya, kırışıklıkların görünümünü azaltmaya yardımcı olur. Güne dinlenmiş, yenilenmiş bir görünüm ile başlamak için gece boyunca cildi yenilemeyi destekler.,https://static.ticimax.cloud/cdn-cgi/image/width=76,quality=85/53520/uploads/urunresimleri/buyuk/anti-wrinkle-firm-night-moisturizer-50-f7e-49.jpeg,CİLT BAKIM ÜRÜNLERİ > KREM > ,LUMENE,TL1.360,00
Antioxidant Hydramist 150 ML,Ferahlatıcı antioksidan tonik cildi nemlendirir ve sıkılaştırmaya yardımcı olur. Püskürtülerek kolay kullanıma sahip formül cilt yüzeyinde antioksidan bir kalkan oluşturarak cildin koruyucu bariyerini güçlendirir, serbest radikal hasarlara ve ciltte protein/ şeker reaksiyonu son ürünü olan İleri Glikasyon Son Ürünleri (AGE'ler) ile oluşan zamansız yaşlanma izlerine karşı cildi korumaya yardımcı olur. Bezelye Özü cildi sıkılaştırmaya yardımcı olurken Gül ve Karanfil Özleri cildi rahatlatıp ferahlatır. Cildi temizledikten sonra ve gün boyu kullanımın için idealdir.,https://static.ticimax.cloud/cdn-cgi/image/width=76,quality=85/53520/uploads/urunresimleri/buyuk/antioxidant-hydramist-150-ml-4f-4b1.jpeg,CİLT BAKIM ÜRÜNLERİ > TONİK > ,DERMALOGICA,TL2.520,00
Antioxidant Hydramist 30 ML,Ferahlatıcı antioksidan tonik cildi nemlendirir ve sıkılaştırmaya yardımcı olur. Püskürtülerek kolay kullanıma sahip formül cilt yüzeyinde antioksidan bir kalkan oluşturarak cildin koruyucu bariyerini güçlendirir, serbest radikal hasarlara ve ciltte protein/ şeker reaksiyonu son ürünü olan İleri Glikasyon Son Ürünleri (AGE'ler) ile oluşan zamansız yaşlanma izlerine karşı cildi korumaya yardımcı olur. Bezelye Özü cildi sıkılaştırmaya yardımcı olurken Gül ve Karanfil Özleri cildi rahatlatıp ferahlatır. Cildi temizledikten sonra ve gün boyu kullanımın için idealdir.,https://static.ticimax.cloud/cdn-cgi/image/width=76,quality=85/53520/uploads/urunresimleri/buyuk/antioxidant-hydramist-30-ml-b726c3.jpeg,CİLT BAKIM ÜRÜNLERİ > SPREY > ,DERMALOGICA,TL710,00
Antioxidant Lip Repair 10 ML,Yumuşatıcı dudak balmı, dudak yüzeyini yumuşatıp iyileştirirken çevresel hasarın iyileştirilmesine yardımcı olur. Bu güçlü tedavi, dudak yüzeyini yumuşatıp yeniden nemlendirirken çevresel hasar belirtileriyle savaşmaya yardımcı olur.,https://static.ticimax.cloud/cdn-cgi/image/width=76,quality=85/53520/uploads/urunresimleri/buyuk/antioxidant-lip-repair10-ml-e7527a.jpg,CİLT BAKIM ÜRÜNLERİ > ,SKINCEUTICALS,TL1.800,00
AQUA FALLS 150 ML,Tüm cilt tiplerinden makyajı hızlıca temizler. Hafif makyajı saniyeler içinde emen, ustalıkla oluşturulmuş bir su. Cilt temiz ve rahattır.Tek bir mendil ile hafif makyajı gideren zenginleştirilmiş suyun verimliliği. İdeal olarak dengeli formülü, artık yağlı film tabakası olmadan cildi memnun eder. Seyahat, spor salonu veya hafta sonları geziler için idealdir. En hassas cilt tipleri dahil tüm cilt tiplerine özen gösterir.,https://static.ticimax.cloud/cdn-cgi/image/width=76,quality=85/53520/uploads/urunresimleri/buyuk/aqua-falls-150-ml-bcd49-.jpeg,CİLT BAKIM ÜRÜNLERİ > TEMİZLEME > ,VALMONT,TL3.050,00
Arctic Aqua Foaming Cleanser 150 ML,Yumuşak, pH dostu, hassas köpük formülü ile makyajı ve cildi kurutmadan derinlemesine temizlemeye yardımcı olur. %83 doğal içeriğindeki Organik Huş Ağacı Özü ve Kuzey Kutup Bölgesi’nin Doğal Kaynak Suyu ile ciltte ferah, tazelenmiş bir his bırakır.,https://static.ticimax.cloud/cdn-cgi/image/width=76,quality=85/53520/uploads/urunresimleri/buyuk/arctic-aqua-foaming-cleanser-150-ml-d72-de.jpeg,CİLT BAKIM ÜRÜNLERİ > TEMİZLEME > ,LUMENE,TL590,00
Arctic Berry Oil-Cocktail 30 ML,Vitamin C, B3, B5, E ve Provitamin A ile güçlendirilmiş formülü, cildi aydınlatmaya, pürüzsüzleştirmeye yardımcı olurken aynı zamanda ciltteki renk eşitsizliklerini dengelemeyi ve güzelliğini korumayı destekler. Cilde nem ve enerji vermeye yardımcı olan çift fazlı %88 doğal formül, normal ve kuruya dönük ciltler için özel olarak tasarlanmıştır.,https://static.ticimax.cloud/cdn-cgi/image/width=76,quality=85/53520/uploads/urunresimleri/buyuk/arctic-berry-oil-cocktail-30-ml-94e564.jpeg,CİLT BAKIM ÜRÜNLERİ > SERUM > ,LUMENE,TL1.290,00
Arctic Dew Quenching Aqua Serum 30 ML,İnce çizgilerin ve kırışıklıkların görünümünü yumuşatarak genç, dolgun ve taze görünen bir cilt yaratmayı destekler. Hyaluronik Asit, Organik Huş Ağacı Özü, nem tutucu Kuzey Algleri ve Kuzey Kutbu’nun Doğal Kaynak Suyu'ndan gelen çiy içeren %89 doğal formülü ile cildi yoğun bir şekilde nemlendirmeye ve nemi cildin derinlerine hapsetmeye yardımcı olur. Cildi suya doyurmayı hedefleyen konsantre formül; tüm cilt tipleri için uygundur.,https://static.ticimax.cloud/cdn-cgi/image/width=76,quality=85/53520/uploads/urunresimleri/buyuk/arctic-dew-quenching-aqua-serum-30-ml--a871-.jpeg,CİLT BAKIM ÜRÜNLERİ > SERUM > ,LUMENE,TL1.115,00
Aromatic Cleansing Balm with Rosewood 40ML,Faydaları:,https://static.ticimax.cloud/cdn-cgi/image/width=76,quality=85/53520/uploads/urunresimleri/buyuk/aromatic-cleansing-balm-with-rosewood--f-6fab.jpeg,CİLT BAKIM ÜRÜNLERİ > TEMİZLEME > ,DARPHIN,TL1.499,00
Avocado Night Cream 50 ML,Uyku, canlılara bahşedilmiş muhteşem bir yenilenme zamanıdır. Canlılar uyuduğunda vücutlarında temizlik ve arınma başlar. Gün boyunca vücudumuzda biriken yabancı maddeler özenle temizlenir, ölü deriler yok edilir ve yerine yeni, canlı deri gelir. Bu mühim zaman öncesinde kırılgan ve hassas ciltlerin eksikliklerini tamamlayıp arınmayı destekleyecek doğal içeriklerin kırılgan ciltlerin sağlığında elzem bir rolü vardır.,https://static.ticimax.cloud/cdn-cgi/image/width=76,quality=85/53520/uploads/urunresimleri/buyuk/avocado-night-cream-50-ml-9-ff51.jpeg,CİLT BAKIM ÜRÜNLERİ > KREM > ,NATURE MIND,
AYRILMAZ İKİLİ EVDE ENSTİTÜ BAKIMI KOFRE,Evde Enstitü Bakımı'nın Ayrılmaz İkilisi Gentle Deep Pore Cleanser 75 ml ve Lightening Buffing Mask 75 ml'den oluşan özel fiyatlı, havlu eldiven hediyeli kofre,https://static.ticimax.cloud/cdn-cgi/image/width=76,quality=85/53520/uploads/urunresimleri/buyuk/ayrilmaz-ikili-evde-enstitu-bakimi-kof-4-68d6.jpeg,CİLT BAKIM ÜRÜNLERİ > SET > ,ESTHEDERM,TL1.649,00
Azulene Care Serum 30 ML,Cildi korumak, nemlendirmek ve güzel bir görünüm kazanmasına yardımcı olmak amacıyla kullanılabilir.,https://static.ticimax.cloud/cdn-cgi/image/width=76,quality=85/53520/uploads/urunresimleri/buyuk/azulene-care-serum-30-ml-8fc-a3.jpeg,CİLT BAKIM ÜRÜNLERİ > SERUM > ,THERADERM,
Æ Pink Magic Lifting Cream 250 ML,Güçlü lifting etkili krem. Bitkisel kaynaklı hafif dokusu olan krem, gelişmiş biyoteknoloji sayesinde, cildin nemlendirilmesine destek olurken aynı zamanda cildin daha canlı görünmesini destekler.,https://static.ticimax.cloud/cdn-cgi/image/width=76,quality=85/53520/uploads/urunresimleri/buyuk/-pink-magic-lifting-cream-250-ml-97-453.jpeg,CİLT BAKIM ÜRÜNLERİ > KREM > ,THERADERM,
ÆStrong Lifting Cream Mask 250 ML,Kimyasal peeling bileşeni olan TCA ile benzer şekilde çalışan çok etkili bir peeling özelliğine sahiptir. Organik Acetic Acid, hayati besinler ve cilde peeling sağlayan maddeler, amino asitler ve mineraller içerir.,https://static.ticimax.cloud/cdn-cgi/image/width=76,quality=85/53520/uploads/urunresimleri/buyuk/-strong-lifting-cream-mask-250-ml--41b1-.jpeg,CİLT BAKIM ÜRÜNLERİ > MASKE > ,THERADERM,
Balancing Clay-To-Foam Cleanser 125 ML,Yağlı, karma ve akneye eğilimli ciltlere özel formüle edilmiş tamamen vegan temizleyici yüz makyajının ve ciltteki fazla yağın etkili bir şekilde temizlenmesine destek olur. Bu derinlemesine arındırıcı %98 doğal formül cildi kurutmadan gözeneklerin arınmasına ve lekelerin önlenmesine yardımcı olur.,https://static.ticimax.cloud/cdn-cgi/image/width=76,quality=85/53520/uploads/urunresimleri/buyuk/balancing-clay-to-foam-cleanser-125-ml-29-a6b.jpeg,CİLT BAKIM ÜRÜNLERİ > TEMİZLEME > ,LUMENE,TL870,00
Balancing Cleansing Emulsion 200 ML,Balancing Cleansing Emulsion, cildi yatıştıran, esnek ve güçlü bırakan, koruyucu cilt bariyerini destekleyen, klinik olarak kanıtlanmış, yumuşatıcı bir jelden süte temizleyicidir. Koku, boya ve sülfat içermez.,https://static.ticimax.cloud/cdn-cgi/image/width=76,quality=85/53520/uploads/urunresimleri/buyuk/balancing-cleansing-emulsion-200-ml-2b24aa.jpeg,CİLT BAKIM ÜRÜNLERİ > TEMİZLEME > ,ZO SKIN HEALTH,TL2.800,00
Balancing Daily Serum 30 ML,https://static.ticimax.cloud/cdn-cgi/image/width=76,quality=85/53520/uploads/urunresimleri/buyuk/balancing-daily-serum-30-ml-df24-4.jpeg,CİLT BAKIM ÜRÜNLERİ > SERUM > ,TL1.160,00
Balancing Light Moisturizer 50 ML,Yağlı, karma ve akneye eğilimli ciltlere özel formüle edilmiş tamamen vegan %96 doğal formülü ile ağır bir his bırakmadan cildin optimum şekilde nemlenmesine, düzenli kullanımla gözeneklerin sıkılaşmasına ve kızarıklık görünümünün düzenlenmesine yardımcı olur. Ciltteki parlamanın kontrol altına alınmasını destekler.,https://static.ticimax.cloud/cdn-cgi/image/width=76,quality=85/53520/uploads/urunresimleri/buyuk/balancing-light-moisturizer-50-ml--5fffd.jpeg,CİLT BAKIM ÜRÜNLERİ > KREM > ,LUMENE,TL965,00
Balancing Sedative Gel med - 30 ml,Hızlıca normalleştiren, dengeleyici ve yatıştırıcı fonksiyon preparatı.Özellikle meyve asidi uygulaması sonrası cildin pH değerini nötrleştirir. Özelliği: Balancing Sedative Gel Med İçeriğindeki Pentavitin ile yatıştırıcı ve dengeleyici etki gösterir. Gliserin- cildi yumuşak ve kadifemsi yapar. Sodyum bikarbonat ile asit fazlalıklarını nötrleştirir. Etken maddenin emilimini arttırır. Yeni hücre oluşumunu harekete geçirir. Çizgi ve kırışıklıkları azaltır.,https://static.ticimax.cloud/cdn-cgi/image/width=76,quality=85/53520/uploads/urunresimleri/buyuk/balancing-sedative-gel-med-30-ml-4f44-4.jpeg,CİLT BAKIM ÜRÜNLERİ > JEL > ,MSB,TL2.931,00
Barrier Repair 30 ML,Kadifemsi yapılı nemlendirici, bariyeri zarar görmüş hassas cildi güçlendirir. Bu susuz formüllü nemlendiriciyi tonikten sonra cilt stresinin tetikleyicilerine karşı cildi korumak için kullanın. Bize özel UltraCalmingTM Complex'in içerdiği Yulaf ve bitkisel aktifler ciltteki rahatsızlık hissini azaltmaya yardımcı olur. ÇuhaÇiçeği Yağı, Hodan Tohum Yağı ve Vitamin C ve E, cilt bariyerini güçlendirmeye ve serbest radikallere karşı cildi korumaya yardımcı olur.,https://static.ticimax.cloud/cdn-cgi/image/width=76,quality=85/53520/uploads/urunresimleri/buyuk/barrier-repair-30-ml-9c22-4.jpeg,CİLT BAKIM ÜRÜNLERİ > KREM > ,DERMALOGICA,TL2.700,00
Basic Lip-ID - 7,5 ml,Mükemmel bakımlı dudaklar için vazgeçilmez Dudak Balsamı.,https://static.ticimax.cloud/cdn-cgi/image/width=76,quality=85/53520/uploads/urunresimleri/buyuk/basic-lip-id-75-ml-37-3c4.jpeg,CİLT BAKIM ÜRÜNLERİ > DUDAK BAKIMI > ,MBR,TL2.413,00
BB White Moistrue SPF 50+ 40 GR,Güneş ışınlarına karşı maksimum koruma sağlarken içerdiği maddeler sayesinde renk açıcı ve onarıcı etkisi görülür. 50 SPF değeri ile maksimum koruma sağlar. Korumanın yanı sıra renk açıcı ve onarıcı içeriklerle de cildi güçlendirir.,https://static.ticimax.cloud/cdn-cgi/image/width=76,quality=85/53520/uploads/urunresimleri/buyuk/bb-white-moistrue-spf-50-40-gr--4e3a-.jpeg,CİLT BAKIM ÜRÜNLERİ > GÜNEŞ KORUMA > ,THERADERM,
Beauty - Hyaluron HY+ Perf. Serum 30 ML,Yoğun nem ihtiyacı olan tüm ciltler için nem serumudur. İçeriğinde yüksek moleküler Hyalüronik Asit, Glucoside ve Vitamin E içerir. Cildin hyalüronik asit sentezini destekler ve cildin nem tutma kapasitesini arttırır. Ciltteki pürüzlü yapının giderilmesine yardımcı olur.,https://static.ticimax.cloud/cdn-cgi/image/width=76,quality=85/53520/uploads/urunresimleri/buyuk/beauty-hyaluron-hy-perf.-serum-30-ml-91f-4c.jpeg,CİLT BAKIM ÜRÜNLERİ > SERUM > ,SCHRAMMEK,TL3.160,00
Beauty - Resvera Cell Concentrate 30 ML,Tüm cilt tipleri için onarıcı ve anti-aging özelliği olan ve içeriğinde Resveratrol, C vitamini ve Silanole bulunduran bir serumdur. Cilt hücre ömrünü uzatır, elastikiyeti, sıkılığı arttırır. Kolajen sentezini destekler ve serbest radikallere karşı cildi korur.,https://static.ticimax.cloud/cdn-cgi/image/width=76,quality=85/53520/uploads/urunresimleri/buyuk/beauty-resvera-cell-concentrate-30-ml-4d3e-8.jpeg,CİLT BAKIM ÜRÜNLERİ > SERUM > ,SCHRAMMEK,TL3.660,00
Beauty - Skin Elixier 50 ML,https://static.ticimax.cloud/cdn-cgi/image/width=76,quality=85/53520/uploads/urunresimleri/buyuk/beauty-skin-elixier-50-ml-b7-81f.jpeg,CİLT BAKIM ÜRÜNLERİ > SERUM > ,SCHRAMMEK,TL3.675,00
Beauty - Vitamin C Beauty Flash (3*0.75ml),Pürüzsüzleştirici, sıkılaştırıcı, yenileyici antioksidan etkiler sunar ve cildi zararlı çevresel etkilere karşı korur. Hiperpigmantasyonu azaltmaya yardımcı olurken, ciltte elastikiyet kaybının ve kırışıklıklarının giderilmesine destek olur.,https://static.ticimax.cloud/cdn-cgi/image/width=76,quality=85/53520/uploads/urunresimleri/buyuk/beauty-vitamin-c-beauty-flash-30.75ml-f6-6d4.jpeg,CİLT BAKIM ÜRÜNLERİ > SERUM > ,SCHRAMMEK,TL4.300,00
Beauty-White Lightening Concentrate 30 ML,Arındırıcı özelliklere sahip bitki özleri açısından zengin olan bu yüksek konsantrasyonlu aydınlatıcı serum, koyu lekeleri hafifletir, oluşumlarını önler ve ten rengini düzeltir. Bu serum, cildi birleştirirken ışıltıyı geri kazandırarak epidermisi yavaş yavaş aydınlatır.,https://static.ticimax.cloud/cdn-cgi/image/width=76,quality=85/53520/uploads/urunresimleri/buyuk/beauty-white-lightening-concentrate-30--9352-.jpeg,CİLT BAKIM ÜRÜNLERİ > SERUM > ,BELLEFONTAINE S.,
Beta Enzyme - 100 ml,Cilt yapısının hedeflenen iyileştirilmesi ve uzun süreli nemlendirme için papain enzim kompleksi ile kombinasyon halinde hafif hidroksi asitlere dayalı etkili bir bakım jeli.,https://static.ticimax.cloud/cdn-cgi/image/width=76,quality=85/53520/uploads/urunresimleri/buyuk/beta-enzyme-100-ml--be19-.jpeg,CİLT BAKIM ÜRÜNLERİ > JEL > ,MBR,TL7.107,00
Beta Enzyme - 30 ml,Cilt yapısının hedeflenen iyileştirilmesi ve uzun süreli nemlendirme için papain enzim kompleksi ile kombinasyon halinde hafif hidroksi asitlere dayalı etkili bir bakım jeli.,https://static.ticimax.cloud/cdn-cgi/image/width=76,quality=85/53520/uploads/urunresimleri/buyuk/beta-enzyme-30-ml-faf-42.jpeg,CİLT BAKIM ÜRÜNLERİ > JEL > ,MBR,TL3.294,00
Beta Enzyme - 50 ml,Cilt yapısının hedeflenen iyileştirilmesi ve uzun süreli nemlendirme için papain enzim kompleksi ile kombinasyon halinde hafif hidroksi asitlere dayalı etkili bir bakım jeli.,https://static.ticimax.cloud/cdn-cgi/image/width=76,quality=85/53520/uploads/urunresimleri/buyuk/beta-enzyme-50-ml-6-b793.jpeg,CİLT BAKIM ÜRÜNLERİ > JEL > ,MBR,TL4.148,00
BI-FALLS 60 ML,Yağlı film tabakası yok.Yepyeni bir görünüm! Bu nazik makyaj temizleyicisinin göz çevresinde kullanımı güvenlidir ve en inatçı makyajı ortadan kaldırır. Cildi yumuşatır ve hassas bölgelere özen gösterir, suya dayanıklı formüllerde kullanılabilir. Tüm kalıntılardan arınmış, taze görünen ve ertesi gün yenilenen bir cilt. Tüm cilt tipleri için uygundur.,https://static.ticimax.cloud/cdn-cgi/image/width=76,quality=85/53520/uploads/urunresimleri/buyuk/bi-falls-60-ml-6c-765.jpeg,CİLT BAKIM ÜRÜNLERİ > TEMİZLEME > ,VALMONT,TL2.150,00
BIOKISS 15 ml,Biokiss, kuru dudakları besleyen ve pul pul dökülmeyi veya çatlamayı yumuşatan olağanüstü bir yenileyici balsamdır. Antioksidan ve yatıştırıcı özellikleri dudakları çevresel hasarlardan koruyarak onları daha rahat ve yumuşak tutar.,https://static.ticimax.cloud/cdn-cgi/image/width=76,quality=85/53520/uploads/urunresimleri/buyuk/biokiss-15-ml-ea131-.jpeg,CİLT BAKIM ÜRÜNLERİ > DUDAK BAKIMI > ,BIOLOGIQUE R.,
BioLumin-C Gel Moisturizer 50 ML,Günlük aydınlatıcı jel nemlendirici, ciltte ağırlık hissi yaratmadan cilde nem sağlar ve cilt ışıltısını artırarak cildin daha iyi görünmesini destekler. Stabil C Vitamini kompleksi, yeniden aktifleştirici teknoloji ile birlikte, C Vitamininin biyoyararlanımını destekleyerek, cilt ışıltısını ve nem kaybına karşı cilt bariyerini güçlendirmeye yardımcı olur. Skualen ve beş farklı tipte Hyaluronik Asit türü içeren antioksidan bakımından zengin bu formül, ince çizgilerin ve kırışıklıkların görünümünü en aza indirmek için, cilde ihtiyacı olan nemi sağlar. Verbascum Özü , cildi anında aydınlatıcı özelliğe sahiptir. Fitik Asit ve Balkabağı Enzimleri eksfoliasyon özelliği ile cildin doğal yenilenme sürecini desteklemeye yardımcı olur.,https://static.ticimax.cloud/cdn-cgi/image/width=76,quality=85/53520/uploads/urunresimleri/buyuk/biolumin-c-gel-moisturizer-50-ml-c07-4f.jpeg,CİLT BAKIM ÜRÜNLERİ > JEL > ,DERMALOGICA,TL3.780,00
BioLumin-C Serum 30 ML,Cildi aydınlatmak ve sıkılaştırmak için cildin doğal savunması ile birlikte çalışan yüksek performanslı bu serum, ince çizgilerin ve kırışıklıkların görünümünü azaltmaya yardımcı olur. Gelişmiş biyo-teknoloji ve ultra kararlı bir C Vitamini kompleksi sinerjistik olarak çalışarak, oksidatif stresle savaşır ve cilt yaşlanmasını oluşmadan önce engellemek için C Vitamininin biyoyararlanımını artırır. Bir peptit ve AHA ile kombine edilmiş bir taşıma sistemi, daha parlak, daha sıkı ve daha ışıltılı bir cilt için cildi yeniler.,https://static.ticimax.cloud/cdn-cgi/image/width=76,quality=85/53520/uploads/urunresimleri/buyuk/biolumin-c-serum-30-ml-5d0e53.jpeg,CİLT BAKIM ÜRÜNLERİ > SERUM > ,DERMALOGICA,TL4.620,00
Biomagic Mask 100 ML,Cilt kusurları ile savaşan ve cildinizi arındırmaya çalışan matlaştırıcı bir yüz maskesidir. Antioksidan içeren yapısı ile cildin oksidatif stresten kurtulmasına yardımcı olur. Gözenekler sıkılaşırken, cilt doğal bir parlaklığa ulaşır.,https://static.ticimax.cloud/cdn-cgi/image/width=76,quality=85/53520/uploads/urunresimleri/buyuk/biomagic-mask-100-ml-6c7e5f.jpeg,CİLT BAKIM ÜRÜNLERİ > MASKE > ,BIOLOGIQUE R.,
Biphasic Make Up Remover (BMR) 200 ML,BMR makyaj temizleme solüsyonu, esans ve yağ fazlarından oluşur, çift fazlı formülasyonu sayesinde dudak ve göz makyajınızı nazikçe temizlemeye yardımcı olur. İçerisinde bulunan peptit yapılar sayesinde makyajı temizlerken bir yandan da cildin yapılandırılmasını, kirpiklerin beslenmesini ve göz çevrenizdeki ince kırışıklıkların giderilmesini destekler. Yağ fazı suya dayanıklı makyajı ve tüm makyaj kalıntılarını cildi tahriş etmeden nazik bir şekilde arındırmayı sağlar.,https://static.ticimax.cloud/cdn-cgi/image/width=76,quality=85/53520/uploads/urunresimleri/buyuk/biphasic-make-up-remover-bmr-200-ml-7-e211.jpeg,CİLT BAKIM ÜRÜNLERİ > LOSYON > ,GENOSYS,
Black Cleaning Mask 21 - 50 ml,Cildin daha küçük gözenekler görünmesini sağlar.,https://static.ticimax.cloud/cdn-cgi/image/width=76,quality=85/53520/uploads/urunresimleri/buyuk/black-cleaning-mask-21-50-ml--8e5b-.jpeg,21 TRANSDERMAL,TL6.135,00
Black Detox Mask 21 - 50 ml,Cilde daha temiz ve pürüzsüz bir görünüm kazandırır.,https://static.ticimax.cloud/cdn-cgi/image/width=76,quality=85/53520/uploads/urunresimleri/buyuk/black-detox-mask-21-50-ml-1d380-.jpeg,21 TRANSDERMAL,TL6.466,00
Black Hydrating Mask 21 - 50 ml,Cilde ferahlık hissi verir.,https://static.ticimax.cloud/cdn-cgi/image/width=76,quality=85/53520/uploads/urunresimleri/buyuk/black-hydrating-mask-21-50-ml-7b61-2.jpeg,21 TRANSDERMAL,TL6.466,00
Black Peel Acne Spot 10 ML,Black Peel Akne Spot Solüsyon, gece boyunca cilde bakım yapar ve akne oluşumunun önüne geçmeye çalışır. Yenilikçi formül sayesinde akneye meyilli ciltlerde kullanıma uygundur. Siyah pirincin fermantasyonuyla oluşan siyah asetik asit, potasyum iodide ve salisilik asite iyi bir alternatif olan yasemin asiti de formülde yer almaktadır.,https://static.ticimax.cloud/cdn-cgi/image/width=76,quality=85/53520/uploads/urunresimleri/buyuk/black-peel-acne-spot-10-ml-41ab01.jpeg,CİLT BAKIM ÜRÜNLERİ > SERUM > ,THERADERM,
Blemish Balm Cream (BBC) 50 ML,Renkli güneş koruyucu krem, cildinizi UVA ve UVB ışınlarına karşı korumaya yardımcı balm kremdir. İçeriğindeki arbutin ile lekelerin oluşmasını önlemeye yardımcı olur. Ayrıca cilt rengine uyumlu renkli yapısı ile cildi pürüzsüzleştirmeye, daha parlak ve canlı görünmesine destek verir. Renkli yapısını demir oksitten alır.,https://static.ticimax.cloud/cdn-cgi/image/width=76,quality=85/53520/uploads/urunresimleri/buyuk/bbc-blemish-balm-cream-50-gr-0-4179.jpeg,CİLT BAKIM ÜRÜNLERİ > BB KREM > ,GENOSYS,
Blemish+Age Defense 30 ML,Blemish + Age Defense, salisilik asit, diyoik asit içeren formülü ile daha parlak bir cilt görünümü kazandırır. Olgun ve problemli ciltler için salisilik asit içeren, yaşlanma karşıtı serum.,https://static.ticimax.cloud/cdn-cgi/image/width=76,quality=85/53520/uploads/urunresimleri/buyuk/blemishage-defense-30-ml-8c45e3.jpeg,CİLT BAKIM ÜRÜNLERİ > SERUM > ,TL4.800,00
Blue-Light Power Cream - 50 ml,Cildi yapay ışığın neden olduğu hasarlardan koruyan anti-mavi ışık filtreli olağanüstü bir yüz kremi. Yüksek verimli aktif maddeler cildi erken cilt yaşlanmasına karşı korur ve gevşek, yorgun ve solgun cildin daha fazla ışıltı kazanmasını sağlar. Her yaş için uygundur.,https://static.ticimax.cloud/cdn-cgi/image/width=76,quality=85/53520/uploads/urunresimleri/buyuk/blue-light-power-cream-50-ml-9-71c5.jpeg,CİLT BAKIM ÜRÜNLERİ > KREM > ,MBR,TL21.408,00
Body Polisher 21 - 200 ml,Birikintileri ve ölü cilt hücrelerini çözer.,https://static.ticimax.cloud/cdn-cgi/image/width=76,quality=85/53520/uploads/urunresimleri/buyuk/body-polisher-21-200-ml-bd1-3e.jpg,21 TRANSDERMAL,TL8.967,00
Body Smoother 21 - 200 ml,Cilt bariyer fonksiyonunu iyileştirir ve ışığın neden olduğu cilt yaşlanmasına karşı koruma sağlar.,https://static.ticimax.cloud/cdn-cgi/image/width=76,quality=85/53520/uploads/urunresimleri/buyuk/body-smoother-21-200-ml-8-dfd4.jpeg,21 TRANSDERMAL,TL9.882,00
Body Tuning 21 - 200 ml,Cilt bariyer fonksiyonunu iyileştirir ve ışığın neden olduğu cilt yaşlanmasına karşı koruma sağlar.,https://static.ticimax.cloud/cdn-cgi/image/width=76,quality=85/53520/uploads/urunresimleri/buyuk/body-tuning-21-200-ml-4fb2-a.jpeg,21 TRANSDERMAL,TL11.529,00
Booster Effect Serum 21 - 30 ml,Yenilikçi peptit kompleksi ve mikro proteinler içeren yaşlanma karşıtı serum. Cildi görülür ve hissedilir şekilde anında yumuşatır ve sıkılaştırır. Özellikler; Doğal hücre gelişimini hızlandırır. Cilde esneklik kazandırır. Hücreleri güçlendirir. Çizgileri ve kırışıklıkları azaltır, cilde pürüzsüz ve ışıltılı bir görünüm verir. Nem kaybını önler ve uzun süreli nemlendirme sağlar. Anında emilerek cilde yumuşak bir dokunuş sağlar. Paraben, koruyucu ve renklendirici içermez. Uygulama; Gündüz ve akşam uygulayın. Cildi temizledikten sonra 4-6 damla Booster Effect Serum 21 ‘i yüzünüze, boynunuza ve dekolte bölgenize nazik masaj hareketleriyle uygulayın. Ardından günlük bakım ürünlerinizi kullanabilirsiniz.,https://static.ticimax.cloud/cdn-cgi/image/width=76,quality=85/53520/uploads/urunresimleri/buyuk/booster-effect-serum-21-30-ml-baf6-a.jpeg,CİLT BAKIM ÜRÜNLERİ > ,21 TRANSDERMAL,TL9.308,00
Brightalive 30 ML,Retinol içermeyen bu krem hassas ciltler için idealdir. Cildinizi rahatlatır, cilt tonunu dengeler, koyu noktaları engeller ve cildinize tem kazandırır,https://static.ticimax.cloud/cdn-cgi/image/width=76,quality=85/53520/uploads/urunresimleri/buyuk/brightalive-30-ml-c-109a.jpeg,CİLT BAKIM ÜRÜNLERİ > KREM > ,ZO SKIN HEALTH,TL4.600,00
Brightalive 50 ML,Retinol içermeyen bu krem hassas ciltler için idealdir. Cildinizi rahatlatır, cilt tonunu dengeler, koyu noktaları engeller ve cildinize tem kazandırır,https://static.ticimax.cloud/cdn-cgi/image/width=76,quality=85/53520/uploads/urunresimleri/buyuk/brightalive-50-ml-5afb42.jpeg,CİLT BAKIM ÜRÜNLERİ > KREM > ,ZO SKIN HEALTH,TL7.100,00
Brightening Day Fluid Mineral SPF30 50 ML,İçeriğindeki Çinko Oksit sayesinde UVA ve UVB güneş ışınlarına karşı doğal mineral koruma sağlarken, antioksidan zengini Arctic Cloudberry ve C Vitamini ile cildin ışıltısını arttırmaya yardımcı olur. Kalıntı bırakmadan kolayca uygulanan %91 doğal formülü tüm cilt tiplerine uygundur.,https://static.ticimax.cloud/cdn-cgi/image/width=76,quality=85/53520/uploads/urunresimleri/buyuk/brightening-day-fluid-mineral-spf30-50-f950-4.jpeg,CİLT BAKIM ÜRÜNLERİ > GÜNEŞ KORUMA > ,LUMENE,TL1.165,00
Brightening Serum 15 ML,Aydınlatıcı Serum, pürüzlü cilt tonunun görünümünü güvenli bir şekilde azaltırken, soyulmadan önemli ölçüde kontrollü eksfoliasyon sağlayan güçlü bir formüldür,https://static.ticimax.cloud/cdn-cgi/image/width=76,quality=85/53520/uploads/urunresimleri/buyuk/brightening-serum-15-ml-8-c1c2.jpeg,CİLT BAKIM ÜRÜNLERİ > SERUM > ,IS CLINICAL,TL3.512,00
Brightening Serum 30 ML,Aydınlatıcı Serum, pürüzlü cilt tonunun görünümünü güvenli bir şekilde azaltırken, soyulmadan önemli ölçüde kontrollü eksfoliasyon sağlayan güçlü bir formüldür,https://static.ticimax.cloud/cdn-cgi/image/width=76,quality=85/53520/uploads/urunresimleri/buyuk/brightening-serum-30-ml-66d2-d.jpeg,CİLT BAKIM ÜRÜNLERİ > SERUM > ,IS CLINICAL,TL5.904,00
BRIGHTNESS REVEALING MASK 50 ML,Anında ışıltı için donuk veya yorgun bir cilt için mükemmeldir. Daha derin katmanları nemlendirerek kan dolaşımını hızlandırır ve ilk uygulamadan sonra cildi içten dışa ferahlatır.,https://static.ticimax.cloud/cdn-cgi/image/width=76,quality=85/53520/uploads/urunresimleri/buyuk/brightness-revealing-mask-50-ml-c2f2df.jpeg,https://static.ticimax.cloud/cdn-cgi/image/width=76,quality=85/53520/uploads/urunresimleri/buyuk/brightness-revealing-mask-50-ml-e3b5-4.jpeg,CİLT BAKIM ÜRÜNLERİ > MASKE > ,MARGY'S,TL6.300,00
Broad Spectrum SPF50 118 GR,ZOX12™ bileşeniyle, hafif ve nazik mineralli güneş kremidir. Zararlı ışınlardan cildi korur.,https://static.ticimax.cloud/cdn-cgi/image/width=76,quality=85/53520/uploads/urunresimleri/buyuk/broad-spectrum-spf50-118-gr-d5916b.jpeg,CİLT BAKIM ÜRÜNLERİ > GÜNEŞ KORUMA > ,ZO SKIN HEALTH,TL3.700,00
BUBBLE FALLS 150 ML,Cildi nazikçe temizler ve arındırır Cildi temizler ve cildi her türlü kalıntı ve kirden kurtarır. Arındırıcı, köpüren bir deneyim! Bulut kadar hafif olan bu köpük, cildin doğal dengesini desteklerken yüzü de temizler. Rafine cilt dokusu ve ışıltı için yüzdeki aşırı sebum üretimini kontrol eder. Karma dahil tüm cilt tipleri, cildi okşayan bu nazikçe köpüren dokuyu takdir eder.,https://static.ticimax.cloud/cdn-cgi/image/width=76,quality=85/53520/uploads/urunresimleri/buyuk/bubble-falls-150-ml-29d375.jpeg,CİLT BAKIM ÜRÜNLERİ > KÖPÜK > ,VALMONT,TL2.450,00
C E Ferulic 30 ML,Kırışıklık görünümü ve sıkılık kaybı problemleri için normal ve kuru cilt tiplerine uygun, %15 Saf C vitamini içeren yaşlanma karşıtı antioksidan serum.,https://static.ticimax.cloud/cdn-cgi/image/width=76,quality=85/53520/uploads/urunresimleri/buyuk/c-e-ferulic-30-ml-9a-afb.jpeg,CİLT BAKIM ÜRÜNLERİ > SERUM > ,TL7.550,00
C FX C-Clarifying Serum 30 ML,Daha parlak bir cilt için cilt yaşlanmasının görünümünü en aza indirmeye yardımcı olmak için %4 Arbutin ve %10 L-Askorbik Asit ile formüle edilmiştir. Melanozom aktivitesini azaltır, aşarı melanin oluşumunu engeller.,https://static.ticimax.cloud/cdn-cgi/image/width=76,quality=85/53520/uploads/urunresimleri/buyuk/c-fx-c-clarifying-serum-30-ml-322420.jpeg,CİLT BAKIM ÜRÜNLERİ > SERUM > ,TL5.226,00
C FX C-Therapy Night Cream 57 GR,Cildi aydınlatan Arbutin, C Vitamini ve E Vitamini içeren zengin bir nemlendiricidir. Cildin doğal yenilenme döngüsünü en iyi duruma getirir ve güçlü bir antioksidan tedavisi sunar.,https://static.ticimax.cloud/cdn-cgi/image/width=76,quality=85/53520/uploads/urunresimleri/buyuk/c-fx-c-therapy-night-cream-57-gr-30-41a.jpeg,CİLT BAKIM ÜRÜNLERİ > KREM > ,OBAGI,TL5.226,00
C Plus Peptide Cream 40 ML,Ciltteki lekeyi önlemeye yardımcıdır. İçeriğindeki peptitlerle cildi nemlendirir. İpeksi ve hafif dokusu sayesinde cilde parlaklık ve nem verir. Bitkisel kaynaklı L-askorbik asit ve magnezyum askorbil fosfat sayesinde lekelerin önlenmesine yardımcı olur. İçerdiği kolajen sayesinde cildi destekler.,https://static.ticimax.cloud/cdn-cgi/image/width=76,quality=85/53520/uploads/urunresimleri/buyuk/c-plus-peptide-cream-40-ml-4-4c08.jpeg,CİLT BAKIM ÜRÜNLERİ > KREM > ,
C-Balancing Toner 198 ML,Normalden yağlıya dönük ciltler için özel olarak formüle edilmiş bu alkolsüz, kurutmayan toner cildinizin pH değerlerini dengeler. İçeriğinde Cadı Fındığı, Aloe ve Sitrik Asit vardır.,https://static.ticimax.cloud/cdn-cgi/image/width=76,quality=85/53520/uploads/urunresimleri/buyuk/c-balancing-toner-198-ml-8ac4-d.jpeg,CİLT BAKIM ÜRÜNLERİ > TONİK > ,OBAGI,TL3.243,00
C-Cleansing Gel 177 ML,Cilt bakım ürünlerinin cildinizi daha iyi nüfus edebilmesi için cildin hazırlanması gerekir. Aşırı sebumu, cilt yüzeyinde biriken kiri ve makyajın temizlenmesi için C-Cleansing Gel profesyonel ve etkili bir üründür. Cildi parlatır ve L-Askorbik Asit ile cilde üstün antioksidan koruma sağlar, kolajen yapılanmasına yardımcı olur.,https://static.ticimax.cloud/cdn-cgi/image/width=76,quality=85/53520/uploads/urunresimleri/buyuk/c-cleansing-gel-177-ml-107-44.jpeg,CİLT BAKIM ÜRÜNLERİ > YIKAMA JELİ > ,OBAGI,TL2.372,00
C-Exfoliating Day Lotion 59 ML,Daha parlak, daha sağlıklı görünen bir cilt ortaya çıkarmak için nemlendiren ve nazikçe eksfoliye eden pürüzsüz, hafif nemlendiricidir. İçeriğindeki Glikolik asit ve Hyaluronik asit ile cilde maksimum nemlendirme sağlar. Ayrıca Vitamin E ve C açısından zengindir.,https://static.ticimax.cloud/cdn-cgi/image/width=76,quality=85/53520/uploads/urunresimleri/buyuk/c-exfoliating-day-lotion-59-ml-89-9e1.jpeg,CİLT BAKIM ÜRÜNLERİ > PEELING > ,OBAGI,TL3.620,00
CALMING CLEANSING MILK 200 ML,Hassas ciltler için süt formda temizleyici.,https://static.ticimax.cloud/cdn-cgi/image/width=76,quality=85/53520/uploads/urunresimleri/buyuk/calming-cleansing-milk-200-ml-8-e218.jpeg,CİLT BAKIM ÜRÜNLERİ > TEMİZLEME > ,ESTHEDERM,TL1.069,00
Calming Hemp Oil-Cocktail 30 ML,İçeriğindeki Organik Kenevir Tohumu Yağı ile cildi rahatlatmaya, kızarık görünümü azaltmaya yardımcı olurken, Nordic Meadowsweet Bitkisi ile cildi dengelemeyi destekler. Cildi nemlendirmeye, doğal koruma bariyerini güçlendirmeye yardımcı hafif ve gözenek tıkamayan %96 doğal formül, özellikle akneye meyilli, yağlı ve karma cilt tipleri için geliştirilmiştir.,https://static.ticimax.cloud/cdn-cgi/image/width=76,quality=85/53520/uploads/urunresimleri/buyuk/calming-hemp-oil-cocktail-30-ml-d30ce4.jpeg,CİLT BAKIM ÜRÜNLERİ > SERUM > ,LUMENE,TL1.130,00
Calming Toner, pH Balancer 180 ML,Zayıf ve hassas ciltleri güçlendirip kirlerden arındırır, pH dengeleyici yapısıyla cildinizi rahatlatır.,https://static.ticimax.cloud/cdn-cgi/image/width=76,quality=85/53520/uploads/urunresimleri/buyuk/calming-toner-ph-balancer-180-ml-ef5d-4.jpeg,CİLT BAKIM ÜRÜNLERİ > TONİK > ,ZO SKIN HEALTH,TL2.300,00
Camomile Aromatic Care 15ML,Faydaları: Hassas cilt tiplerine uygun aromatik bakım İçeriğindeki Fransız Papatyası sayesinde ile gece boyunca yatıştırıcı etki Cildin güçlenmesine katkı sağlarken doğal ışıltısını artırmaya katkıda bulunur. Cilt bariyerini güçlendirerek, hassas ve kızarık görünümünün azalmasına yardımcı olur. Kullanımı: Gece. İşaret parmağınızı kullanarak; yanaklar, alın ve çeneye 4 damla uygulayın. Avucunuzu ısıttıktan sonra ürünü cildinize uygulayın. Botanik İçerikler: Papatya, Lavanta, Ada Çayı, Sandal Ağacı, Ayçiçeği, Jojoba, Susam, Tatlı badem,https://static.ticimax.cloud/cdn-cgi/image/width=76,quality=85/53520/uploads/urunresimleri/buyuk/camomile-aromatic-care-15ml-7-b8c2.jpeg,CİLT BAKIM ÜRÜNLERİ > BAKIM YAĞI > ,DARPHIN,TL2.429,00
CC Cream Dark Plus SPF30+ 50 ML,Retinol içeren renkli güneş koruyucu 30 SPF. Suya dayanıklı incecik ama ışıl ışıl kuvvetli güneş koruma, 4 farklı renk seçeneği ile konfor sunuyor. Özellikle yaz aylarında kullanımı oldukça pratiktir ve tüm cilt tipleri için uygundur. İçeriğindeki eser miktardaki Retinol ile yağlanmayı kontrol altına almaya yardımcı olur.,https://static.ticimax.cloud/cdn-cgi/image/width=76,quality=85/53520/uploads/urunresimleri/buyuk/cc-cream-dark-plus-spf30-50-ml-3b5649.jpeg,CİLT BAKIM ÜRÜNLERİ > GÜNEŞ KORUMA > ,PH FORMULA,
CC Cream Dark SPF30+ 50 ML,Retinol içeren renkli güneş koruyucu 30 SPF. Suya dayanıklı incecik ama ışıl ışıl kuvvetli güneş koruma, 4 farklı renk seçeneği ile konfor sunuyor. Özellikle yaz aylarında kullanımı oldukça pratiktir ve tüm cilt tipleri için uygundur. İçeriğindeki eser miktardaki Retinol ile yağlanmayı kontrol altına almaya yardımcı olur.,https://static.ticimax.cloud/cdn-cgi/image/width=76,quality=85/53520/uploads/urunresimleri/buyuk/cc-cream-dark-spf30-50-ml-caa-79.jpeg,CİLT BAKIM ÜRÜNLERİ > GÜNEŞ KORUMA > ,PH FORMULA,
CC Cream Light SPF30+ 50 ML,Retinol içeren renkli güneş koruyucu 30 SPF. Suya dayanıklı incecik ama ışıl ışıl kuvvetli güneş koruma, 4 farklı renk seçeneği ile konfor sunuyor. Özellikle yaz aylarında kullanımı oldukça pratiktir ve tüm cilt tipleri için uygundur. İçeriğindeki eser miktardaki Retinol ile yağlanmayı kontrol altına almaya yardımcı olur.,https://static.ticimax.cloud/cdn-cgi/image/width=76,quality=85/53520/uploads/urunresimleri/buyuk/cc-cream-light-spf30-50-ml--4320-.jpeg,CİLT BAKIM ÜRÜNLERİ > GÜNEŞ KORUMA > ,PH FORMULA,
CC Cream Medium SPF30+ 50 ML,Retinol içeren renkli güneş koruyucu 30 SPF. Suya dayanıklı incecik ama ışıl ışıl kuvvetli güneş koruma, 4 farklı renk seçeneği ile konfor sunuyor. Özellikle yaz aylarında kullanımı oldukça pratiktir ve tüm cilt tipleri için uygundur. İçeriğindeki eser miktardaki Retinol ile yağlanmayı kontrol altına almaya yardımcı olur.,https://static.ticimax.cloud/cdn-cgi/image/width=76,quality=85/53520/uploads/urunresimleri/buyuk/cc-cream-medium-spf30-50-ml-017f-9.jpeg,CİLT BAKIM ÜRÜNLERİ > GÜNEŞ KORUMA > ,PH FORMULA,
CC Cream Shade Fair 30 ML,7 Etkili Renk Dengeleyici CC Krem SPF 20; doğal olarak ışıltılı bir görünüm için cilt tonunu eşitleyen nemlendirici bir fondötendir. İskandinav Kırmızı Yaban Mersini ve Kuzey Kutbu Kaynak Suyu ile bileşen formül hafif dokusu ile cilde bakım yaparken kızarıklığı azaltır ve ciltte pürüzsüz bir his bırakır.,https://static.ticimax.cloud/cdn-cgi/image/width=76,quality=85/53520/uploads/urunresimleri/buyuk/cc-cream-shade-fair-30-ml-f8ddd7.jpeg,CİLT BAKIM ÜRÜNLERİ > KREM > ,LUMENE,TL920,00
CC Cream Shade Light 30 ML,7 Etkili Renk Dengeleyici CC Krem SPF 20; doğal olarak ışıltılı bir görünüm için cilt tonunu eşitleyen nemlendirici bir fondötendir. İskandinav Kırmızı Yaban Mersini ve Kuzey Kutbu Kaynak Suyu ile bileşen formül hafif dokusu ile cilde bakım yaparken kızarıklığı azaltır ve ciltte pürüzsüz bir his bırakır.,https://static.ticimax.cloud/cdn-cgi/image/width=76,quality=85/53520/uploads/urunresimleri/buyuk/cc-cream-shade-light-30-ml-f95924.jpeg,CİLT BAKIM ÜRÜNLERİ > KREM > ,LUMENE,TL920,00
CC Cream Shade Medium 30 ML,7 Etkili Renk Dengeleyici CC Krem SPF 20; doğal olarak ışıltılı bir görünüm için cilt tonunu eşitleyen nemlendirici bir fondötendir. İskandinav Kırmızı Yaban Mersini ve Kuzey Kutbu Kaynak Suyu ile bileşen formül hafif dokusu ile cilde bakım yaparken kızarıklığı azaltır ve ciltte pürüzsüz bir his bırakır.,https://static.ticimax.cloud/cdn-cgi/image/width=76,quality=85/53520/uploads/urunresimleri/buyuk/cc-cream-shade-medium-30-ml-82e2d0.jpeg,CİLT BAKIM ÜRÜNLERİ > KREM > ,LUMENE,TL920,00
CC Cream Shade Tan 30 ML,7 Etkili Renk Dengeleyici CC Krem SPF 20; doğal olarak ışıltılı bir görünüm için cilt tonunu eşitleyen nemlendirici bir fondötendir. İskandinav Kırmızı Yaban Mersini ve Kuzey Kutbu Kaynak Suyu ile bileşen formül hafif dokusu ile cilde bakım yaparken kızarıklığı azaltır ve ciltte pürüzsüz bir his bırakır.,https://static.ticimax.cloud/cdn-cgi/image/width=76,quality=85/53520/uploads/urunresimleri/buyuk/cc-cream-shade-tan-30-ml-514b63.jpeg,CİLT BAKIM ÜRÜNLERİ > KREM > ,LUMENE,TL920,00
CE Ferulic 30 ML + HA Intensifier 15 ML (Kadife Çanta Hediyeli),Marka,https://static.ticimax.cloud/cdn-cgi/image/width=76,quality=85/53520/uploads/urunresimleri/buyuk/ce-ferulic-30-ml-ha-intensifier-15-ml--1d3104.jpeg,CİLT BAKIM ÜRÜNLERİ > SET > ,SKINCEUTICALS,TL7.550,00
CE Ferulic 30 ML + Resveratrol 15 ML (El Yapımı Çanta Hediyeli),SkinCeuticals olarak, bilimde ve yaşamda sürdürülebilirliği destekliyoruz.,https://static.ticimax.cloud/cdn-cgi/image/width=76,quality=85/53520/uploads/urunresimleri/buyuk/ce-ferulic-30-ml-resveratrol-15-ml-el--4-96cf.jpeg,CİLT BAKIM ÜRÜNLERİ > SET > ,SKINCEUTICALS,TL7.550,00
Cell Power Vital Serum - 30 ml,Epidermal hücre aktivitesini arttırmak için yüksek konsantrasyonlu aktif madde ürünü. Estetik müdahalelerde eşlik eden uygulama olarak uygundur.,https://static.ticimax.cloud/cdn-cgi/image/width=76,quality=85/53520/uploads/urunresimleri/buyuk/cell-power-vital-serum-30-ml-950-4d.jpeg,CİLT BAKIM ÜRÜNLERİ > SERUM > ,MBR,TL5.873,00
Cell Power Vital Serum - 50 ml,Epidermal hücre aktivitesini arttırmak için yüksek konsantrasyonlu aktif madde ürünü. Estetik müdahalelerde eşlik eden uygulama olarak uygundur.,https://static.ticimax.cloud/cdn-cgi/image/width=76,quality=85/53520/uploads/urunresimleri/buyuk/cell-power-vital-serum-50-ml-568-8e.jpeg,CİLT BAKIM ÜRÜNLERİ > SERUM > ,MBR,TL7.252,00
Cellstemmine 24h Repairing Cream 50 ML,24 saat onarıcı yaşlanma karşıtı krem. Edelweiss ve Argan kök hücreleri sayesinde hücresel aktiviteyi uyarırken epidermisin her katmanını yoğun bir şekilde nemlendirir ve onarır. Cilt pürüzsüz, esnek ve sıkı görünür.,https://static.ticimax.cloud/cdn-cgi/image/width=76,quality=85/53520/uploads/urunresimleri/buyuk/cellstemmine-24h-repairing-cream-50-ml-f531c7.jpeg,CİLT BAKIM ÜRÜNLERİ > KREM > ,BELLEFONTAINE S.,
Cellthera Moisture Recharging Cream,İçerisinde bulunan deniz yosunu ve marin kompleksi sayesinde cilde anında ve uzun süreli canlılık sağlayan derinlemesine nemlendirici bir kremdir. Antioksidan etki gösterir, cilt bariyerini güçlendirir ve cildi rahatlatır.,https://static.ticimax.cloud/cdn-cgi/image/width=76,quality=85/53520/uploads/urunresimleri/buyuk/cellthera-moisture-recharging-cream-67a26a.jpeg,CİLT BAKIM ÜRÜNLERİ > KREM > ,MESOSYS,
Cellthera Sun Protection Cream SPF40 40GR,Cellthera Sun Protection güneş koruyucu krem cildi UV ışınlarına karşı korumaya yardımcı olur. İçeriğindeki bitkisel ekstraktlar ve poliglutamik asit ile cildi nemlendirmeye, korumaya ve tahriş olmasını önlemeye yardımcı olur. Şeffaf yapılıdır.,https://static.ticimax.cloud/cdn-cgi/image/width=76,quality=85/53520/uploads/urunresimleri/buyuk/cellthera-sun-protection-cream-spf40-4-f0484c.jpeg,CİLT BAKIM ÜRÜNLERİ > GÜNEŞ KORUMA > ,MESOSYS,
Cellthera Sun Protection Tinted Cream SPF30 35GR,Cellthera Sun Protection Tinted renkli güneş koruyucu krem cildi nemlendirmeye, UV ışınlarından korumaya ve dış etkenlerden korumayı destekler. Doğal bir kapatıcı olup renkli yapısını demir oksitten alır.,https://static.ticimax.cloud/cdn-cgi/image/width=76,quality=85/53520/uploads/urunresimleri/buyuk/cellthera-sun-protection-tinted-cream--af01-a.jpeg,CİLT BAKIM ÜRÜNLERİ > GÜNEŞ KORUMA > ,MESOSYS,
CELLULAR WATER FRESH MOISTURIZING GEL 50 ML,Ciltteki su sirkülasyonunu yenileyerek cildin doğal nem seviYesinin korunmasına destek olur. Antioksidan özelliği ile yaşlanmaya yol açan serbest radikaller ve çevresel faktörlerin etkisini azaltmayı hedefler.,https://static.ticimax.cloud/cdn-cgi/image/width=76,quality=85/53520/uploads/urunresimleri/buyuk/cellular-water-fresh-moisturizing-gel---e13c7.jpeg,CİLT BAKIM ÜRÜNLERİ > KREM > ,ESTHEDERM,TL1.609,00
CELLULAR WATER MELTING MOISTURIZING CREAM 50 ML,Ciltteki su sirkülasyonunu yenileyerek cildin doğal nem seviYesinin korunmasına destek olur. Antioksidan özelliği ile yaşlanmaya yol açan serbest radikaller ve çevresel faktörlerin etkisini azaltmayı hedefler.,https://static.ticimax.cloud/cdn-cgi/image/width=76,quality=85/53520/uploads/urunresimleri/buyuk/cellular-water-melting-moisturizing-cr-47afd-.jpeg,CİLT BAKIM ÜRÜNLERİ > KREM > ,ESTHEDERM,TL1.609,00
CELLULAR WATER MIST 100 ML,Cildin nemini arttırıcı antioksidan etkili bu mist aynı zamanda serum kadar etkilidir. Erken yaşlanmaya neden olan serbest radikallere karşı savaşmaya destek olur. Cilt bakım ürünlerinin etkisini %79* oranına kadar arttırmayı hedefler.,https://static.ticimax.cloud/cdn-cgi/image/width=76,quality=85/53520/uploads/urunresimleri/buyuk/cellular-water-mist-100-ml-64856-.jpeg,CİLT BAKIM ÜRÜNLERİ > LOSYON > ,ESTHEDERM,TL1.069,00
Centellina Anti-Age Serum 30 ML,“Anti-age,” yaşlanma karşıtı demektir. Bu kategorideki ürünler, yaş aldıkça cildimizde eksilen maddeleri cilde tekrar kazandırmaya ve oluşabilecek cilt sorunlarını geciktirmeye yöneliktir. Yaşlanma bir süreçtir ve bu süreçte ciltte birtakım değişiklikler görülür. Bu değişiklikleri tetikleyen iç ve dış etkenler vardır. Cildi bu etkenlerden olabildiğince çok korumak ve belirli bir yaştan itibaren ciltte eksilen maddeleri yerine koymak, kaliteli cilt yaşlanmasının temel kurallarıdır. İnce yapısı ve güçlü içerikleriyle anti-age serumlar, cilde kaybettiklerini tekrar kazandırabilmek için çok önemli ürünlerdir.,https://static.ticimax.cloud/cdn-cgi/image/width=76,quality=85/53520/uploads/urunresimleri/buyuk/centellina-anti-age-serum-30-ml-905-47.jpeg,CİLT BAKIM ÜRÜNLERİ > SERUM > ,NATURE MIND,
Ceramide Soft Cream 120 ML,Ceramide Soft Cream kuru ve hassas ciltler için koruma ve maksimum nemlendirmeyi sağlamak için 1-6 complex seramidi ile formülize edilmiştir. Uzun süreli nemlendirici etkisi ile cilde nem ve yumuşaklık sağlar.,https://static.ticimax.cloud/cdn-cgi/image/width=76,quality=85/53520/uploads/urunresimleri/buyuk/ceramide-soft-cream-120-ml-5c836b.jpeg,CİLT BAKIM ÜRÜNLERİ > KREM > ,THERADERM,
Chamomile Day Cream 50 ML,Kuruluk sebebiyle ciltte donuk gri-beyaz bir renk, gerginlik ve kaşınma hissi ve cilt yüzeyinde pürüzler, çatlaklar ve kızarıklıklar oluşabilir. Tüm bu belirtileri azaltmak için cildi yoğun bir şekilde korumak ve cilt bariyerini güçlendirmek gerekir. Cildi dış etkenlerden koruyup güçlendirmek adına yoğun içeriklerle hazırlanmış ürünler kullanılmalı ve aynı zamanda cildin nem kapasitesi artırılmalıdır. Cilt özenle beslenmeli, cildin kırılganlığı dikkatle yönetilmelidir.,https://static.ticimax.cloud/cdn-cgi/image/width=76,quality=85/53520/uploads/urunresimleri/buyuk/chamomile-day-cream-50-ml-7e5d6d.jpeg,CİLT BAKIM ÜRÜNLERİ > KREM > ,NATURE MIND,
Circular Hydration Serum 30 ML,Cildin nem döngüsünü harekete geçirin: uzun süreli etkiye sahip bu serum, cildi anında nemlendirir, cildi besler ve ilerde yaşanabilecek nem kaybını önlemeye yardımcı olur. Nem döngüsünü tamamlayıcı bu serum, cildi daha iyi nemlendirmek için gelişmiş bir Hyaluronik Asit türü içerir ve zamanla daha yumuşak, parlak bir cilt görünümü oluşturmaya yardımcı olur. Yosun Özü ile birlikte nemlendirici, ciltte hızlı ve uzun süren nem etkisi sağlar. Fermente Soya’dan elde edilen Poliglutamik Asit, cildin nem eksiğini yenilemeye yardımcı olur. Bitki- türevli şekerler ve ciltte doğal olarak bulunanlara benzer bir amino asit karışımı, cilde nemi hapsederek ilerde oluşabilecek nem kaybını önlemeye yardımcı olur. Lactobacillus Fermenti ve Yulaf Özünün yararlı bir karışımı, cildin mikrobiyomunu dengelemeye yardımcı olur.,https://static.ticimax.cloud/cdn-cgi/image/width=76,quality=85/53520/uploads/urunresimleri/buyuk/circular-hydration-serum-30-ml-ef9dfd.jpeg,CİLT BAKIM ÜRÜNLERİ > SERUM > ,DERMALOGICA,TL3.250,00
City & Sky Airlesstiegel - 50 ml,City & Sky, benzersiz yüksek teknolojili vitamin kokteyli ile cilde günümüz modern dünyasının tüm olumsuz etkilerine karşı koymak ve genç aurasını korumak için ihtiyaç duyduğu canlılığı ve enerjiyi verir.,https://static.ticimax.cloud/cdn-cgi/image/width=76,quality=85/53520/uploads/urunresimleri/buyuk/city-sky-airlesstiegel-50-ml-67fd8e.jpeg,CİLT BAKIM ÜRÜNLERİ > KREM > ,MBR,TL12.958,00
City Skin Age Defense SPF 50 50 ML,Cildin doğal ışıltısını geri kazandırmayı ve cilt tonunu dengelemeyi destekler. %100 mineral yapısı ile cildinizi şehir hayatının getirdiği olumsuz etkilere karşı gün boyu korumaya yardımcı olur. Cildinizde kalkan oluşturarak geniş koruma sağlamaya yardımcı olur.,https://static.ticimax.cloud/cdn-cgi/image/width=76,quality=85/53520/uploads/urunresimleri/buyuk/city-skin-age-defense-spf-50-50-ml-3234eb.jpeg,CİLT BAKIM ÜRÜNLERİ > GÜNEŞ KORUMA > ,MURAD,TL5.670,00
Clarify - Clarifying Cleanser/Mandelic Clarifying Cleanser 200 ML,Bu sabun içermeyen köpüklü jel yüz temizleyici, yağlı ciltlerin pul pul dökülmesi için ideal olan nazik ancak etkili bir Alfa Hidroksi Asit (AHA) olan Mandelik Asit ile formüle edilmiştir. Ayrıca gözenekleri temizlemeye ve cilt dokusunu iyileştirmeye yardımcı olduğu bilinen Polihidroksi Asit (PHA) ve Salisilik Asit içerir.,https://static.ticimax.cloud/cdn-cgi/image/width=76,quality=85/53520/uploads/urunresimleri/buyuk/clarify-clarifying-cleansermandelic-cl-4a0b86.jpeg,CİLT BAKIM ÜRÜNLERİ > YIKAMA JELİ > ,NEOSTRATA,TL2.170,00
Clarify - Exfoliating Mask 75 ML,Bu gece cilt arındırıcı bakım siz uyurken leke sonrası renk değişikliğinin görünümünü bile gidermeye yardımcı olur. Yağlı veya yağlıya meyilli ciltler için tasarlanmıştır.,https://static.ticimax.cloud/cdn-cgi/image/width=76,quality=85/53520/uploads/urunresimleri/buyuk/clarify-exfoliating-mask-75-ml-a7-dc3.jpeg,CİLT BAKIM ÜRÜNLERİ > MASKE > ,NEOSTRATA,TL4.270,00
Clarify - Oil Control Gel/Mandelic Mattifying Serum 30 ML,Gözeneklerin görünümünü en aza indirir ve parlamayı azaltır. Bu hafif, matlaştırıcı jel serum cilt yüzeyindeki yağları absorbe ederek kadifemsi bir etki yaratır, gözenekli görünümü en aza indirir ve parlamayı kontrol altına alır. %8 peeling karışımı, içerdiği Mandelik Asit ve Polihidroksi Asit (PHA) ile cildi temizlemeye yardımcı olur ve yağlı görünümü düzeltir.,https://static.ticimax.cloud/cdn-cgi/image/width=76,quality=85/53520/uploads/urunresimleri/buyuk/clarify-oil-control-gelmandelic-mattif-dd7618.jpeg,CİLT BAKIM ÜRÜNLERİ > SERUM > ,NEOSTRATA,TL4.970,00
Clarify - Oily Skin Solution 100 ML,Erken yaşlanma belirtileri olan yağlı veya yağlıya eğilimli ciltler için ideal gözenek arındırıcı tonik.,https://static.ticimax.cloud/cdn-cgi/image/width=76,quality=85/53520/uploads/urunresimleri/buyuk/clarify-oily-skin-solution-100-ml-7-9751.jpeg,CİLT BAKIM ÜRÜNLERİ > TONİK > ,NEOSTRATA,TL2.310,00
Clarify - Sheer Hydration SPF 40 50 ML,Neostrata Clarify Yağlı Ciltler İçin Güneş Koruyuculu Nemlendirici Krem 50 ML,https://static.ticimax.cloud/cdn-cgi/image/width=76,quality=85/53520/uploads/urunresimleri/buyuk/clarify-sheer-hydration-spf-40-50-ml-43ca6c.jpeg,CİLT BAKIM ÜRÜNLERİ > GÜNEŞ KORUMA > ,NEOSTRATA,TL4.270,00
Clarify - Spot Treatment Gel/Targeted Clarifying Gel 15 GR,Bu hedefe yönelik, üç etkili bakım jeli, Asetil Mandelik Asit, Sitrik Asit ve Tartarik Asitten oluşan bir Alfa Hidroksi Asit (AHA) karışımı ile salisilik Asit ve Pro-Vitamin A ile bir araya getirilerek ölü cilt hücrelerinin birikmesini ortadan kaldırmak için formüle edilmiştir. parlak bir görünüm sağlar ve gözenekleri kirlerden arındırmaya yardımcı olur.,https://static.ticimax.cloud/cdn-cgi/image/width=76,quality=85/53520/uploads/urunresimleri/buyuk/clarify-spot-treatment-geltargeted-cla-68-af6.jpeg,CİLT BAKIM ÜRÜNLERİ > JEL > ,NEOSTRATA,TL3.710,00
Clarifying Clay Mask 60 ML,Yağlı, gözenekli ciltler ve lekeli ciltlerde tavsiye edilir. Doğal killer tıkalı gözenekleri açar ve kirlerden arındırır. Meyve asitleri kompleksi cildi hafifçe soyup yeniler. Bitkisel özler ve mineraller cildi sakinleştirir. Aloe ve Papatya sayesinde cildi yatıştırır ve yumuşatır.,https://static.ticimax.cloud/cdn-cgi/image/width=76,quality=85/53520/uploads/urunresimleri/buyuk/clarifying-clay-mask-60-ml-0-0420.jpeg,CİLT BAKIM ÜRÜNLERİ > MASKE > ,SKINCEUTICALS,TL3.400,00
Clarifying Cleanser 200 ML,İçerdiği Salisilik Asit ile akne oluşumunu kontrol altına almayı destekler Yeşil Çay Özü ile cildi yatıştırmaya yardımcı olur. Durulandıktan sonra bile cildin daha sağlıklı görünmesini destekler.,https://static.ticimax.cloud/cdn-cgi/image/width=76,quality=85/53520/uploads/urunresimleri/buyuk/clarifying-cleanser-200-ml-e1-4e5.jpeg,CİLT BAKIM ÜRÜNLERİ > JEL > ,MURAD,TL2.955,00
Clarifying Hydro-Mask 50 ML,Kusurlu donuk ciltler için arındırıcı kil maskesi.,https://static.ticimax.cloud/cdn-cgi/image/width=76,quality=85/53520/uploads/urunresimleri/buyuk/clarifying-hydro-mask-50-ml-479215.jpeg,CİLT BAKIM ÜRÜNLERİ > MASKE > ,BELLEFONTAINE S.,
Clarifying Toner 150 ML,Serinletici formülü ile cildi fazla yağdan anında arındırmaya yardımcı olur ve Cadı Fındığı Özü ile gözenekleri sıkılaştırmayı destekler.,https://static.ticimax.cloud/cdn-cgi/image/width=76,quality=85/53520/uploads/urunresimleri/buyuk/clarifying-toner-150-ml-a-46fa.jpeg,CİLT BAKIM ÜRÜNLERİ > TONİK > ,MURAD,TL2.465,00
Clarity⁺ Sebu AC&E Oil 60 ML,Sebu- ACE Oil kür olarak Sebu-Lac Lotion ile karıştırılarak kullanılmak üzere yağ bazlı vitamin ve bitkilerden cildin en üst seviyede faydalanması için özel formüle edilmiş üründür.,https://static.ticimax.cloud/cdn-cgi/image/width=76,quality=85/53520/uploads/urunresimleri/buyuk/clarity-sebu-ace-oil-60-ml-ee2-a9.jpeg,CİLT BAKIM ÜRÜNLERİ > BAKIM YAĞI > ,ENVIRON,
Clarity⁺ Sebu-Clear Masque 50 ML,Sebu- Clear Masque cildinizi nazikçe temizler, derinlemesine arındırır ve pürüzsüz bir cilt görünümü kazandırır.,https://static.ticimax.cloud/cdn-cgi/image/width=76,quality=85/53520/uploads/urunresimleri/buyuk/clarity-sebu-clear-masque-50-ml-a123-8.jpeg,CİLT BAKIM ÜRÜNLERİ > MASKE > ,ENVIRON,
Clarity⁺ Sebu-Lac Lotion 60 ML,Sebu- Lac Lotion kür olarak Sebu-ACE Oil ile karıştırılarak kullanılmak üzere yağsız olarak formüle edilmiş arındırıcı, dengeleyici üründür.,https://static.ticimax.cloud/cdn-cgi/image/width=76,quality=85/53520/uploads/urunresimleri/buyuk/clarity-sebu-lac-lotion-60-ml-6f5c-4.jpeg,CİLT BAKIM ÜRÜNLERİ > LOSYON > ,ENVIRON,
Clarity⁺ Sebutone 100 ML,Sebum kanallarını açan ve fazla sebumu gideren, cilt arındırıcı bir üründür. Ayrıca ölü hücrelerin giderilmesini destekler ve cildi bakım rutinindeki diğer aşamaya hazırlar.,https://static.ticimax.cloud/cdn-cgi/image/width=76,quality=85/53520/uploads/urunresimleri/buyuk/clarity-sebutone-100-ml-08-459.jpeg,CİLT BAKIM ÜRÜNLERİ > TONİK > ,ENVIRON,
Clarity⁺ Sebuwash 150 ML,Sebum kanallarını açan bu ürün, yüzeydeki fazla sebumu giderir ve cildi nazikçe temizler.,https://static.ticimax.cloud/cdn-cgi/image/width=76,quality=85/53520/uploads/urunresimleri/buyuk/clarity-sebuwash-150-ml-49-876.jpeg,CİLT BAKIM ÜRÜNLERİ > YIKAMA JELİ > ,ENVIRON,
Cleanser2+ - 100 ml,Cildin doğal yenileme sürecini destekleyen bileşenlere sahip, kremsi - hafif su çözülebilir temizleme sütü.çeriğinde bulunan Amino asitler ile hassas ve derinlemesine temizlik sağlar. Cildi yüzeyine yerleşen (deri salgıları,toz,kir, donmuş yağ kalıntıları ve pudra ve fondöten gibi suni tabakalar) her şeyden hassas bir şekilde arındırır. Bal karışımı / Shea yağı ile cildin doğal nem oranını muhafaza eder, yatıştırır ve yumuşak & kadifemsi yapar.D- Phantenal ile cilde derinlemesine nüfuz eden nemlendirici etkiye sahiptir.,https://static.ticimax.cloud/cdn-cgi/image/width=76,quality=85/53520/uploads/urunresimleri/buyuk/cleanser2-100-ml-038b-4.jpeg,CİLT BAKIM ÜRÜNLERİ > TEMİZLEME > ,MSB,TL3.664,00
Cleansing Complex 180 ML,Bu berrak, hafif temizleme jeli güçlüdür, ancak hassas ciltler için yeterince naziktir Temizleme Kompleksi, temel doğal yağlarla soymadan cildin yüzeyini ve gözeneklerini tamamen temizleyen, cildi yumuşak ve pürüzsüz bırakan biyolojik besinler, antioksidanlar ve hafif cilt yenileme bileşenlerinin dengesini içerir Cleansing Complex, profesyonel cilt bakımlarında bir tedavi adımı olarak mükemmeldir ve makyajın çıkarılmasında çok etkilidir Tüm cilt tipleri ve her yaş için mükemmel olan bu ürün, leke eğilimli ciltlerde bile yardımcı olur,https://static.ticimax.cloud/cdn-cgi/image/width=76,quality=85/53520/uploads/urunresimleri/buyuk/cleansing-complex-180-ml-d1-af1.jpeg,CİLT BAKIM ÜRÜNLERİ > TEMİZLEME > ,IS CLINICAL,TL2.034,00
Cleansing Complex 60 ML,Bu berrak, hafif temizleme jeli güçlüdür, ancak hassas ciltler için yeterince naziktir Temizleme Kompleksi, temel doğal yağlarla soymadan cildin yüzeyini ve gözeneklerini tamamen temizleyen, cildi yumuşak ve pürüzsüz bırakan biyolojik besinler, antioksidanlar ve hafif cilt yenileme bileşenlerinin dengesini içerir Cleansing Complex, profesyonel cilt bakımlarında bir tedavi adımı olarak mükemmeldir ve makyajın çıkarılmasında çok etkilidir Tüm cilt tipleri ve her yaş için mükemmel olan bu ürün, leke eğilimli ciltlerde bile yardımcı olur,https://static.ticimax.cloud/cdn-cgi/image/width=76,quality=85/53520/uploads/urunresimleri/buyuk/cleansing-complex-60-ml-7-8872.jpeg,CİLT BAKIM ÜRÜNLERİ > TEMİZLEME > ,IS CLINICAL,TL1.059,00
Cleansing Complex Polish 120 GR,Cleansing Complex Polish, temel doğal yağları kurutmadan veya soymadan cildin yüzeyini ve gözeneklerini derinlemesine temizler. Bu hafif, köpüklü jel, hem fiziksel hem de biyokimyasal pul pul dökülme sağlamak için güçlü botanik özlerle birleştirilmiş çevre dostu Selüloz ve Jojoba mikropartikülleri içerir. Tek bir üründe eksiksiz bir yüz deneyimi sunan bu çok amaçlı temizleme ovma cildi anında pürüzsüzleştirir, parlatır ve yumuşatır. Cleansing Complex Polish, tüm cilt tipleri ve yaşları için uygundur.,https://static.ticimax.cloud/cdn-cgi/image/width=76,quality=85/53520/uploads/urunresimleri/buyuk/cleansing-complex-polish-120-gr-de8-b9.jpeg,CİLT BAKIM ÜRÜNLERİ > PEELING > ,IS CLINICAL,TL2.034,00
Cleansing Foam Gel With Water Lilly 125ml,Karma ciltler için temizleyici,https://static.ticimax.cloud/cdn-cgi/image/width=76,quality=85/53520/uploads/urunresimleri/buyuk/cleansing-foam-gel-with-water-lilly-12-8326-4.jpeg,CİLT BAKIM ÜRÜNLERİ > TEMİZLEME > ,DARPHIN,TL1.200,00
Clear Glow Cleansing Gel Scrub 125 ML,%95 doğal formülündeki jojoba tanecikleri ve Saf Kutup Kaynak Suyu ile cildi hassas ama etkili bir şekilde derinlemesine temizlerken; Kutup Cloudberry Özü'nden gelen C Vitamini ile cildin aydınlık bir görünüme kavuşmasına yardımcı olur.,https://static.ticimax.cloud/cdn-cgi/image/width=76,quality=85/53520/uploads/urunresimleri/buyuk/clear-glow-cleansing-gel-scrub-125-ml--749d-.jpeg,CİLT BAKIM ÜRÜNLERİ > TEMİZLEME > ,LUMENE,TL810,00
Clearing Skin Wash 250 ML,Köpüren bu temizleyici cildi arındırmaya ve cilt yaşlanmasının görünen belirtilerini azaltmaya yardımcı olur. Bir Beta Hidroksi Asit olan Salisilik Asit, tıkanmış gözeneklerin temizlenmesine ve cildin daha yaşlı görünmesine neden olan matlığın giderilmesine yardımcı olmak için ciltteki doğal yenilenmeyi uyarır. Mentol ve Kafuru cildi serinletir. Nane, Okaliptüs ve Çay Ağacı özleri içerir. Temizlenmiş cildi Active Clearing Bakım içeriklerinin emilimine hazır hale gelir.,https://static.ticimax.cloud/cdn-cgi/image/width=76,quality=85/53520/uploads/urunresimleri/buyuk/clearing-skin-wash-250-ml-2a88-9.jpeg,CİLT BAKIM ÜRÜNLERİ > TEMİZLEME > ,DERMALOGICA,TL1.915,00
Clenziderm MD Pore Therapy 148 ML,%2 salisilik asit ile formüle edilmiştir. Pore Therapy, cildi tazeler ve akne tedavisi sürecindeki bir sonraki adıma hazırlar.,https://static.ticimax.cloud/cdn-cgi/image/width=76,quality=85/53520/uploads/urunresimleri/buyuk/clenziderm-md-pore-therapy-148-ml--bfe6-.jpeg,CİLT BAKIM ÜRÜNLERİ > TONİK > ,OBAGI,TL2.077,00
Clenziderm MD Daily Care Foaming Cleanser 118 ML,%2 salisilik asit içeren hafif, köpüklü akne temizleyici gözeneklerin açılmasına ve ölü deri ile kirlerin temizlenmesine yardımcı olur. Serinletici mentol ile cildi tazeler, rahatlamış bir cilt hissi bırakır.,https://static.ticimax.cloud/cdn-cgi/image/width=76,quality=85/53520/uploads/urunresimleri/buyuk/clenziderm-md-daily-care-foaming-clean-a37-d1.jpeg,CİLT BAKIM ÜRÜNLERİ > YIKAMA JELİ > ,OBAGI,TL2.077,00
COCKTAIL D'ACTIFS REGENERANTS (Boite de 10 Ampoules),The Cocktail d'Actifs Régénérants, en cansızlaşmış ve yetersiz Cilt Durumları'nda bile sonuçlar elde etmek için en gelişmiş biyoteknolojiden türetilmiş, yenileyici, canlandırıcı, uyarıcı ve enerji verici 56 aktif bileşenlerden oluşan bir konsantredir.,https://static.ticimax.cloud/cdn-cgi/image/width=76,quality=85/53520/uploads/urunresimleri/buyuk/cocktail-dactifs-regenerants-boite-de---a783-.jpeg,CİLT BAKIM ÜRÜNLERİ > SERUM > ,BIOLOGIQUE R.,
Collagen Dry Skin Mask 250 ML,İçeriğindeki kolajen ve özel yağlar ile olgun ciltlerin beslenmesini sağlar. Yağlanmaya meyilli ciltlere ikinci bir maske olarak ve kuru ciltleri bir sonraki maskeye hazırlamak için kullanılabilir.,https://static.ticimax.cloud/cdn-cgi/image/width=76,quality=85/53520/uploads/urunresimleri/buyuk/collagen-dry-skin-mask-250-ml-3717fe.jpeg,CİLT BAKIM ÜRÜNLERİ > MASKE > ,THERADERM,
Collagen Extreme - 30 ml,En yüksek düzeyde bakım için saf ve doğal kolajen içeren oldukça yoğun ve çoklu aktif bakım sağlayan yapılandırıcı serum. Çok hassas ve kuru ciltler, nemlendirmeye ihtiyaç duyan tüm ciltler için nemin daha fazla emilmesini sağlar ve cildin nemi tutma gücünü artırır. Cildin kolejen matriksinin oluşumunu destekler, kırışıkların derinliğini azaltarak kırışık ve çizgileri tedavi eder. Şeker pancarından elde edilen bitkisel asit hücresel metabolizmayı destekler, nem dengesini sağlar, nemlendirici etkiye sahiptir ve tahrişi azaltır. Sakinleştirir, nemlendirir, serbest radikalden korur. Golden Kollagenine - eşsiz, altın içerikli peptit yapısı oldukça etkilidir. Cildin kendi kollagen matriksinini niteliğini ve niceliğini artırır. Hiyalüronik Asit - rahatlatıcıdır, yoğun nemlendirme, pürüzsüzleştirir, sıkılaştırır, MSB hiyalüronik asit biyoteknolojisi ile üretilir, canlı değildir aksine belirli bakterilerden kazanılır, yüksekderecede temizlenir (en iyi kalite). Antibakteriel. EcoCert sertifikasına sahip biberiye asidi içerir. Güçlü antioksidanları ile kolajen sentezi üzerine koruyucu etki sağlarken nemi tutma kapasitesini artırır. Aynı zamanda güçlü bir antifamatuar’dır.,https://static.ticimax.cloud/cdn-cgi/image/width=76,quality=85/53520/uploads/urunresimleri/buyuk/collagen-extreme-30-ml-0-84b5.jpeg,CİLT BAKIM ÜRÜNLERİ > SERUM > ,MSB,TL8.054,00
COLLAGENE MARIN SERUM AUTHENTIQUE 30 ml,Yüksek konsantrasyonlu aktif deniz bileşenleri ile, suyu epidermisin dış katmanlarına hapsederek cildi sıkılaştırır ve nemlendirir, böylece esnekliğini ve parlaklığını geri kazanır.,https://static.ticimax.cloud/cdn-cgi/image/width=76,quality=85/53520/uploads/urunresimleri/buyuk/collagene-marin-serum-authentique-30-m-a4-be1.jpeg,CİLT BAKIM ÜRÜNLERİ > SERUM > ,BIOLOGIQUE R.,
COLLAGENE NATIF SERUM AUTHENTIQUE 30 ml,Collagène Natif serum, cildi gerginleştirici etkisi ile sıkılaştıran aktif bir cilt bakım serumudur.,https://static.ticimax.cloud/cdn-cgi/image/width=76,quality=85/53520/uploads/urunresimleri/buyuk/collagene-natif-serum-authentique-30-m-9e9a2c.jpeg,CİLT BAKIM ÜRÜNLERİ > SERUM > ,BIOLOGIQUE R.,
COLLAGENE ORIGINEL SERUM AUTHENTIQUE 30ml,Bilimsel araştırmalardan kaynaklanan gerçek bir yenilik olan Collagène Originel serum, cildi 3 boyutta yeniden yoğunlaştırmak için 4 ana kollajen tipi üzerinde etki gösterir. 4 aktif bileşenin benzersiz bir kombinasyonu, ciltte en bol bulunan tip I ve III kollajen üretimini ve dermal-epidermal bileşke görünümünü iyileştirmek için tip IV ve VII'yi destekler. Böylece kırışıklıkların uzunluğunu önemli ölçüde azaltır.,https://static.ticimax.cloud/cdn-cgi/image/width=76,quality=85/53520/uploads/urunresimleri/buyuk/collagene-originel-serum-authentique-3-3-4617.jpeg,CİLT BAKIM ÜRÜNLERİ > SERUM > ,BIOLOGIQUE R.,
Comfort⁺ Complete Anti Pollution Spritz 50 ML,Çevresel faktörlerin zararlarına karşı korumayı hedefleyen yoğun antioksidanlarla zenginleştirilmiştir özellikle hassas ciltler için üründür. Vitamin Step-Up sistemi kullanılırken içeriğindeki çok güçlü ve hedefe yönelik antioksidanlar ile cildin günlük olarak ekstra korunmasını, güçlenmesini ve hassasiyetinin yatışmasını hedefler.,https://static.ticimax.cloud/cdn-cgi/image/width=76,quality=85/53520/uploads/urunresimleri/buyuk/comfort-complete-anti-pollution-spritz-c8486-.jpeg,CİLT BAKIM ÜRÜNLERİ > BAKIM SPREYİ > ,ENVIRON,
Comfort⁺ Purifying Anti Pollution Masque 75 ML,Çevresel kirlilik kaynaklı artıklarını arındırılması ve cildin hassasiyetinin yatıştırılıp sağlıklı görünüme kavuşmasını hedefleyen maskedir. Shea yağı, Jojoba ekstresi, Kaolin gibi güçlü etken maddelere sahiptir.,https://static.ticimax.cloud/cdn-cgi/image/width=76,quality=85/53520/uploads/urunresimleri/buyuk/comfort-purifying-anti-pollution-masqu-f32871.jpeg,CİLT BAKIM ÜRÜNLERİ > MASKE > ,ENVIRON,
Comfort⁺ Vita Enriched Antioxidant Gel 50 ML,Çevresel faktörlerden gördüğü zararları onarmayı hedefleyen yoğun antioksidanlarla zenginleştirilmiştir . Vitamin Step-Up sistemi kullanılırken cildin canlılığını kazanmasını, güçlenmesini ve hassasiyetinin yatışmasını sağlar.,https://static.ticimax.cloud/cdn-cgi/image/width=76,quality=85/53520/uploads/urunresimleri/buyuk/comfort-vita-enriched-antioxidant-gel--11-c4c.jpeg,CİLT BAKIM ÜRÜNLERİ > JEL > ,ENVIRON,
Comfort⁺ Vita Enriched Colostrum Gel 30 ML,İçerdiği kolostrum ve güçlü antioksidanlar ve nemlendiriciler ile cilt konfor kazanır, hassasiyeti yatışır, rahatlar ve nemlenir. Özellikle hassas ve direncini kaybetmiş ciltler için idealdir.,https://static.ticimax.cloud/cdn-cgi/image/width=76,quality=85/53520/uploads/urunresimleri/buyuk/comfort-vita-enriched-colostrum-gel-30-e92-33.jpeg,CİLT BAKIM ÜRÜNLERİ > JEL > ,ENVIRON,
Compact Foundation SPF 50+ Light 10 GR,Kapatıcı etki ve kolay kullanım. Yazın fondöten kullanmak istemeyen ama tıpkı bir fondöten etkisi isteyenlere göre kapatıcı güneş koruma. Süngeri sayesinde kolay uygulama pratiği ile beraber mat güneş koruma sevenlere 2 renk seçeneğiyle üretilmiştir. İçeriğindeki Peptidler sayesinde güneşe bağlı yaşlanmayı hafifletmeye yardımcı olur. Light açık tenliler için, Medium Orta ve buğday tenliler için kullanıma uygundur.,https://static.ticimax.cloud/cdn-cgi/image/width=76,quality=85/53520/uploads/urunresimleri/buyuk/compact-foundation-spf-50-light-10-gr-a8941c.jpeg,CİLT BAKIM ÜRÜNLERİ > BB KREM > ,PH FORMULA,
Compact Foundation SPF50+ Medium 10 GR,Kapatıcı etki ve kolay kullanım. Yazın fondöten kullanmak istemeyen ama tıpkı bir fondöten etkisi isteyenlere göre kapatıcı güneş koruma. Süngeri sayesinde kolay uygulama pratiği ile beraber mat güneş koruma sevenlere 2 renk seçeneğiyle üretilmiştir. İçeriğindeki Peptidler sayesinde güneşe bağlı yaşlanmayı hafifletmeye yardımcı olur. Light açık tenliler için, Medium Orta ve buğday tenliler için kullanıma uygundur.,https://static.ticimax.cloud/cdn-cgi/image/width=76,quality=85/53520/uploads/urunresimleri/buyuk/compact-foundation-spf50-medium-10-gr-3-097c.jpeg,CİLT BAKIM ÜRÜNLERİ > BB KREM > ,PH FORMULA,
COMPLEXE IRIBIOL SERUM AUTHENTIQUE 30 ml,Complexe Iribiol serum sebum üretimini dengeler ve düzenler, aynı zamanda genişlemiş gözeneklerin görünümünü azaltır. Cilt gözle görülür şekilde daha az yağlı hale gelir, gözenekler sıkılaştırılır ve yüzey düzensizliklerinin görünümü yumuşatılır.,https://static.ticimax.cloud/cdn-cgi/image/width=76,quality=85/53520/uploads/urunresimleri/buyuk/complexe-iribiol-serum-authentique-30--3dc4-d.jpeg,CİLT BAKIM ÜRÜNLERİ > SERUM > ,BIOLOGIQUE R.,
COMPLEXE ROYAL 30 ml,Complexe Royal, cilt bariyerinin yenilenmesine yardımcı olan yoğun beslenme sağlayan yüksek konsantrasyonda Arı Sütü içerir, böylece cilt günden güne daha rahat hisseder. Antioksidan aktif bileşenleri aynı zamanda serbest radikallere karşı gerçekten koruma görevi görür.,https://static.ticimax.cloud/cdn-cgi/image/width=76,quality=85/53520/uploads/urunresimleri/buyuk/complexe-royal-30-ml-7c2e88.jpeg,CİLT BAKIM ÜRÜNLERİ > SERUM > ,BIOLOGIQUE R.,
Complexion Clarifying Serum 50 ML,ZO® sebum hedefleme bilimi ile tasarlanmış, sürekli temiz + dengeli bir cilt için yüzey yağını, tıkanıklığı + görünür kızarıklığı azalttığı klinik olarak kanıtlanmış su bazlı serum.,https://static.ticimax.cloud/cdn-cgi/image/width=76,quality=85/53520/uploads/urunresimleri/buyuk/complexion-clarifying-serum-50-ml-7e-a3e.jpeg,CİLT BAKIM ÜRÜNLERİ > SERUM > ,ZO SKIN HEALTH,TL6.500,00
Complexion Clearing Masque 85 GR,Yüzde 10 sülfür içeren bu doğal maskeye bayılacaksınız. Cildinizde sebumu dengelerken, yağlı cilt sorunlarının önüne geçer. Fazla yüzey yağlarını emer, tıkanmış gözenekleri temizler ve cildi nemlendirir.,https://static.ticimax.cloud/cdn-cgi/image/width=76,quality=85/53520/uploads/urunresimleri/buyuk/complexion-clearing-masque-85-gr-cb0-a1.jpeg,CİLT BAKIM ÜRÜNLERİ > MASKE > ,ZO SKIN HEALTH,TL2.500,00
Complexion Clearing Program Kit,Cilt gereken şekilde eksfoliye olmazsa ölü hücreler cilt yüzeyinde ve gözeneklerin içinde birikir. Bu daha sonra cilde hapsolan yağ ile karışır ve gözenekler tıkanır, bu da siyah ve beyaz noktalara yol açar. Sebum aktivitesini yavaşlatıp cilt yüzeyindeki yağı parçalamaya yönelik temel bileşenler içerir, yüzey hasarını onarmak, gözenekleri sıkılaştırmak ve cilt dokusunu iyileştirmek için ölü deri hücrelerini uzaklaştırır.,https://static.ticimax.cloud/cdn-cgi/image/width=76,quality=85/53520/uploads/urunresimleri/buyuk/complexion-clearing-program-kit-c4cfdf.jpeg,CİLT BAKIM ÜRÜNLERİ > KIT PROGRAM > ,ZO SKIN HEALTH,TL8.500,00
Complexion Renewal Pads (60 Pads),Kullanıma hazır şekilde gelen bu kullanımı kolay pedler ile cildinizdeki yağ oranını düşürüp, gözenek tıkayıcı ölü hücrelerden arınabilirsiniz.,https://static.ticimax.cloud/cdn-cgi/image/width=76,quality=85/53520/uploads/urunresimleri/buyuk/complexion-renewal-pads-60-pads--21362.jpeg,CİLT BAKIM ÜRÜNLERİ > TONİK > ,ZO SKIN HEALTH,TL3.000,00
ContinueLine Cell&Tissue Activator - 50 ml,Cildin kendi hücre ve doku yenilenmesinin sürekli uyarılması için zengin aktif içerikli ürün.,https://static.ticimax.cloud/cdn-cgi/image/width=76,quality=85/53520/uploads/urunresimleri/buyuk/continueline-celltissue-activator-50-m-a9db90.jpeg,CİLT BAKIM ÜRÜNLERİ > SERUM > ,MBR,TL8.321,00
ContinueLine Enzyme Specialist - 100 ml,Zorlu, hassas ciltler için enzimatik bazlı yumuşak peeling.,https://static.ticimax.cloud/cdn-cgi/image/width=76,quality=85/53520/uploads/urunresimleri/buyuk/continueline-enzyme-specialist-100-ml-e40829.jpeg,CİLT BAKIM ÜRÜNLERİ > PEELING > ,MBR,TL8.034,00
ContinueLine Enzyme Specialist - 50 ml,Zorlu, hassas ciltler için enzimatik bazlı yumuşak peeling.,https://static.ticimax.cloud/cdn-cgi/image/width=76,quality=85/53520/uploads/urunresimleri/buyuk/continueline-enzyme-specialist-50-ml--4e2d-.jpeg,CİLT BAKIM ÜRÜNLERİ > PEELING > ,MBR,TL5.938,00
ContinueLine Protection Shield Mask - 50 ml,Cildin elastikiyetini, dengesini ve direncini koruması için ihtiyaç duyduğu maddeleri sağlayan dengeleyici, kremsi maske.,https://static.ticimax.cloud/cdn-cgi/image/width=76,quality=85/53520/uploads/urunresimleri/buyuk/continueline-protection-shield-mask-50-e3b-45.jpeg,CİLT BAKIM ÜRÜNLERİ > MASKE > ,MBR,TL9.058,00
ContinueLine Protection Shield Rich - 50 ml,ContinueLine Protection Shield Soft'a alternatif olarak zengin, dengeleyici, yenileyici nihai emülsiyon. Kendi sebumunu yeterince üretmeyen ciltler için.,https://static.ticimax.cloud/cdn-cgi/image/width=76,quality=85/53520/uploads/urunresimleri/buyuk/continueline-protection-shield-rich-50-1-9dd3.jpeg,CİLT BAKIM ÜRÜNLERİ > KREM > ,MBR,TL9.058,00
ContinueLine Protection Shield Soft - 50 ml,Yatıştırıcı, koruyucu ve yenileyici özelliklere sahip yumuşak, pürüzsüz son emülsiyon. Yeterli lipid ve sebum aktivitesi olan ciltler için.,https://static.ticimax.cloud/cdn-cgi/image/width=76,quality=85/53520/uploads/urunresimleri/buyuk/continueline-protection-shield-soft-50--5319-.jpeg,CİLT BAKIM ÜRÜNLERİ > KREM > ,MBR,TL5.503,00
ContinueLine Sensitive Heal Mask - 100 ml,Hassas ve stresli ciltler için beyaz şifalı kilden yoğun bakım krem maskesi.,https://static.ticimax.cloud/cdn-cgi/image/width=76,quality=85/53520/uploads/urunresimleri/buyuk/continueline-sensitive-heal-mask-100-m-6-4a47.jpeg,CİLT BAKIM ÜRÜNLERİ > MASKE > ,MBR,TL9.800,00
ContinueLine Soft Tonic - 150 ml,https://static.ticimax.cloud/cdn-cgi/image/width=76,quality=85/53520/uploads/urunresimleri/buyuk/continueline-soft-tonic-150-ml-8ea-58.jpeg,CİLT BAKIM ÜRÜNLERİ > TONİK > ,TL5.287,00
ContinueLine Three in One Cleanser - 150 ml,Hassas, tahriş olmuş veya çok kuru ciltler için kremsi hafif temizleme emülsiyonu.,https://static.ticimax.cloud/cdn-cgi/image/width=76,quality=85/53520/uploads/urunresimleri/buyuk/continueline-three-in-one-cleanser-150-a73778.jpeg,CİLT BAKIM ÜRÜNLERİ > TEMİZLEME > ,MBR,TL6.111,00
Correct - Antioxidant Defense Serum 30 ML,Düzeltici ve yoğun yenileyici bir koruyucu serumdur ve belirli yaşlanma belirtilerini hedefleyen güçlü yaşlanma karşıtı bileşenler, Retinol, Hyalüronik Asit, Peptitler ve AHA'lar içerir.,https://static.ticimax.cloud/cdn-cgi/image/width=76,quality=85/53520/uploads/urunresimleri/buyuk/correct-antioxidant-defense-serum-30-m-e0b-47.jpeg,CİLT BAKIM ÜRÜNLERİ > SERUM > ,NEOSTRATA,TL5.250,00
Correct - Comprehensive Retinol 0.3% Night Serum (Reformulation Q3 2021) 30 ML,Üç güçlü sonuç için üç güçlü bileşen içerir; Bu güçlü gece serumu, pürüzlü tonu azaltmaya, kaba kırışıklıkların görünümünü düzeltmeye yardımcı olur ve Retinol, Hyaluronik Asit ve NeoGlukosamin ile gözle görülür sıkılaşmayı destekler.,https://static.ticimax.cloud/cdn-cgi/image/width=76,quality=85/53520/uploads/urunresimleri/buyuk/correct-comprehensive-retinol-0.3-nigh-d-e86f.jpeg,CİLT BAKIM ÜRÜNLERİ > SERUM > ,NEOSTRATA,TL5.110,00
Correct - Glycolic Microdermabrasion Polish 75 GR,%10 Glikolik Asit ve profesyonel kalitede alümina kristalleri ile cilt yenileme tedavisi, cilalı, pürüzsüz ve parlak bir görünüm için cildi anında canlandırmak üzere formüle edilmiştir. Çift etkili fiziksel ve kimyasal eksfoliasyon, gözeneklerdeki kirleri netleştirmeye ve temizlemeye yardımcı olmak için cildin yüzey hücrelerini hızla temizler.,https://static.ticimax.cloud/cdn-cgi/image/width=76,quality=85/53520/uploads/urunresimleri/buyuk/correct-glycolic-microdermabrasion-pol-0-4d70.jpeg,CİLT BAKIM ÜRÜNLERİ > PEELING > ,NEOSTRATA,TL4.410,00
Correct and Protect Serum SPF 45 30 ML,Klinik çalışmalarla kanıtlanmış etkisiyle %100 mineral SPF’li saten pürüzsüzlüğündeki Güneş Koruyucu Leke Karşıtı Serum; leke ve ton farklılıklarına karşı gözle görülür etki sağlarken oluşmasını engellemeye yardımcı olur. UV’ye duyarlı Karotenoid Teknolojisi ile güçlü bir antioksidan etkisi göstermesinin yanında Pancar Kökü Özü'yle cilde uzun süreli ve kalıcı bir nemlendirme sağlar.,https://static.ticimax.cloud/cdn-cgi/image/width=76,quality=85/53520/uploads/urunresimleri/buyuk/correct-and-protect-serum-spf-45-30-ml--f96a-.jpeg,CİLT BAKIM ÜRÜNLERİ > SERUM > ,MURAD,TL5.670,00
CR Recovery 30 ML,CR Recovery, içerisinde bulunan Retinol, Niasinamid, Laktobionik asit ile cildi besler ve onarır.,https://static.ticimax.cloud/cdn-cgi/image/width=76,quality=85/53520/uploads/urunresimleri/buyuk/cr-recovery-30-ml-a82376.jpeg,CİLT BAKIM ÜRÜNLERİ > KREM > ,PH FORMULA,
CR Resurfacing Kit (4 Ürün),Hassas, çabuk etkilenen ciltlere uygun olan bu kitte;,https://static.ticimax.cloud/cdn-cgi/image/width=76,quality=85/53520/uploads/urunresimleri/buyuk/cr-resurfacing-kit-4-urun-1e1a-c.jpeg,CİLT BAKIM ÜRÜNLERİ > KIT PROGRAM > ,PH FORMULA,
Cream Cleanser 120 ML,Bu hafif, nemlendirici kremli temizleyici hem güçlü hem de kuru, hassas ciltlerde kullanılabilecek kadar naziktir Cream Cleanser, cildin yüzeyini ve gözeneklerini derinlemesine temizlerken kuru alanların görünümünü ve hissini yatıştırmaya çalışan biyobesinleri, antioksidanları ve onarıcı bileşenleri birleştirir Cilt tazelenmiş, nemlenmiş ve temiz hissedilir Krem Temizleyici, en zorlu cilt koşullarında bile etkilidir,https://static.ticimax.cloud/cdn-cgi/image/width=76,quality=85/53520/uploads/urunresimleri/buyuk/cream-cleanser-120-ml-49-414.jpeg,CİLT BAKIM ÜRÜNLERİ > TEMİZLEME > ,IS CLINICAL,TL2.034,00
Cream Extraordinary - 200 ml,Eşsiz hafiflik ve tazeliğe sahip yoğun besleyici krem. Malzemeler, gerçek altın yaprak pulları ile sinerji içinde çalışır.,https://static.ticimax.cloud/cdn-cgi/image/width=76,quality=85/53520/uploads/urunresimleri/buyuk/cream-extraordinary-200-ml-e68b-4.jpeg,CİLT BAKIM ÜRÜNLERİ > KREM > ,MBR,TL52.520,00
Cream Extraordinary - 50 ml,Eşsiz hafiflik ve tazeliğe sahip yoğun besleyici krem. Malzemeler, gerçek altın yaprak pulları ile sinerji içinde çalışır.,https://static.ticimax.cloud/cdn-cgi/image/width=76,quality=85/53520/uploads/urunresimleri/buyuk/cream-extraordinary-50-ml--ad1c-.jpeg,CİLT BAKIM ÜRÜNLERİ > KREM > ,MBR,TL16.115,00
Cream Special - 50 ml,Kadifemsi hafif, pürüzsüz kıvamda olağanüstü yüz kremi. Geliştirme sırasında, organik bileşenlerin uyumlu formülasyonuna özel önem verildi ve aşırı aktif bileşenlerden bilinçli olarak kaçınıldı. Cream Special, cilde dengelenmesi, korunması ve düzenlenmesi için gereksinim duyduğu her şeyi veriyor.,https://static.ticimax.cloud/cdn-cgi/image/width=76,quality=85/53520/uploads/urunresimleri/buyuk/cream-special-50-ml-f-acee.jpeg,CİLT BAKIM ÜRÜNLERİ > KREM > ,MBR,TL9.924,00
CREME ADN METAMORPHIQUE 50 ml,Olağanüstü bir sıkılaştırıcı bakım olan Crème ADN Métamorphique, yüzün ovalini yeniden yapılandırarak sarkan cilt ve sarkıklıkla mücadele eder. Doğal konturlar yeniden tanımlanır ve yeniden dengelenirken, hacim daha uyumlu hale gelir.,https://static.ticimax.cloud/cdn-cgi/image/width=76,quality=85/53520/uploads/urunresimleri/buyuk/creme-adn-metamorphique-50-ml-5f-1ec.jpeg,CİLT BAKIM ÜRÜNLERİ > KREM > ,BIOLOGIQUE R.,
CREME AMNIOS 50 ml,Hücresel oligopeptitler açısından zengin olan bu gençleştirici, canlandırıcı krem, cildin dokusunu arındırarak orijinal güzelliğini geri kazandırır. Seboreik eğilimi olan normal veya karma ciltler için önerilir.,https://static.ticimax.cloud/cdn-cgi/image/width=76,quality=85/53520/uploads/urunresimleri/buyuk/creme-amnios-50-ml-d-9440.jpeg,CİLT BAKIM ÜRÜNLERİ > KREM > ,BIOLOGIQUE R.,
CREME AU COLLAGENE MARIN 50 ml,Crème Collagène, epidermisi gözle görülür şekilde yeniden canlandıran yenileyici bir cilt bakım ürünüdür. Dermal destek protein lifi olan kolajen segmenti etrafında formüle edilmiştir ve cildin yapısını onarmaya yardımcı olur. Suda depolanmış aktif maddelerle birleştirilmiştir, dolgunlaşan ve gerginleşen cilt dokusunu anında nemlendirir. Hafif dokusu seboreye meyilli ciltler için uygundur.,https://static.ticimax.cloud/cdn-cgi/image/width=76,quality=85/53520/uploads/urunresimleri/buyuk/creme-au-collagene-marin-50-ml-e-c624.jpeg,CİLT BAKIM ÜRÜNLERİ > KREM > ,BIOLOGIQUE R.,
CREME AUX ACIDES DE FRUITS 30 ml,Gerçek bir mükemmelleştirici krem olan Crème aux Acides de Fruits, cilt dokusunu nazikçe exfoliye etmek, pürüzsüzleştirmek ve iyileştirmek için gereken tüm temel unsurları içerir.,https://static.ticimax.cloud/cdn-cgi/image/width=76,quality=85/53520/uploads/urunresimleri/buyuk/creme-aux-acides-de-fruits-30-ml-31-5e6.jpeg,CİLT BAKIM ÜRÜNLERİ > KREM > ,BIOLOGIQUE R.,
CREME B-STRIA 200 ml,Crème B-Stria, beyaz çatlakların görünümünü önler ve azaltır, cildinizde rahatlatıcı bir etki bırakır.,https://static.ticimax.cloud/cdn-cgi/image/width=76,quality=85/53520/uploads/urunresimleri/buyuk/creme-b-stria-200-ml-90cb45.jpeg,CİLT BAKIM ÜRÜNLERİ > KREM > ,BIOLOGIQUE R.,
CREME BIOFIXINE 50 ml,Crème Biofixine, en yeni nesil yaşlanma önleyici kremler arasındadır. Kırışıklıklara ve ince ifade çizgilerinin oluşmasına neden olan mikro kasılmalar üzerindeki gevşetici etkileri ile bilinen Myorelax Peptide ile zenginleştirilmiştir.,https://static.ticimax.cloud/cdn-cgi/image/width=76,quality=85/53520/uploads/urunresimleri/buyuk/creme-biofixine-50-ml-96-41a.jpeg,CİLT BAKIM ÜRÜNLERİ > KREM > ,
CREME COLLAGENE 50ml,Crème Collagène, epidermisi gözle görülür şekilde yeniden canlandıran yenileyici bir cilt bakım ürünüdür. Dermal destek protein lifi olan kolajen segmenti etrafında formüle edilmiştir ve cildin yapısını onarmaya yardımcı olur.,https://static.ticimax.cloud/cdn-cgi/image/width=76,quality=85/53520/uploads/urunresimleri/buyuk/creme-collagene-50ml-a3d-23.jpeg,CİLT BAKIM ÜRÜNLERİ > KREM > ,BIOLOGIQUE R.,
CREME DERMO-RL 50 ml,Epidermis için bir kalkan görevi gören Crème Dermo-RL, tam bir onarıcı ve yenileyici cilt bakımı tedavisidir.,https://static.ticimax.cloud/cdn-cgi/image/width=76,quality=85/53520/uploads/urunresimleri/buyuk/creme-dermo-rl-50-ml-8d-b72.jpeg,CİLT BAKIM ÜRÜNLERİ > KREM > ,BIOLOGIQUE R.,
CREME DERMOPURIFIANTE 50 ml,Crème Dermopurifiante, matlaştırıcı ve sıkılaştırıcı özellikleriyle, yağ düzenleyici en iyi cilt bakım ürünüdür. Sebum üretimine etki eder, epidermisi arındırarak cildi genişlemiş gözenekler, siyah noktalar, mikrokistler veya siyah noktalar gibi kusurlardan arındırır,https://static.ticimax.cloud/cdn-cgi/image/width=76,quality=85/53520/uploads/urunresimleri/buyuk/creme-dermopurifiante-50-ml-5-474a.jpeg,CİLT BAKIM ÜRÜNLERİ > KREM > ,BIOLOGIQUE R.,
CREME ELASTINE 50 ml,Crème Elastine ince çizgilerin ve kırışıklıkların görünümünü azaltan yumuşatıcı bir bakımdır. Benzersiz dokusu, cildi tıkamaz ve yağlı bir tabaka bırakmadan cilt yapısını taklit ederek nemini artırır.,https://static.ticimax.cloud/cdn-cgi/image/width=76,quality=85/53520/uploads/urunresimleri/buyuk/creme-elastine-50-ml-27f2-4.jpeg,CİLT BAKIM ÜRÜNLERİ > KREM > ,BIOLOGIQUE R.,
CREME GRAND MILLESIME 50 ml,Crème Grand Millésime, cildi canlandıran ve aydınlatan çok işlevli bir kremdir.,https://static.ticimax.cloud/cdn-cgi/image/width=76,quality=85/53520/uploads/urunresimleri/buyuk/creme-grand-millesime-50-ml-abc4-8.jpeg,CİLT BAKIM ÜRÜNLERİ > KREM > ,BIOLOGIQUE R.,
CREME HYDRAVIT'S 50 ml,https://static.ticimax.cloud/cdn-cgi/image/width=76,quality=85/53520/uploads/urunresimleri/buyuk/creme-hydravits-50-ml-f1-493.jpeg,CİLT BAKIM ÜRÜNLERİ > KREM > ,BIOLOGIQUE R.,
CREME ISO PLACENTA 50 ml,Crème Iso-Placenta, özellikle akneye eğilimli cilt üzerinde etkili olan yoğun, yenileyici cilt bakımı sağlar. Aknenin neden olduğu kusurların görünümünü azaltmak için hücre yenilenmesini destekler.,https://static.ticimax.cloud/cdn-cgi/image/width=76,quality=85/53520/uploads/urunresimleri/buyuk/creme-iso-placenta-50-ml-a3bcd9.jpeg,CİLT BAKIM ÜRÜNLERİ > KREM > ,BIOLOGIQUE R.,
CREME MASQUE VERNIX 50 ml,Crème Masque Vernix, epidermisin yenilenmesine yardımcı olur, böylece pratikte "yeniden doğmuş" hissi verir. Yenidoğanın epidermal koruyucu bariyerinden ilham alan bu krem, aynı zamanda bir maske görevi de görür.,https://static.ticimax.cloud/cdn-cgi/image/width=76,quality=85/53520/uploads/urunresimleri/buyuk/creme-masque-vernix-50-ml-26cbe3.jpeg,CİLT BAKIM ÜRÜNLERİ > KREM > ,BIOLOGIQUE R.,
CREME MSR-H 50 ml,Crème MSR-H, menopozdan kaynaklanan cilt dengesizliklerini hedefleyen yüksek konsantrasyonda aktif bileşenlere sahiptir. Dermo yenileyici formülü, cilt dokusunu yeniden yoğunlaştırarak daha sıkı ve elastik hale getirir.,https://static.ticimax.cloud/cdn-cgi/image/width=76,quality=85/53520/uploads/urunresimleri/buyuk/creme-msr-h-50-ml--972f1.jpeg,CİLT BAKIM ÜRÜNLERİ > KREM > ,BIOLOGIQUE R.,
CREME PIGM 400 50 ml,Crème PIGM 400, koyu lekelerin görünümünü azaltırken cildi aydınlatan ve koruyan bir aktif bileşen konsantresidir. Pigment lekelerinin yoğunluğunu azaltmaya ve yeni lekelerin ortaya çıkmasını önlemeye yardımcı olur.,https://static.ticimax.cloud/cdn-cgi/image/width=76,quality=85/53520/uploads/urunresimleri/buyuk/creme-pigm-400-50-ml-c5e00c.jpeg,CİLT BAKIM ÜRÜNLERİ > KREM > ,BIOLOGIQUE R.,
CREME R-STRIA 200 ml,Crème R-Stria, kırmızı çatlakların görünümünü önler ve azaltır, cildinizde rahatlatıcı bir etki bırakır.,https://static.ticimax.cloud/cdn-cgi/image/width=76,quality=85/53520/uploads/urunresimleri/buyuk/creme-r-stria-200-ml-f82f4c.jpeg,CİLT BAKIM ÜRÜNLERİ > KREM > ,BIOLOGIQUE R.,
CREME SPLENDIDE 50 ml,Crème Splendide, cilt yaşlanmasına karşı mücadeleye yardımcı olan gerçek bir canlılık takviyesidir. Bu yüksek performanslı krem sıkılık, toparlama ve nem sağlar.,https://static.ticimax.cloud/cdn-cgi/image/width=76,quality=85/53520/uploads/urunresimleri/buyuk/creme-splendide-50-ml-d54b51.jpeg,CİLT BAKIM ÜRÜNLERİ > KREM > ,BIOLOGIQUE R.,
CREME VERTE ESPOIR A.R. 50 ml,Yüzdeki kızarıklıkla mücadele için ideal olan Crème Verte Espoir A.R. rosacea belirtilerini önler ve azaltır. Kırık kılcal damarlara etki ederek, kronik kızarıklığın kapsamını ve yoğunluğunu azaltmak için görünüşlerini gözle görülür şekilde azaltır.,https://static.ticimax.cloud/cdn-cgi/image/width=76,quality=85/53520/uploads/urunresimleri/buyuk/creme-verte-espoir-a.r.-50-ml-7f4fc1.jpeg,CİLT BAKIM ÜRÜNLERİ > KREM > ,BIOLOGIQUE R.,
CREME VG DERM 50 ml,Besleyici ve nemlendirici aktif bileşenlerle zenginleştirilmiş Crème VG Derm, ciltteki lipitlerin yenilenmesine yardımcı olur ve epidermisten su kaybını sınırlamak için doğal bariyerini güçlendirir. En kuru bölgelerde bile epidermise optimum, uzun süreli hidrasyon sağlar.,https://static.ticimax.cloud/cdn-cgi/image/width=76,quality=85/53520/uploads/urunresimleri/buyuk/creme-vg-derm-50-ml-3df97e.jpeg,CİLT BAKIM ÜRÜNLERİ > KREM > ,BIOLOGIQUE R.,
CREME VIP O2 50 ml,Crème VIP 0 2 , epidermis üzerindeki kirletici maddeleri yakalayarak kirlilik hasarıyla mücadele eden aktif bileşenler bakımından zengindir. Cildi oksidatif stresten korur.Bu krem,cildin parlaklığını donuk tenlere geri kazandırırken aynı zamanda epidermisi de yeniler.,https://static.ticimax.cloud/cdn-cgi/image/width=76,quality=85/53520/uploads/urunresimleri/buyuk/creme-vip-o2-50-ml-085d06.jpeg,CİLT BAKIM ÜRÜNLERİ > KREM > ,BIOLOGIQUE R.,
Cross Lift Serum Ultrapeptide - 30 ml,Cildin özellikle hızlı ve kalıcı yenilenmesi için çoklu regüle edici yoğun bakım. Eşsiz bakım etkisi hemen fark edilir. Megadozlu epidermal ve dermal etkili Serum, uygulamadan hemen sonra cildin daha genç, daha tazelenmiş ve fark edilir derecede pürüzsüz görünmesini sağlar.,https://static.ticimax.cloud/cdn-cgi/image/width=76,quality=85/53520/uploads/urunresimleri/buyuk/cross-lift-serum-ultrapeptide-30-ml--0a5f-.jpeg,CİLT BAKIM ÜRÜNLERİ > SERUM > ,MBR,TL19.163,00
CRYOSTICKS (la boite de 2),Biologique Recherche Cryo-Sticks, soğutma özelliklerine sahip paslanmaz çelikten tasarlanmıştır. Cryo-Sticks, ünlü Biologique cilt bakım serisinin bir parçasıdır. Bu güzellik aracı kızarıklığı azaltmak ve iltihabı en aza indirmek için tasarlanmıştır. En iyi sonuçlar buzdolabında saklandığında veya buz küpleriyle dolu bir leğende kullanıldığında görülür. Biologique Recherche Cryo-Stick'ler tıbbi sınıf paslanmaz çelikten yapılmıştır ve maksimum termal enerjiyi depolayarak soğuğun ciltle teması halinde yayılmasını sağlar.,https://static.ticimax.cloud/cdn-cgi/image/width=76,quality=85/53520/uploads/urunresimleri/buyuk/cryosticks-la-boite-de-2-57b-48.jpeg,CİLT BAKIM ÜRÜNLERİ > DİĞER > ,BIOLOGIQUE R.,
CytoLine Cream 100 - 50 ml,Cildin yenileyici hücre çoğalması ve nem düzenleme kapasitesini aktif olarak artıran oldukça etkili, konsantre bir bakım kremi.,https://static.ticimax.cloud/cdn-cgi/image/width=76,quality=85/53520/uploads/urunresimleri/buyuk/cytoline-cream-100-50-ml--8df3-.jpeg,CİLT BAKIM ÜRÜNLERİ > KREM > ,MBR,TL14.691,00
CytoLine Face Mask 100 - 50 ml,Yoğun canlandırıcı, yenileyici ve enerji veren krem maske.,https://static.ticimax.cloud/cdn-cgi/image/width=76,quality=85/53520/uploads/urunresimleri/buyuk/cytoline-face-mask-100-50-ml-6a570e.jpeg,CİLT BAKIM ÜRÜNLERİ > MASKE > ,MBR,TL10.878,00
CytoLine Firming Liquid Mask - 8xBlister, 1x30 ml,Tüm yorgunluk ve gözle görülür yaşlanma belirtilerini hızla ve kolayca azaltan yumuşatıcı bir sıvı maske.,https://static.ticimax.cloud/cdn-cgi/image/width=76,quality=85/53520/uploads/urunresimleri/buyuk/cytoline-firming-liquid-mask-6xblister-4d0c0c.jpeg,CİLT BAKIM ÜRÜNLERİ > MASKE > ,MBR,TL8.299,00
Daily Glycolic Cleanser 150 ML,Aydınlatıcı ve düzenleyici bu temizleyici, çevresel etkenler ile oluşan birikimleri ciltten arındırarak cansız ve cilt tonu düzensizliğini olan cildi yenilemeye yardımcı olur. Glikolik Asit, daha iyi ve ışıltılı görünen bir cilt için, cildi matlaştıran ölü deri hücrelerini temizleyerek cildi aydınlatır. Rahatlatıcı Calendula Özü ve besleyici Jojoba Tohumu Yağı karışımı, cildin lipid bariyerini korurken, cildi beslemeye ve düzenlemeye yardımcı olur.,https://static.ticimax.cloud/cdn-cgi/image/width=76,quality=85/53520/uploads/urunresimleri/buyuk/daily-glycolic-cleanser-150-ml-9ffbc0.jpeg,CİLT BAKIM ÜRÜNLERİ > TEMİZLEME > ,DERMALOGICA,TL1.860,00
Daily Microfoliant 13 GR,Her gün bu ikonik eksfoliasyon yapan toz ile daha aydınlık ve yumuşak bir cilde sahip olun. Pirinç bazlı toz formül su ile temas ettiğinde aktive olup cildi cilalayıcı Papain, Salisilik Asit ve Pirinç Enzimlerini açığa çıkarır. Fitik Asit ve Pirinç Kepeğinden oluşan cildi Aydınlatıcı Kompleks, Yeşil Çay ve Meyankökü ile cilt tonunu dengelemeye yardımcı olurken rahatlatıcı Kolloidal Yulafı ve Allantoin cildi sakinleştirir. Her gün kullanılacak kadar naziktir.,https://static.ticimax.cloud/cdn-cgi/image/width=76,quality=85/53520/uploads/urunresimleri/buyuk/daily-microfoliant-13-gr-15-442.jpeg,CİLT BAKIM ÜRÜNLERİ > PEELING > ,DERMALOGICA,TL860,00
Daily Microfoliant Refill 74 GR,Bu ikonik eksfoliasyon yapan toz ile her gün daha aydınlık, pürüzsüz bir cilt elde edin. Pirinç-bazlı toz su ile birleştiğinde aktif hale gelir, Papain, Salisilik Asit ve Pirinç enzimlerini serbest bırakarak cildi pürüzsüzleştirir. Pirinç Kepeğinden elde edilen Fitik Asitin Cildi Aydınlatıcı Kompleksi, Beyaz Çay ve Meyankökü düzensiz cilt tonunu dengelemeye yardımcı olurken, Kolloidal Yulaf ve Allantoinin karışımı cildi rahatlatır. Her gün kullanılabilecek kadar naziktir.,https://static.ticimax.cloud/cdn-cgi/image/width=76,quality=85/53520/uploads/urunresimleri/buyuk/daily-microfoliant-refill-74-gr-56ea-4.jpeg,CİLT BAKIM ÜRÜNLERİ > PEELING > ,DERMALOGICA,TL2.830,00
Daily Milkfoliant 13 GR,Cildi rahatlatıcı vegan eksfoliasyon yapan toz, cildi parlatır ve cildin doğal nem bariyerinin korunmasına destek sağlar.Yulaf ve Hindistan Cevizi içeren vegan sütlü toz eksfoliant, su ile temas ettiğinde aktif hale gelir ve açığa çıkan bitkisel özler ölü deri hücrelerini ciltten arındırmaya yardımcı olurlar. Bu nazik eksfoliasyon yapan toz, Alfa Hidroksi Asitler (AHA'lar) ve Beta Hidroksi Asitler (BHA'lar) açısından zengin meyve bazlı Üzüm Özü ve Arginin karışımı Hindistan Cevizi Sütü ile birlikte çalışarak daha pürüzsüz ve yumuşak bir cilt sağlar. Papaya’dan elde edilen Papain Özü, eksfoliasyon özellikleri sağlayarak cilt yüzeyinin yenilenmesine yardımcı olur.,https://static.ticimax.cloud/cdn-cgi/image/width=76,quality=85/53520/uploads/urunresimleri/buyuk/daily-milkfoliant-13-gr-92b5a9.jpeg,CİLT BAKIM ÜRÜNLERİ > PEELING > ,DERMALOGICA,TL860,00
Daily Milkfoliant 74 GR,Cildi rahatlatıcı vegan eksfoliasyon yapan toz, cildi parlatır ve cildin doğal nem bariyerinin korunmasına destek sağlar.Yulaf ve Hindistan Cevizi içeren vegan sütlü toz eksfoliant, su ile temas ettiğinde aktif hale gelir ve açığa çıkan bitkisel özler ölü deri hücrelerini ciltten arındırmaya yardımcı olurlar. Bu nazik eksfoliasyon yapan toz, Alfa Hidroksi Asitler (AHA'lar) ve Beta Hidroksi Asitler (BHA'lar) açısından zengin meyve bazlı Üzüm Özü ve Arginin karışımı Hindistan Cevizi Sütü ile birlikte çalışarak daha pürüzsüz ve yumuşak bir cilt sağlar. Papaya’dan elde edilen Papain Özü, eksfoliasyon özellikleri sağlayarak cilt yüzeyinin yenilenmesine yardımcı olur.,https://static.ticimax.cloud/cdn-cgi/image/width=76,quality=85/53520/uploads/urunresimleri/buyuk/daily-milkfoliant-74-gr--64ff-.jpeg,CİLT BAKIM ÜRÜNLERİ > PEELING > ,DERMALOGICA,TL3.250,00
Daily Moisture 60 ML,Daily Moisture, hafif dokulu nemlendirici etkisi ile normal ya da yağlı ciltler için botanik özler ile yağsız krem yapısında formüle edilmiştir. Koku içermez.,https://static.ticimax.cloud/cdn-cgi/image/width=76,quality=85/53520/uploads/urunresimleri/buyuk/daily-moisture-60-ml-453-3e.jpeg,CİLT BAKIM ÜRÜNLERİ > KREM > ,SKINCEUTICALS,TL3.600,00
Daily Power Defense 30 ML,Çizgileri ve kırışıklıkları önler, cildin doğal bakım sürecini destekler ve cilt bariyerinizi güçlendirir. Güçlü bir antioksidan serumudur.,https://static.ticimax.cloud/cdn-cgi/image/width=76,quality=85/53520/uploads/urunresimleri/buyuk/daily-power-defense-30-ml-acb-47.jpeg,CİLT BAKIM ÜRÜNLERİ > SERUM > ,ZO SKIN HEALTH,TL5.400,00
Daily Power Defense 50 ML,Çizgileri ve kırışıklıkları önler, cildin doğal bakım sürecini destekler ve cilt bariyerinizi güçlendirir. Güçlü bir antioksidan serumudur.,https://static.ticimax.cloud/cdn-cgi/image/width=76,quality=85/53520/uploads/urunresimleri/buyuk/daily-power-defense-50-ml-f-9abd.jpeg,CİLT BAKIM ÜRÜNLERİ > SERUM > ,ZO SKIN HEALTH,TL8.700,00
Daily Sheer SPF50+ 45 ML,Suya ve terlemeye karşı dayanaklı bu güneş kremi cildi nemlendirirken aynı zamanda da korur.,https://static.ticimax.cloud/cdn-cgi/image/width=76,quality=85/53520/uploads/urunresimleri/buyuk/daily-sheer-spf50-45-ml--ae94-.jpeg,CİLT BAKIM ÜRÜNLERİ > GÜNEŞ KORUMA > ,ZO SKIN HEALTH,TL3.700,00
Daily Skincare Program Kit,İnce çizgi ve kırışıklıklara karşı savunmanın ilk adımı, cildi nemli tutmak ve güneşe maruz kalmaktan kaynaklanan hasarlara karşı korumaktır. Daily Skincare Program, bakımlı görünen bir cildin güçlendirilip korunmasına yardımcı olur. Günlük temel cilt bakım ürünlerini içerir.,https://static.ticimax.cloud/cdn-cgi/image/width=76,quality=85/53520/uploads/urunresimleri/buyuk/daily-skincare-program-kit-57beb4.jpeg,CİLT BAKIM ÜRÜNLERİ > KIT PROGRAM > ,ZO SKIN HEALTH,TL6.700,00
Daily Superfoliant 13 GR,Cilt yüzeyini yenilemeye yardımcı, hava kirliliğine karşı toz eksfoliasyon. Bu cilt yüzeyini yenileyici ürün cildi yumuşatır ve zamansız yaşlanmayı tetikleyen çevresel etkenlere karşı cildi savunmaya yardımcı olur. Gelişmiş toz formül suyla birleştiğinde aktifleşir, içerdiği enzimler, cildi yumuşatıcı alfa hidroksi asitler ve hava kirliliği karşıtı teknoloji açığa çıkar. Aktifleştirilmiş Binchotan Kömürü cildi arındırıp, gözeneklerde biriken çevresel toksinleri temizlemeye yardımcı olurken, Niyasinamid, Kırmızı Yosun ve Tara Meyve Özü cildi hava kirliliğinin zararlı etkilerine karşı korumaya yardımcıdır.,https://static.ticimax.cloud/cdn-cgi/image/width=76,quality=85/53520/uploads/urunresimleri/buyuk/daily-superfoliant-13-gr--e61cb.jpg,CİLT BAKIM ÜRÜNLERİ > PEELING > ,DERMALOGICA,TL860,00
Darphin Set - Hydraskin Local,Marka,https://static.ticimax.cloud/cdn-cgi/image/width=76,quality=85/53520/uploads/urunresimleri/buyuk/darphin-kit-hydraskin-local-ed-419.jpeg,CİLT BAKIM ÜRÜNLERİ > SET > ,DARPHIN,TL1.499,00
Day By Day Enzyme Powder - 30x1 gr,Kornifikasyonları, sebumu ve lipit birikintilerini etkili bir şekilde ortadan kaldıran nazik enzim peelingi. Cilt yenilenmiş, mat ve eşit görünür ve sonraki her bakım adımına en iyi şekilde hazırlanır.,https://static.ticimax.cloud/cdn-cgi/image/width=76,quality=85/53520/uploads/urunresimleri/buyuk/day-by-day-enzyme-powder-30x1-gr-a7-b55.jpeg,CİLT BAKIM ÜRÜNLERİ > PEELING > ,MSB,TL7.584,00
Day Cream SPF15 50 ML,İçeriğindeki ışık yansıtıcı pigmentler ile cildi daha aydınlık bir görünüme kavuşturmaya; B5 ve E Vitaminleri ile antioksidan desteği sağlamaya yardımcı olur. Cildi nemlendirirken aynı zamanda güneş ışınlarına karşı korumayı destekleyen formül, her yaştan tüm cilt tiplerinin kullanımına uygundur.,https://static.ticimax.cloud/cdn-cgi/image/width=76,quality=85/53520/uploads/urunresimleri/buyuk/day-cream-spf15-50-ml-b0-e22.jpeg,CİLT BAKIM ÜRÜNLERİ > GÜNEŞ KORUMA > ,LUMENE,TL1.165,00
Day Nutri-Plus 50 ML,Kuru ve nemsiz ciltler için olağanüstü bir Anti-Aging bakımı. Yaşlanma belirtilerini, elastikiyet kaybını önler. Zengin ve nazik dokusu cildi yeniden dolgunlaştırır, epidermisin üst katmanlarını nemlendirir ve çizgileri yumuşatır.,https://static.ticimax.cloud/cdn-cgi/image/width=76,quality=85/53520/uploads/urunresimleri/buyuk/day-nutri-plus-50-ml-c-47a3.jpeg,CİLT BAKIM ÜRÜNLERİ > KREM > ,BELLEFONTAINE S.,
De Mela Lightening Krem 50 ML,Traneksamik asit içeren güçlü leke kremi. Cilt aydınlatıcı, lekeleri önlemeye yardımcı etkili krem. Nemlendirme sağlayan bu krem düzenli kullanıldığında daha parlak ve aydınlık bir görünüm sağlar.,https://static.ticimax.cloud/cdn-cgi/image/width=76,quality=85/53520/uploads/urunresimleri/buyuk/de-mela-lightening-krem-50-ml--9789-.jpeg,CİLT BAKIM ÜRÜNLERİ > KREM > ,THERADERM,
Defend - Sheer Physical Protection SPF50+ 50 ML,Hafif, şeffaf ve uygulaması kolay bu renkli matlaştırıcı sıvı güneş koruyucu, UVA/UVB kaynaklı yaşlanma görünümüne karşı SPF 50 geniş spektrumlu korumanın güçlü bir kombinasyonunu, güçlü antioksidanlar ve cildin nemini korumak ve güçlendirmek için bir Polihidroksi Asit (PHA) kompleksi içerir. çevresel saldırganlara karşı bariyer.,https://static.ticimax.cloud/cdn-cgi/image/width=76,quality=85/53520/uploads/urunresimleri/buyuk/defend-sheer-physical-protection-spf50--77cf-.jpeg,CİLT BAKIM ÜRÜNLERİ > GÜNEŞ KORUMA > ,NEOSTRATA,TL3.850,00
DEPARTMENT STORE RETAIL SET,1 x LumiCream 50 ml, 1 x Restoring Perfection SPF50 15 ml, 1 x Moisturizing Booster 10 ml,1 x Moisturizing with a Cream 15 ml, 1 x Vital Falls 30 ml, 1 x Prime Contour 5 ml, 1 x Valmont Clear Window White L Vanity,https://static.ticimax.cloud/cdn-cgi/image/width=76,quality=85/53520/uploads/urunresimleri/buyuk/department-store-retail-set-ee2593.jpeg,CİLT BAKIM ÜRÜNLERİ > SET > ,VALMONT,TL10.000,00
DERM REPAIR SERUM 30 ML,25 ve üzeri yaş aralığına uygun, adeta bir cilt mimarı gibi çalışarak cildin yeniden yapılanmasına ve yenilenmesine destek olur. Akışkan dokusu saYesinde hızlıca emilir.,https://static.ticimax.cloud/cdn-cgi/image/width=76,quality=85/53520/uploads/urunresimleri/buyuk/derm-repair-serum-30-ml-533ff9.jpeg,CİLT BAKIM ÜRÜNLERİ > SERUM > ,ESTHEDERM,TL2.619,00
DERMABRASION Cream 50 ML,Bu krem bazlı formülasyon, hafif ama etkili cilt yenileme için tasarlanmıştır. İnce çizgilerin ve kırışıklıkların görünümünü azaltmak, ölü deriyi ciltten uzaklaştırmaya yardımcı olmak için nazik bir salisilik asit ve retinol kombinasyonu ile formüle edilmiştir.,https://static.ticimax.cloud/cdn-cgi/image/width=76,quality=85/53520/uploads/urunresimleri/buyuk/dermabrasion-cream-50-ml-9820-4.jpeg,CİLT BAKIM ÜRÜNLERİ > KREM > ,PH FORMULA,
DERMOPORE SERUM AUTHENTIQUE 30 ml,Dermopore serum, parlak cildi kontrol eden, düzensizlikleri azaltan ve gözenek boyutunu gözle görülür şekilde küçülten yoğun bir cilt bakımı tedavisidir. Deri yüzeyini pürüzsüzleştirir. Cildin dengesini sağlamasına yardımcı olur.,https://static.ticimax.cloud/cdn-cgi/image/width=76,quality=85/53520/uploads/urunresimleri/buyuk/dermopore-serum-authentique-30-ml-b65663.jpeg,CİLT BAKIM ÜRÜNLERİ > SERUM > ,BIOLOGIQUE R.,
DETO2X CREAM 45 ML,Cilt için temiz hava! Bu krem şanti dokusu, hücre oksijenlenmesini teşvik ederek ve cildi detoksifiye eder, parlaklığını geri kazandırır. Oksijenin tüm faydaları! Yenilikçi DetO2X Krem, cildi taze bir nefes gibi uyandırır. Ortam oksijenini yakalar, cilde yayar, yüzeyin mikro rölyefini pürüzsüzleştirir. Kentsel yaşamın neden olduğu gri cildi temizler ve arındırır. Cilt ferahlar, dolgunlaşır, gevşer ve dinlenir. Griye veda edin ve yeni tazelikle uyanın. Bu şaşırtıcı, havadar doku, oksijenle temas ettiğinde yenilenen kabarcıklar oluşturur, bu da onu tüm cilt tipleri için, özellikle de sigara dumanına veya kentsel ortamlara maruz kalanlar için ideal kılar.,https://static.ticimax.cloud/cdn-cgi/image/width=76,quality=85/53520/uploads/urunresimleri/buyuk/deto2x-cream-45-ml-5-4535.jpeg,CİLT BAKIM ÜRÜNLERİ > KREM > ,VALMONT,TL8.900,00
DETO2X PACK,https://static.ticimax.cloud/cdn-cgi/image/width=76,quality=85/53520/uploads/urunresimleri/buyuk/deto2x-pack-67-85e.jpeg,CİLT BAKIM ÜRÜNLERİ > MASKE > ,TL5.750,00
Discoloration Defense Serum 30 ML,https://static.ticimax.cloud/cdn-cgi/image/width=76,quality=85/53520/uploads/urunresimleri/buyuk/discoloration-defense-serum-30-ml-c4-c09.jpeg,CİLT BAKIM ÜRÜNLERİ > SERUM > ,TL5.300,00
Discover Healthy Skin Kit,https://static.ticimax.cloud/cdn-cgi/image/width=76,quality=85/53520/uploads/urunresimleri/buyuk/discover-healthy-skin-kit-7d-8da.jpeg,CİLT BAKIM ÜRÜNLERİ > SET > ,TL1.900,00
DNA Rejuvenation Cream 50 ML,https://static.ticimax.cloud/cdn-cgi/image/width=76,quality=85/53520/uploads/urunresimleri/buyuk/dna-rejuvenation-cream-50-ml-b8-88a.jpeg,CİLT BAKIM ÜRÜNLERİ > KREM > ,
Double-White Beautifying Mask 50 ML,Cildin aydınlatma programında, pigmentasyon izlerini hafifleten ve gelişmelerini önleyen yüz maskesi. Hücresel rejenerasyonu destekler ve dış etkenlere karşı korur. Kutanöz yaşlanmanın önlenmesine katkıda bulunur.,https://static.ticimax.cloud/cdn-cgi/image/width=76,quality=85/53520/uploads/urunresimleri/buyuk/double-white-beautifying-mask-50-ml-9393-4.jpeg,CİLT BAKIM ÜRÜNLERİ > MASKE > ,BELLEFONTAINE S.,
Dual Action Scrub 58 GR,İkili etkiye sahip bu arındırıcı tıkanan gözenekleri açarken, bir yandan da ölü hücrelerden arındırır.,https://static.ticimax.cloud/cdn-cgi/image/width=76,quality=85/53520/uploads/urunresimleri/buyuk/dual-action-scrub-58-gr-ee-9ab.jpeg,CİLT BAKIM ÜRÜNLERİ > PEELING > ,ZO SKIN HEALTH,TL2.500,00
Dynamic Skin Recovery SPF50+ 50 ML,Cilt yaşlanma belirtilerini azaltmaya yardımcı Geniş Spektrumlu nemlendirici. Bu orta ağırlıktaki Geniş Spektrumlu SPF50 günlük nemlendirici ile zamansız yaşlanma izlerini azaltmaya yardımcı olun. Polifenollerce zengin antioksidan Beyaz Çay ve eşsiz bir polipeptid foto hasarlı cilt görünümünü düzeltmeye yardımcı olur. Aktif güneş filtreleri UVA ve UVB 'ye karşı cildi korur. Mükemmel görünüm için cilde pürüzsüzce uygulanır.,https://static.ticimax.cloud/cdn-cgi/image/width=76,quality=85/53520/uploads/urunresimleri/buyuk/dynamic-skin-recovery-spf50-50-ml-c8-96e.jpeg,CİLT BAKIM ÜRÜNLERİ > GÜNEŞ KORUMA > ,DERMALOGICA,TL3.840,00
Dynamic Skin Retinol Serum 30 ML,%3,5 retinoid kompleksli serum, cilt yaşlanmasının 4 belirtisini hedef alır. Gece kullanım için yeterince nazik olan bu retinol serum, %3,5 Retinoid Kompleksi ve Skualen ile gözeneklerin belirgin görünümünü azaltmaya, daha yumuşak bir cilt için cildi pürüzsüzleştirmeye, cilt tonunu dengelemeye ve kırışıklıkların görünümünü azaltmaya yardımcı olur. Dynamic Skin Retinol Serum, cilt bariyerini korumaya yardımcı olurken, retinolün faydalarını maksimum seviyede cilde sağlar.,https://static.ticimax.cloud/cdn-cgi/image/width=76,quality=85/53520/uploads/urunresimleri/buyuk/dynamic-skin-retinol-serum-30-ml-a57e-7.jpeg,CİLT BAKIM ÜRÜNLERİ > SERUM > ,DERMALOGICA,TL4.700,00
E.V.E SERUM SOURCE 30 ML,İçerdiği eşsiz elementler sayesinde cilt dokusunun yenilenmesine ve güçlenmesine destek olur. Kırışıklık görünümünün azalmasına ve cildin esnekliğini geri kazanmasına yardımcı olur.,https://static.ticimax.cloud/cdn-cgi/image/width=76,quality=85/53520/uploads/urunresimleri/buyuk/e.v--021d-42ab.jpeg,CİLT BAKIM ÜRÜNLERİ > SERUM > ,ESTHEDERM,TL2.619,00
EAU Micellaire Biosensible 100 ML,Yüzdeki makyaj kalıntılarını ve kirleri giderir, cildi nemledirir, toparlar ve yatıştırır. Nazik bir yüz temizlik ürünüdür.",https://static.ticimax.cloud/cdn-cgi/image/width=76,quality=85/53520/uploads/urunresimleri/buyuk/eau-micellaire-biosensible-100-ml--49b4-.jpeg,CİLT BAKIM ÜRÜNLERİ > LOSYON > ,BIOLOGIQUE R.,
Eclat Sublime Micro Serum 30 ML,Cildinizin, genç, pürüzsüz ve aydınlık bir görünüm kazanmasına katkı sağlar.,https://static.ticimax.cloud/cdn-cgi/image/width=76,quality=85/53520/uploads/urunresimleri/buyuk/eclat-sublime-micro-serum-30-ml-c88a94.jpeg,CİLT BAKIM ÜRÜNLERİ > SERUM > ,DARPHIN,TL3.775,00
Eclat Sublime Radiance Boosting Capsules (60 Caps.),Yüze yönelik bu güçlü, hava geçirmez kapsüller, cildin görünümünü gençleştirmeye ve aydınlatmaya yardımcı olur. Her kapsül, ince kuru çizgileri azaltmaya ve genç bir görünüm için ışıltılı görünümü artırmaya yardımcı olmak üzere güçlü bir C ve E pro-vitamin ikilisi sunar. Kuşburnu yağı ve Argan yağı içeren her uygulamada pürüzsüz, sağlıklı görünen bir cilt için cildi beslemeye ve kurulukla mücadele etmeye yardımcı olur.,https://static.ticimax.cloud/cdn-cgi/image/width=76,quality=85/53520/uploads/urunresimleri/buyuk/eclat-sublime-radiance-boosting-capsul-f3-4f5.jpg,CİLT BAKIM ÜRÜNLERİ > KAPSÜL > ,DARPHIN,TL3.999,00
Eclipse SPF 50 Perfectint ( Beige ) 100 GR,Eclipse SPF 50+, günlük kullanım ve uzun süreli açık hava etkinlikleri için özel olarak formüle edilmiş, bilimsel olarak gelişmiş fiziksel güneş koruyucuları (şeffaf Titanyum Dioksit ve mikronize Çinko Oksit) ile saf E vitamini birleşimi olan benzersiz bir üründür.,https://static.ticimax.cloud/cdn-cgi/image/width=76,quality=85/53520/uploads/urunresimleri/buyuk/eclipse-spf-50-perfectint-beige-100-gr-8ad933.jpeg,CİLT BAKIM ÜRÜNLERİ > GÜNEŞ KORUMA > ,IS CLINICAL,TL2.180,00
Eclipse SPF 50+ 100 GR,Eclipse SPF 50+, günlük kullanım ve uzun süreli açık hava etkinlikleri için özel olarak formüle edilmiş, bilimsel olarak gelişmiş fiziksel güneş koruyucuları (şeffaf Titanyum Dioksit ve mikronize Çinko Oksit) ile saf E vitamini birleşimi olan benzersiz bir üründür.,https://static.ticimax.cloud/cdn-cgi/image/width=76,quality=85/53520/uploads/urunresimleri/buyuk/eclipse-spf-50-100-gr-e0-4e9.jpeg,CİLT BAKIM ÜRÜNLERİ > GÜNEŞ KORUMA > ,IS CLINICAL,TL2.180,00
ELASTINE SERUM AUTHENTIQUE 30ml,Güçlü bir kırışıklık karşıtı tedavi olarak geliştirilen Elastine serumu, cilt dokusunun elastikiyetinden sorumlu protein olan elastin sentezini uyarır. İnce çizgileri ve kırışıklıkları gidermeye yardımcı olur ve yenilerinin oluşmasını engeller.,https://static.ticimax.cloud/cdn-cgi/image/width=76,quality=85/53520/uploads/urunresimleri/buyuk/elastine-serum-authentique-30ml-5-9a79.jpeg,CİLT BAKIM ÜRÜNLERİ > SERUM > ,BIOLOGIQUE R.,
Elixir Beauty Essence 30 ML,Bu yenilikçi formül, tüm cilt tipleri için ideal olan ve özellikle cansız ciltler için tavsiye edilen, yaşlanma karşıtı aktif bileşenlerin bir konsantresidir.Beauty Elixir Essence, yapısal değişikliklerle ve serbest radikallerin çoğalmasıyla savaşmak için cilt hücrelerine yüksek düzeyde enerji sağlar. Pürüzsüzleştirici etkisi cilt dokusunu anında iyileştirir. Cilt gözle görülür şekilde dolgun ve sağlıklı görünür.,https://static.ticimax.cloud/cdn-cgi/image/width=76,quality=85/53520/uploads/urunresimleri/buyuk/elixir-beauty-essence-30-ml-9cf6b0.jpeg,CİLT BAKIM ÜRÜNLERİ > SERUM > ,BELLEFONTAINE S.,
ELIXIR DES GLACIERS CREME MERVEILLEUSE 50 ML,Bu krem, eşi benzeri görülmemiş muhteşem bir ten rengi ortaya çıkarır. Yenileyici özelliği ile gençliği ortaya çıkarmak için mersin balığı DNA'sını ve deniz minerallerini kullanır.,https://static.ticimax.cloud/cdn-cgi/image/width=76,quality=85/53520/uploads/urunresimleri/buyuk/elixir-des-glaciers-creme-merveilleuse-7d47a2.jpeg,CİLT BAKIM ÜRÜNLERİ > KREM > ,VALMONT,TL32.000,00
ELIXIR DES GLACIERS CURE MAJESTUEUSE VOTRE VISAGE 15 ML,Besleyici lüks güzellik yağı. Anında beslenme için en iyi konsantre. Bu nektar, kovandan miras kalan içeriklerle cildi besler, pürüzsüzleştirir ve dolgunlaştırır. Bu görkemli yağ, cilde anında nüfuz eden ve onu besleyen prestijli bir bileşen kombinasyonu içerir. Nemlendirici bal, anti oksidan propolis ve yenileyici arı sütü, çizgileri hemen doldurup dolgunlaştırır ve ışıltılı bir cilt ortaya çıkarır. Yüz daha genç, daha yumuşak ve daha esnek görünüme kavuşur. Özellikle olgun, kuru veya hasar görmüş ciltler için uygundur.,https://static.ticimax.cloud/cdn-cgi/image/width=76,quality=85/53520/uploads/urunresimleri/buyuk/elixir-des-glaciers-cure-majestueuse-v-f634a1.jpeg,CİLT BAKIM ÜRÜNLERİ > BAKIM YAĞI > ,VALMONT,TL10.500,00
ELIXIR DES GLACIERS FLUIDE MERVEILLEUX 100 ML,https://static.ticimax.cloud/cdn-cgi/image/width=76,quality=85/53520/uploads/urunresimleri/buyuk/elixir-des-glaciers-fluide-merveilleux-1-9c5b.jpeg,CİLT BAKIM ÜRÜNLERİ > LOSYON > ,TL11.400,00
ELIXIR DES GLACIERS MASQUE MAJESTUEUX VOTRE VISAGE 50 ML,Anında beslenme konusunda uzman. Arı Kovanından elde edilen bileşenler sayesinde beslenmiş, yenilenmiş ve pürüzsüz bir cilt için eşsiz bir duyusal deneyim.,https://static.ticimax.cloud/cdn-cgi/image/width=76,quality=85/53520/uploads/urunresimleri/buyuk/elixir-des-glaciers-masque-majestueux--23e-fc.jpeg,CİLT BAKIM ÜRÜNLERİ > MASKE > ,VALMONT,TL12.500,00
ELIXIR DES GLACIERS SERUM PRECIEUX 30 ML,Marka,https://static.ticimax.cloud/cdn-cgi/image/width=76,quality=85/53520/uploads/urunresimleri/buyuk/elixir-des-glaciers-serum-precieux-30--81-e7b.jpeg,CİLT BAKIM ÜRÜNLERİ > SERUM > ,VALMONT,TL18.000,00
ELIXIR DES GLACIERS VOTRE VISAGE 50 ML,Çok işlevli, toparlama etkisi. Çünkü güzelliğiniz bir şaheseri hak ediyor. Çağdaş lüksün bir simgesi olan bu krem, Valmont laboratuvarının yaşlanma karşıtı uzmanlığının en iyisine sahiptir. İnce, ipeksi krem dokusu, gün boyunca ışıltılı bir cilt sunar. Cildi pürüzsüzleştiren, sıkılaştıran ve tonlayan, gözle görülür şekilde nemlendiren ve canlandıran kadife bir okşama. Tüm cilt tipleri için mükemmel bakım.,https://static.ticimax.cloud/cdn-cgi/image/width=76,quality=85/53520/uploads/urunresimleri/buyuk/elixir-des-glaciers-votre-visage-50-ml--876f-.jpg,CİLT BAKIM ÜRÜNLERİ > KREM > ,VALMONT,TL21.000,00
ELIXIR POUDRE DE TEINT PRECIEUSE - Sandy Beige in Paris,PUDRA:Doğal, kadifemsi bir tenin asla modası geçmez,https://static.ticimax.cloud/cdn-cgi/image/width=76,quality=85/53520/uploads/urunresimleri/buyuk/elixir-poudre-de-teint-precieuse-sandy--0b120.jpeg,CİLT BAKIM ÜRÜNLERİ > DİĞER > ,VALMONT,TL1,00
ELIXIR POUDRE DE TEINT PRECIEUSE - Amber Beige in Florence,PUDRA:Doğal, kadifemsi bir tenin asla modası geçmez,https://static.ticimax.cloud/cdn-cgi/image/width=76,quality=85/53520/uploads/urunresimleri/buyuk/elixir-poudre-de-teint-precieuse-amber--f55ca.jpeg,CİLT BAKIM ÜRÜNLERİ > DİĞER > ,TL5.450,00
EMULSION GEL BIOSENSIBLE 50 ml,Yatıştırıcı ve nemlendirici aktif bileşenleri sayesinde Emulsion Gel Biosensible, kırılgan epidermisi onarır ve rahatlatır. Cildin reaktivitesi ve gerginlik hissi azalır.,https://static.ticimax.cloud/cdn-cgi/image/width=76,quality=85/53520/uploads/urunresimleri/buyuk/emulsion-gel-biosensible-50-ml-caac-4.jpeg,CİLT BAKIM ÜRÜNLERİ > KREM > ,BIOLOGIQUE R.,
EMULSION GEL BIOSENSIBLE S.R. 50 ml,Emulsion Gel Biosensible S.R. yüzey dokusunu pürüzsüzleştirirken aynı zamanda cilt rahatsızlığını anında yatıştırır. Bu jel, hem cilt hassasiyetini hafifleterek hem de kusurları azaltarak iki cepheye etki eder.,https://static.ticimax.cloud/cdn-cgi/image/width=76,quality=85/53520/uploads/urunresimleri/buyuk/emulsion-gel-biosensible-s.r.-50-ml-757eb4.jpeg,CİLT BAKIM ÜRÜNLERİ > JEL > ,BIOLOGIQUE R.,
EMULSION ORIGINELLE REGENERANTE 50 ml,Emulsion Originelle Régénérante, yüz için zengin ve yatıştırıcı bir kremdir. Macadamia yağı ve bitkilerden elde edilen skualen ile yapılan bu yüz kremi, cildin doğal lipidik bariyerini yenilerken, onu çevresel hasarlardan korur.,https://static.ticimax.cloud/cdn-cgi/image/width=76,quality=85/53520/uploads/urunresimleri/buyuk/emulsion-originelle-regenerante-50-ml-a78430.jpeg,CİLT BAKIM ÜRÜNLERİ > KREM > ,BIOLOGIQUE R.,
EMULSION PIGM 400 SPF15 - 50 ML,Düzeltme ve korumanın nihai birleşimi olan Emulsion PIGM 400 SPF 15, mevcut lekeleri hafifletir ve gelecekteki cilt düzensizliklerinin görünümünü azaltır. Formülü, cildi erken yaşlanmaya karşı korumak için her gün bir bariyer görevi gören koruyucu bir "kalkan" içerir. Akışkan dokusu ve SPF 15 ile düzensiz ciltler için eksiksiz bir çözümdür. Cildin parlaklığı ortaya çıkar ve parlaklığı artar, ten rengi eşit kalır.,https://static.ticimax.cloud/cdn-cgi/image/width=76,quality=85/53520/uploads/urunresimleri/buyuk/emulsion-pigm-400-spf15-50-ml-d6fc70.jpeg,CİLT BAKIM ÜRÜNLERİ > GÜNEŞ KORUMA > ,BIOLOGIQUE RECHERCHE,
Enlighten - 15% Vitamin C + PHA Serum 15 ML,%15 saf C Vitamini (L-Askorbik Asit) ile güçlendirilmiş güçlü bir aydınlatıcı yüz serumu, önemli ölçüde daha parlak, daha düzgün ve genç görünen cilt için koyu lekelerin, ince çizgilerin ve kırışıklıkların ve diğer fotoyaşlanma belirtilerinin görünümünü hedeflediği klinik olarak kanıtlanmıştır.,https://static.ticimax.cloud/cdn-cgi/image/width=76,quality=85/53520/uploads/urunresimleri/buyuk/enlighten-15-vitamin-c-pha-serum-15-ml-6a2-e4.jpeg,CİLT BAKIM ÜRÜNLERİ > SERUM > ,NEOSTRATA,TL3.990,00
Enlighten - Dual Acid Brightening Peel 50 ML,Rafine, daha parlak bir cilt için tonu ve dokuyu iyileştirmek üzere formüle edilmiştir. Bu güçlü çift etkili peeling, maksimum parlaklık sonuçlarını hedeflemek için yüksek konsantrasyonlu %10 Glikolik Asit ve %10 Polihidroksi Asit (PHA) kompleksi kullanan kimyasal peelingin cildi yumuşatma etkisini bilimsel olarak kanıtlanmış bir parlatıcı peptit ile birleştirir.,https://static.ticimax.cloud/cdn-cgi/image/width=76,quality=85/53520/uploads/urunresimleri/buyuk/enlighten-dual-acid-brightening-peel-5-9-a354.jpeg,CİLT BAKIM ÜRÜNLERİ > PEELING > ,NEOSTRATA,TL5.810,00
Enlighten - Illuminating Serum 30 ML,Çoklu etkili serum, ciltteki ton eşitsizlikleri ve leke görünümünü hedefler. Nazik soyucu etkisiyle mevcut lekelerin görünümünü azaltmaya yardımcı olduğu bilinen %6 NeoGlukozamin ® içerir. %4 Niasinamid (B3 Vitamini), B-Resorsinol ve meyan kökü ekstresi karşımı içeren formülüyle daha aydınlık ve eşit tonlu bir cilt görünümü sağlamaya yardımcı olur.,https://static.ticimax.cloud/cdn-cgi/image/width=76,quality=85/53520/uploads/urunresimleri/buyuk/enlighten-illuminating-serum-30-ml-08-2b9.jpeg,CİLT BAKIM ÜRÜNLERİ > SERUM > ,NEOSTRATA,TL5.250,00
Enlighten - Pigment Controller 50 ML,Ciltteki pigmentasyon bozukluklarını hedefler ve güçlü formülüyle düzenler. Renk eşitsizliği görünümünü eşitlerken, güçlü formülüyle cildi daha aydınlık, berrak ve ışıltılı görünmesini sağlar.,https://static.ticimax.cloud/cdn-cgi/image/width=76,quality=85/53520/uploads/urunresimleri/buyuk/enlighten-pigment-controller-50-ml-9-d119.jpeg,CİLT BAKIM ÜRÜNLERİ > KREM > ,NEOSTRATA,TL4.970,00
Enlighten - Pigment Lightening Gel 40 GR,Yaşlanma, güneş ışınları veya sivilce izleriyle oluşan lekeler ve eşitsizliklerle savaşır. Aydınlık ve eşit bir cilt tonuna ulaşmanızı sağlar.,https://static.ticimax.cloud/cdn-cgi/image/width=76,quality=85/53520/uploads/urunresimleri/buyuk/enlighten-pigment-lightening-gel-40-gr-4405-b.jpeg,CİLT BAKIM ÜRÜNLERİ > JEL > ,NEOSTRATA,TL4.270,00
Enlighten - Skin Brightener SPF35 40 GR,Yaşlanma, güneş ışınları veya sivilce izleriyle oluşan lekeler ve eşitsizliklerle savaşır. Aydınlık ve eşit bir cilt tonuna ulaşmanızı sağlar.,https://static.ticimax.cloud/cdn-cgi/image/width=76,quality=85/53520/uploads/urunresimleri/buyuk/enlighten-skin-brightener-spf35-40-gr-a-4dd5.jpeg,CİLT BAKIM ÜRÜNLERİ > GÜNEŞ KORUMA > ,NEOSTRATA,TL4.550,00
Enlighten - Ultra Brightening Cleanser 100 ML,https://static.ticimax.cloud/cdn-cgi/image/width=76,quality=85/53520/uploads/urunresimleri/buyuk/enlighten-ultra-brightening-cleanser-1-2-4108.jpeg,CİLT BAKIM ÜRÜNLERİ > YIKAMA JELİ > ,TL2.170,00
Environmental Protection Collection,Environmental Protection Collection, en üst düzeyde cilt koruması sağlamaya yardımcı olmak için en yenilikçi, antioksidan bakımından zengin formüller içeren cilt bakım setidir.,https://static.ticimax.cloud/cdn-cgi/image/width=76,quality=85/53520/uploads/urunresimleri/buyuk/environmental-protection-collection--ab9a-.jpeg,CİLT BAKIM ÜRÜNLERİ > KIT PROGRAM > ,IS CLINICAL,TL6.570,00
Enzymatic Peel 50 ML,Size canlandırıcı ve pratik bir peeling opsiyonu sunmak için tasarlanmış bu ürün, cildinize daha pürüzsüz ve aydınlık bir görüntü kavuşturmayı amaçlar. Cildinizi hem rahatlatır hem nnemlendirir.,https://static.ticimax.cloud/cdn-cgi/image/width=76,quality=85/53520/uploads/urunresimleri/buyuk/enzymatic-peel-50-ml-ab-da0.jpeg,CİLT BAKIM ÜRÜNLERİ > PEELING > ,ZO SKIN HEALTH,TL4.300,00
Enzyme Cleansing Booster - 80 gr,Eşsiz derecede nazik ve gözeneklerin derinliklerine inen Enzyme Cleansing Booster ile lüks Pure Perfection bakım ritüelinize başlayın. Cildiniz saflık ve berraklıkla parlar, tazelenmiş, matlaşmış, eşitlenmiş ve sonraki her bakım adımı için en uygun şekilde hazırlanmış görünür.,https://static.ticimax.cloud/cdn-cgi/image/width=76,quality=85/53520/uploads/urunresimleri/buyuk/enzyme-cleansing-booster-80-gr-c5-6c8.jpeg,CİLT BAKIM ÜRÜNLERİ > TEMİZLEME > ,MBR,TL9.144,00
Epi Turnover Boosting Peeling Gel 100 ML,Epi Turnover Boosting Peeling Gel cilt yüzeyinde birikmiş keratinize tabakanın temizlenmesine yardımcı olan bir peeling jelidir. “Mucize Ağacı” olarak adlandırılan Moringa cildi arındırmaya ve beslemeye, çölden gelen bitki kompleksi ise cildi nemlendirmeyi ve pürüzsüzleştirmeyi sağlar.,https://static.ticimax.cloud/cdn-cgi/image/width=76,quality=85/53520/uploads/urunresimleri/buyuk/epi-turnover-boosting-peeling-100-gr-f-cd86.jpeg,CİLT BAKIM ÜRÜNLERİ > PEELING > ,GENOSYS,
Equalizing Toner New 200 ML,Equalizing Toner ciltteki fazla kiri arındırmaya yardımcı toniktir. Hidroksi asit ölü derinin temizlenmesini sağlar, badem, rosemary, aleo botanik özleri sayesinde cilt yumuşar, pürüzsüzleşir, cilt tonu eşitlemeyi sağlar.,https://static.ticimax.cloud/cdn-cgi/image/width=76,quality=85/53520/uploads/urunresimleri/buyuk/equalizing-toner-new-200-ml--bd31-.jpeg,CİLT BAKIM ÜRÜNLERİ > TONİK > ,SKINCEUTICALS,TL2.150,00
Essential - AloCalm Gel Mask 75 ML,Stresli, hassas ve kızarmış ciltler için yüzde 60 Aloe Vera içeren bu ürün inanılmaz bir rahatlama hissi rahatır. Cildi sakinleştirirken, soğuk etkisi ile kızarıklıkları azaltır.,https://static.ticimax.cloud/cdn-cgi/image/width=76,quality=85/53520/uploads/urunresimleri/buyuk/essential-alocalm-gel-mask-75-ml-9be779.jpeg,CİLT BAKIM ÜRÜNLERİ > MASKE > ,SCHRAMMEK,TL2.100,00
Essential - BB Perfect Beauty Fluid Beige 40 ML,Normal ve kuru ciltler için UV korumalı SPF20+ BB Krem.,https://static.ticimax.cloud/cdn-cgi/image/width=76,quality=85/53520/uploads/urunresimleri/buyuk/essential-bb-perfect-beauty-fluid-beig--43fa-.png,CİLT BAKIM ÜRÜNLERİ > KREM > ,SCHRAMMEK,TL2.700,00
Essential - BB Perfect Beauty Fluid Ivory 40 ML,Normal ve kuru ciltler için UV korumalı SPF20+ BB Krem.,https://static.ticimax.cloud/cdn-cgi/image/width=76,quality=85/53520/uploads/urunresimleri/buyuk/essential-bb-perfect-beauty-fluid-ivor--2b17-.png,CİLT BAKIM ÜRÜNLERİ > KREM > ,SCHRAMMEK,TL2.700,00
Essential - BB Perfect Beauty Fluid Peach 40 ML,Normal ve kuru ciltler için UV korumalı SPF20+ BB Krem.,https://static.ticimax.cloud/cdn-cgi/image/width=76,quality=85/53520/uploads/urunresimleri/buyuk/essential-bb-perfect-beauty-fluid-peac-3c2-85.png,CİLT BAKIM ÜRÜNLERİ > KREM > ,SCHRAMMEK,TL2.700,00
Essential - Energy Plus Amp. (7*2ml),Yorgun ve vitaminsiz ciltler için enerji ve vitamin kaynağı. İçinde yüksek oranda Vitamin E, C ve B5 bulundurur. Ciltte güçlü bir antioksidan etkisi yaratır, kolajen üretimini arttırır. Enerjiye ihtiyaç duyduğunuz özel günler için ideal bir üründür.,https://static.ticimax.cloud/cdn-cgi/image/width=76,quality=85/53520/uploads/urunresimleri/buyuk/essential-energy-plus-amp.-72ml-417d10.jpeg,CİLT BAKIM ÜRÜNLERİ > SERUM > ,SCHRAMMEK,TL2.025,00
Essential - Herbal Care Lotion 200 ML,Taze ve esnek bir cilt hissi için bitkisel özler içeren hassas bir bakım losyonudur. Cildi sakinleştirir ve pürüzsüz görünmesine yardım eder. Yaz aylarında karma ve yağlı ciltler için nemlendirici görevi görür.,https://static.ticimax.cloud/cdn-cgi/image/width=76,quality=85/53520/uploads/urunresimleri/buyuk/essential-herbal-care-lotion-200-ml--c1cf-.jpeg,CİLT BAKIM ÜRÜNLERİ > LOSYON > ,SCHRAMMEK,TL1.865,00
Essential - Herbal Care Lotion 50 ML,Taze ve esnek bir cilt hissi için bitkisel özler içeren hassas bir bakım losyonudur. Cildi sakinleştirir ve pürüzsüz görünmesine yardım eder. Yaz aylarında karma ve yağlı ciltler için nemlendirici görevi görür.,https://static.ticimax.cloud/cdn-cgi/image/width=76,quality=85/53520/uploads/urunresimleri/buyuk/essential-herbal-care-lotion-50-ml-b-8236.jpeg,CİLT BAKIM ÜRÜNLERİ > LOSYON > ,SCHRAMMEK,TL955,00
Essential - Optimum Protection Cream SPF30+ 75 ML,Tüm cilt tipleri için ideal nemlendirici etkili güneş koruyucu krem. Zararlı UVA/UVB ışınlarından cildi korur aynı zamanda cildi nemlendirir.,https://static.ticimax.cloud/cdn-cgi/image/width=76,quality=85/53520/uploads/urunresimleri/buyuk/essential-optimum-protection-cream-spf-39-3b3.jpeg,CİLT BAKIM ÜRÜNLERİ > GÜNEŞ KORUMA > ,SCHRAMMEK,TL2.100,00
Essential - Perfect Skin Peeling 50 ML,Tüm cilt tipleri için hassas bir peeling opsiyonu. Ölü deriyi hassas bir şekilde temizler, cilt bariyerini güçlendirir ve korur. Kayısı ve zeytin yağı içeren yapısıyla cildi daha pürüzsüz ve ipeksi yapar.,https://static.ticimax.cloud/cdn-cgi/image/width=76,quality=85/53520/uploads/urunresimleri/buyuk/essential-perfect-skin-peeling-50-ml-1-aa47.jpeg,CİLT BAKIM ÜRÜNLERİ > PEELING > ,SCHRAMMEK,TL2.750,00
Essential - Soft Foam Cleanser 120 ML,Günlük kullanım için ideal hafif bir temizleyici köpük. Gözenekleri temizler ve cildi korur. Ayrıca cildi nemlendiren bir yapısı vardır.,https://static.ticimax.cloud/cdn-cgi/image/width=76,quality=85/53520/uploads/urunresimleri/buyuk/essential-soft-foam-cleanser-120-ml-3ad-61.jpeg,CİLT BAKIM ÜRÜNLERİ > KÖPÜK > ,SCHRAMMEK,TL1.620,00
Essential - Soft Lip Balm 10 ML,Dudakların hassas, ince cildini korur ve bakım yapar.,https://static.ticimax.cloud/cdn-cgi/image/width=76,quality=85/53520/uploads/urunresimleri/buyuk/essential-soft-lip-balm-10-ml-a3-43e.jpeg,CİLT BAKIM ÜRÜNLERİ > DUDAK BAKIMI > ,SCHRAMMEK,TL1.550,00
Essential - Solar+ Protect Fluid SPF50+ 50 ML,Tüm cilt tipleri için yoğun etkili güneş koruyucu krem. SPF 50+ ile yoğun UV koruma sağlar. Hafif dokusu ile cilde homojen dağılır ve gündelik cilt bakım ürünleriniz ile homojen bir etki yaratır.,https://static.ticimax.cloud/cdn-cgi/image/width=76,quality=85/53520/uploads/urunresimleri/buyuk/essential-solar-protect-fluid-spf50-50-e241f5.jpeg,CİLT BAKIM ÜRÜNLERİ > GÜNEŞ KORUMA > ,SCHRAMMEK,TL2.365,00
Essential - Special Care Cream 15 ML,Hassas ve kuru ciltler için özel bakım kremi. Tahriş olmuş ciltleri sakinleştrir, koruyucu bir bariyer oluşturup cildin üzerindeki gerginlik hissini azaltır. İçeriğinde Sorbitol, Jojoba ve Shea yağı vardır.,https://static.ticimax.cloud/cdn-cgi/image/width=76,quality=85/53520/uploads/urunresimleri/buyuk/essential-special-care-cream-15-ml-54-4fb.jpeg,CİLT BAKIM ÜRÜNLERİ > KREM > ,SCHRAMMEK,TL955,00
Essential - Special Care Cream 50 ML,Hassas ve kuru ciltler için özel bakım kremi. Tahriş olmuş ciltleri sakinleştrir, koruyucu bir bariyer oluşturup cildin üzerindeki gerginlik hissini azaltır. İçeriğinde Sorbitol, Jojoba ve Shea yağı vardır.,https://static.ticimax.cloud/cdn-cgi/image/width=76,quality=85/53520/uploads/urunresimleri/buyuk/essential-special-care-cream-50-ml-061bf7.jpeg,CİLT BAKIM ÜRÜNLERİ > KREM > ,SCHRAMMEK,TL2.365,00
Essential - Super Rich Tonic 200 ML,Cildinizi yenileyip canlandırmak için zengin içerikli bir canlandırıcı tonik. Tüm cilt tipleriyle uygun olup, Meyankökü, Altıncık, Aloe Vera ve Panthenol gibi doğal bitki özleri içerir.,https://static.ticimax.cloud/cdn-cgi/image/width=76,quality=85/53520/uploads/urunresimleri/buyuk/essential-super-rich-tonic-200-ml-e9d55e.jpeg,CİLT BAKIM ÜRÜNLERİ > TONİK > ,SCHRAMMEK,TL1.800,00
Essential - Super Soft Cleanser 200 ML,Kuru ve hassasiyeti olan ciltler için süt formunda bir temizleyicidir. Avokado, Jojoba yağı ve Shea yağı içerir. Göz ve makyaj temizliği için idealdir.,https://static.ticimax.cloud/cdn-cgi/image/width=76,quality=85/53520/uploads/urunresimleri/buyuk/essential-super-soft-cleanser-200-ml-2c1f6d.jpeg,CİLT BAKIM ÜRÜNLERİ > TEMİZLEME SÜTÜ > ,SCHRAMMEK,TL1.485,00
Essential C Cleanser 200 ML,İçerdiği A, C ve E vitaminleri ile cildi kurutmadan çevresel faktörlerin etkilerinden arındırarak temizler.,https://static.ticimax.cloud/cdn-cgi/image/width=76,quality=85/53520/uploads/urunresimleri/buyuk/essential-c-cleanser-200-ml-c874-5.jpeg,CİLT BAKIM ÜRÜNLERİ > TEMİZLEME > ,MURAD,TL3.615,00
Essential C Day Moisture SPF 30 50 ML,İçeriğindeki zengin C Vitamini, Ginkgo Biloba Özü ve antioksidanlar ile cildi nemlendirirken çevresel faktörlerin yaşlandırıcı etkilerinden korumaya yardımcı olur. Cildi güneş ışınlarının zararlı etkilerine karşı 30 güneş koruma faktörü ile korumayı destekler. Cildin daha sağlıklı görünmesine yardımcı olur.,https://static.ticimax.cloud/cdn-cgi/image/width=76,quality=85/53520/uploads/urunresimleri/buyuk/essential-c-day-moisture-spf-30-50-ml-c-38f4.jpeg,CİLT BAKIM ÜRÜNLERİ > GÜNEŞ KORUMA > ,MURAD,TL5.585,00
Essential C Toner 180 ML,İçeriğindeki antioksidanlar ile cildi nemlendirirken cilde daha canlı ve aydınlık bir görünüm verir.,https://static.ticimax.cloud/cdn-cgi/image/width=76,quality=85/53520/uploads/urunresimleri/buyuk/essential-c-toner-180-ml--d706-.jpeg,CİLT BAKIM ÜRÜNLERİ > TONİK > ,MURAD,TL3.615,00
ESTHE-WHITE CLEANSING FOAM 150 ML,Makyajı ve cildi nazikçe temizleyerek cildin aydınlık bir görünüm kazanmasına ve leke oluşumunu önlemeye yardımcı olur. Time Control System Patenti saYesinde aynı zamanda yaşlanma karşıtı bakım yapılmasına destek olur.,https://static.ticimax.cloud/cdn-cgi/image/width=76,quality=85/53520/uploads/urunresimleri/buyuk/esthe-white-cleansing-foam-150-ml-ba-b43.jpeg,CİLT BAKIM ÜRÜNLERİ > TEMİZLEME > ,ESTHEDERM,TL2.409,00
EXCELLAGE CREAM 50 ML,45 ve üzeri yaş aralığına uygun, cildi yeniden yapılandırmaya, renk tonu eşit ve genç bir görünüme kavuşturmaya ve sıkılaştırmaya yardımcı olur. Omega 3, 6 ve 9 açısından zengin olan ve Jeju adalarında yılda 1 kere toplanan değerli kamelya yağı ile cildin yoğun bir şekilde beslenmesine destek olur. Derin kırışıklık ve ince çizgiler yumuşamış ve sıkılaşmış olur.,https://static.ticimax.cloud/cdn-cgi/image/width=76,quality=85/53520/uploads/urunresimleri/buyuk/excellage-cream-50-ml-58d1b2.jpeg,CİLT BAKIM ÜRÜNLERİ > KREM > ,ESTHEDERM,TL3.849,00
EXCELLAGE SERUM 30 ML,45 ve üzeri yaş aralığına uygun, daha eşit bir cilt tonu ile cildin ışıltısını geri kazanmasına ve canlı bir görünüm sağlanmasına yardımcı olur. Omega 3, 6 ve 9 açısından zengin olan ve Jeju adalarında yılda 1 kere toplanan değerli kamelya yağı ile cildin beslenmesine destek olur. Derin kırışıklık ve ince çizgiler gözle görünür şekilde yumuşamış ve sıkılaşmış olur.,https://static.ticimax.cloud/cdn-cgi/image/width=76,quality=85/53520/uploads/urunresimleri/buyuk/excellage-serum-30-ml-c5057f.jpeg,CİLT BAKIM ÜRÜNLERİ > SERUM > ,ESTHEDERM,TL4.199,00
EXFO Cleanse 100 ML,Lekeli, akneli, akneye eğilimli ciltler için narin ama bir o kadar da derin temizleme sunar. İçerisindeki Üre ve B5 vitamini ile cildi kurutmadan temizlemeye yardımcıdır, göz çevresi için kullanıma uygundur.,https://static.ticimax.cloud/cdn-cgi/image/width=76,quality=85/53520/uploads/urunresimleri/buyuk/exfo-cleanse-100-ml-3bc4f-.jpeg,CİLT BAKIM ÜRÜNLERİ > YIKAMA JELİ > ,PH FORMULA,
EXFO Cleanse 200 ML,Lekeli, akneli, akneye eğilimli ciltler için narin ama bir o kadar da derin temizleme sunar. İçerisindeki Üre ve B5 vitamini ile cildi kurutmadan temizlemeye yardımcıdır, göz çevresi için kullanıma uygundur.,https://static.ticimax.cloud/cdn-cgi/image/width=76,quality=85/53520/uploads/urunresimleri/buyuk/exfo-cleanse-200-ml-8-5d0d.jpeg,CİLT BAKIM ÜRÜNLERİ > YIKAMA JELİ > ,PH FORMULA,
EXFO Cleanse 500 ML,Lekeli, akneli, akneye eğilimli ciltler için narin ama bir o kadar da derin temizleme sunar. İçerisindeki Üre ve B5 vitamini ile cildi kurutmadan temizlemeye yardımcıdır, göz çevresi için kullanıma uygundur.,https://static.ticimax.cloud/cdn-cgi/image/width=76,quality=85/53520/uploads/urunresimleri/buyuk/exfo-cleanse-500-ml--10f96.jpeg,CİLT BAKIM ÜRÜNLERİ > YIKAMA JELİ > ,PH FORMULA,
Exfoliating Cleanser 200 ML,Ölü hücrelerden arındırır, E vitamini antioksidan desteği sağlar, sizi tertemiz bir cilde ulaştırır. İçindeki mikro tanecikler gözenekleri açmak için idealdir,https://static.ticimax.cloud/cdn-cgi/image/width=76,quality=85/53520/uploads/urunresimleri/buyuk/exfoliating-cleanser-200-ml-0-44fc.jpeg,CİLT BAKIM ÜRÜNLERİ > YIKAMA JELİ > ,ZO SKIN HEALTH,TL2.800,00
Exfoliating Polish 65 GR,Magnezyum kristalleri cildinize benzersiz bir canlılık, cildinizin temiz ve pürüzsüz görünümü ise size mutluluk katacak.,https://static.ticimax.cloud/cdn-cgi/image/width=76,quality=85/53520/uploads/urunresimleri/buyuk/exfoliating-polish-65-gr--9dff-.jpeg,CİLT BAKIM ÜRÜNLERİ > PEELING > ,ZO SKIN HEALTH,TL3.800,00
Exfoliation Accelerator 30 ML,Glikolik ve laktik karışımı içerir. Aloe, yeşil çay ve papatya bulunduran yapısı, cildinizde benzersiz bir ferahlama ve rahatlatıcı etki yaratır. Cildi sakinleştirir, gözenekleri açar.,https://static.ticimax.cloud/cdn-cgi/image/width=76,quality=85/53520/uploads/urunresimleri/buyuk/exfoliation-accelerator-30-ml-7f6fc3.jpeg,CİLT BAKIM ÜRÜNLERİ > PEELING > ,ZO SKIN HEALTH,
Exquis Golden Caviar - Set,Bellefontaine Switzerland'ın üçlü havyara dayalı özel bir formül oluşturması, modern cilt bakımının yüksek beklentilerine olağanüstü bir katkıdır. Prestijli havyar yağı, geleneksel havyar ve Japon deniz yosunundan elde edilen yeşil havyarın sinerjik bir karışımı, yüce ve bol miktarda temel element kaynağı sunar. Bu olağanüstü kompleks, yaşlanma sürecini yavaşlatmak için etkili bir şekilde hareket eder. Cilt, canlanmış ve derinden beslenmiş, gözle görülür şekilde sıkı, pürüzsüz ve parlak görünür.,https://static.ticimax.cloud/cdn-cgi/image/width=76,quality=85/53520/uploads/urunresimleri/buyuk/equis-golden-set-8e-bbb.jpeg,CİLT BAKIM ÜRÜNLERİ > KIT PROGRAM > ,BELLEFONTAINE S.,
Exquisage Beauty Revealing Cream 50ML,Faydaları:,https://static.ticimax.cloud/cdn-cgi/image/width=76,quality=85/53520/uploads/urunresimleri/buyuk/exquisage-beauty-revealing-cream-50ml-7b8244.jpeg,CİLT BAKIM ÜRÜNLERİ > KREM > ,DARPHIN,TL4.219,00
Exquisage Beauty Revealing Serum 30ML,Faydaları:,https://static.ticimax.cloud/cdn-cgi/image/width=76,quality=85/53520/uploads/urunresimleri/buyuk/exquisage-beauty-revealing-serum-30ml-5842-4.jpeg,CİLT BAKIM ÜRÜNLERİ > SERUM > ,DARPHIN,TL4.669,00
Extra Rich Face Cream - 50 ml,Anında hoş bir rahatlık duygusu veren zengin içerikli kadifemsi yumuşak bakım kremi. Crodamal ISIS ile su bağlama özelliğini geliştirir, bariyeri ile sinerjik etki gösterir. Hyalüranik asit ile oldukça nemlendirici bir etkiye sahiptir, nem kaybına karşı korur, düzleştirir & sıkılaştırır. Pentavitin ile PH dengeleyici, cilde benzer nem bağlama özelliği vardır. Özel Amino asitler ile büyüme faktörlerini oluşturur, kolajenlerin yenilenmesini sağlar, Epidermes / Dermis kenetlenmesini güçlendirir. Crombe yağı ile cildin daha sağlıklı olmasını sağlar. Kuruluk hatlarını ve kırışıklıkları azaltır. İçeriğindeki Asetil heksapeptit-8 ile saatler içerisinde cildi ipeksi ve yumuşak tutar. Cildin kuruluğunu alır, cilt rahatlamış ve pürüzsüz gözükür. İçeriğindeki Asetil heksapeptit-8 ile saatler içerisinde cildi ipeksi ve yumuşak tutar. Cildin kuruluğunu alır, cilt rahatlamış ve pürüzsüz gözükür.,https://static.ticimax.cloud/cdn-cgi/image/width=76,quality=85/53520/uploads/urunresimleri/buyuk/extra-rich-face-cream-50-ml-5ab94a.jpeg,CİLT BAKIM ÜRÜNLERİ > KREM > ,MSB,TL10.648,00
EXTRA RICH FIRMING MASK 50 ML,https://static.ticimax.cloud/cdn-cgi/image/width=76,quality=85/53520/uploads/urunresimleri/buyuk/extra-rich-firming-mask-50-ml-e6e1e5.jpeg,https://static.ticimax.cloud/cdn-cgi/image/width=76,quality=85/53520/uploads/urunresimleri/buyuk/extra-rich-firming-mask-50-ml-c99-6f.jpeg,CİLT BAKIM ÜRÜNLERİ > MASKE > ,MARGY'S,TL5.900,00
Extra Rich Full-Time Care 21 - 50 ml,Cildin hücre yenilenme sürecini destekler.,https://static.ticimax.cloud/cdn-cgi/image/width=76,quality=85/53520/uploads/urunresimleri/buyuk/extra-rich-full-time-care-21-50-ml-8f1-69.jpeg,21 TRANSDERMAL,TL6.954,00
EXTRAITS TISSULAIRES SERUM AUTHENTIQUE 30 ml,Formülü, cildin su dengesini yeniden sağlamak için suyu sürekli olarak yakalamak ve dağıtmak üzere tasarlanmıştır. Cilt nemlendirilir, düzenlenir ve zorlu çevresel streslerden korunur.,https://static.ticimax.cloud/cdn-cgi/image/width=76,quality=85/53520/uploads/urunresimleri/buyuk/extraits-tissulaires-serum-authentique-34-42b.jpeg,CİLT BAKIM ÜRÜNLERİ > SERUM > ,
EXTREMELY NUTRITIVE CREAM 50 ML,Nemlendirici, canlandırıcı ve enerji verici bileşenler içerir, nemsiz ve donuk ciltlere esnek ve yumuşak bir his verir. Cildin elastikiyetini ve ipeksiğini artırır.,https://static.ticimax.cloud/cdn-cgi/image/width=76,quality=85/53520/uploads/urunresimleri/buyuk/extremely-nutritive-cream-50-ml-51-067.jpeg,CİLT BAKIM ÜRÜNLERİ > KREM > ,MARGY'S,TL5.750,00
Eye Make-up Remover - 200 ml,Göz makyajı ve rujun tamamen çıkarılması için ultra yumuşak 2 fazlı sıvı. Yüksek kaliteli formül aynı zamanda gözlerin hassas cildini besler ve yatıştırır, nemlendirir ve kirpiklere ipeksi bir parlaklık verir.,https://static.ticimax.cloud/cdn-cgi/image/width=76,quality=85/53520/uploads/urunresimleri/buyuk/eye-make-up-remover-200-ml-23d-93.jpeg,CİLT BAKIM ÜRÜNLERİ > TEMİZLEME > ,MBR,TL4.922,00
EZCO2 Mask (5 Adet),Kırışıklık, cilt tonu eşitsizliği, elastikiyet kaybı gibi ciltte görülen durumları önlemeye, cildin yapılandırmaya sürecine ve pH dengesinin sağlanmasına destek olur.,https://static.ticimax.cloud/cdn-cgi/image/width=76,quality=85/53520/uploads/urunresimleri/buyuk/ezco2-mask-5-adet-980531.jpeg,CİLT BAKIM ÜRÜNLERİ > MASKE > ,GENOSYS,
Face Concentrate - 50 ml,Aktif pürüzsüzleştirme ve cildin elastikiyetini arttırmaya yönelik yüksek doz aktif içerikli yağsız jel. Özellikle erkek cildinin tam gücünü, gençlik elastikiyetini ve esnekliğini yeniden kazanması için yoğun bakıma ihtiyacı olduğunda.,https://static.ticimax.cloud/cdn-cgi/image/width=76,quality=85/53520/uploads/urunresimleri/buyuk/face-concentrate-50-ml-23127e.jpeg,CİLT BAKIM ÜRÜNLERİ > JEL > ,MBR,TL7.541,00
FACE EXFOLIANT 50 ML,Ölü hücreleri temizler ve cilt dokusunu iyileştirir. İpeksi krem ve ince kuvars kristallerinin benzersiz bir ittifakı olan bu eksfoliant, cildi kurutmadan kirleri yumuşak bir şekilde giderir. İpeksi cildin sırrı! Olağanüstü nazik eksfoliant, daha pürüzsüz bir cilt dokusu için epidermisi yenileyerek kirleri ve ölü hücreleri giderir. Tahriş etmeyen formülü, en hassas cilt tipleri dahil tüm cilt tipleri için uygundur.,https://static.ticimax.cloud/cdn-cgi/image/width=76,quality=85/53520/uploads/urunresimleri/buyuk/face-exfoliant-50-ml-0cc-25.jpeg,CİLT BAKIM ÜRÜNLERİ > PEELING > ,VALMONT,TL3.100,00
Face Fluid - 50 ml,Karma/normal ciltler için aktif içerik açısından zengin, yağlı olmayan 24 saatlik Fluid. Erkek cildine tamamen yeni dürtüler verir. Anında canlılık, pürüzsüz parlaklık.,https://static.ticimax.cloud/cdn-cgi/image/width=76,quality=85/53520/uploads/urunresimleri/buyuk/face-fluid-50-ml-f-c3f6.jpeg,CİLT BAKIM ÜRÜNLERİ > KREM > ,MBR,TL7.541,00
FACE LIFT COLLAGEN MASK (1x3 Ad.),Saf kolajenden yapılan bu maskenin ilk uygulamasından itibaren cilt dolgunlaşacak, ince çizgiler azalacak ve ten rengi ışıl ışıl olacaktır.,https://static.ticimax.cloud/cdn-cgi/image/width=76,quality=85/53520/uploads/urunresimleri/buyuk/face-lift-collagen-mask-1x3-ad.-4f2d53.jpeg,CİLT BAKIM ÜRÜNLERİ > MASKE > ,MARGY'S,TL6.600,00
FH Essence 30ml,FH Essence, cildi hücre düzeyinden başlayıp restore eden özel bir formüle sahiptir. Cild kusurlarını düzeltir, kollajen ve elastik lif miktarına paralel olarak cildin gerginliğini ve esneklikliğini arttırır. FH Essence cildin yaşam ihtiyaçlarını karşılarken, cildin en uygun nem oranına ulaşmasına yardımcı olur. Mat, cansız solgun ciltler için belirgin yaşlanma karşıtı etkiler yaratır.,https://static.ticimax.cloud/cdn-cgi/image/width=76,quality=85/53520/uploads/urunresimleri/buyuk/fh-essence-30ml-6-ee5e.jpeg,CİLT BAKIM ÜRÜNLERİ > SERUM > ,FORLLED,
Firming Complex 50 GR,Firming Complex, daha sıkı bir cilt sağlayarak, gözenek görünümünü azaltan, cildi sıkılaştıran, ince çizgilerin ve kırışıklıkların görünümünü iyileştiren sıkılaştırıcı kremdir.,https://static.ticimax.cloud/cdn-cgi/image/width=76,quality=85/53520/uploads/urunresimleri/buyuk/firming-complex-50-gr--e248-.jpeg,CİLT BAKIM ÜRÜNLERİ > SERUM > ,IS CLINICAL,TL5.844,00
FLUID FALLS 150 ML,Tam kapsamlı makyajı tamamen temizler. Kuru ciltler için en iyisidir. İkonik kremsi süt, büyüleyici ve okşayarak birkaç saniye içinde mükemmel şekilde temizlenmiş cildi ortaya çıkarır. Göz açıp kapayıncaya kadar en ağır makyajı çözer, cildi temizler ve rahatlatır. Zengin bir nazik temizlik hissi sağlar. Hafif dokusu, özellikle kuruluğa yatkın olanlar olmak üzere tüm cilt tiplerine uyum sağlar.,https://static.ticimax.cloud/cdn-cgi/image/width=76,quality=85/53520/uploads/urunresimleri/buyuk/fluid-falls-150-ml-56a564.jpeg,CİLT BAKIM ÜRÜNLERİ > TEMİZLEME > ,VALMONT,TL3.050,00
FLUIDE VIP O2 30 ml,Fluide VIP 0 2 , cildi kirletici partiküllerden korumak için kirlilik önleyici bileşenlerle formüle edilmiştir. Eşsiz formülü, Biologique Recherche Oksijenasyon Kompleksi ve antioksidan aktif bileşenlerin bir konsantrasyonunu içerir ve bu ürüne oksidatif stresle mücadele etme gücü verir.,https://static.ticimax.cloud/cdn-cgi/image/width=76,quality=85/53520/uploads/urunresimleri/buyuk/fluide-vip-o2-30-ml--ac57-.jpeg,CİLT BAKIM ÜRÜNLERİ > SERUM > ,BIOLOGIQUE R.,
FOAM Cleanse 150 ML,Hassas ve etkili temizlik için yumuşak köpük kıvamına dönüşen, sıvı temizleyici. Tüm cilt tiplerinde kullanılmaya uygundur. FOAM cleanse, cildi kent kirliliğine karşı koruyarak makyaj ve artıkları etkili bir şekilde arındırmaya yardımcıdır. Bu formülasyon, sağlıklı bir denge sağlamak için kullanılır.,https://static.ticimax.cloud/cdn-cgi/image/width=76,quality=85/53520/uploads/urunresimleri/buyuk/foam-cleanse-150-ml-f66-a1.jpeg,CİLT BAKIM ÜRÜNLERİ > KÖPÜK > ,PH FORMULA,
Foam Cleanser - 100 ml,Cildin derinlemesine temizlenmesi için yumuşak köpüklü temizleme köpüğü. Amino asitler ve Provitamin B5 kombinasyonu hücre yenilenmesini ve dolayısıyla doku oluşumunu destekler.,https://static.ticimax.cloud/cdn-cgi/image/width=76,quality=85/53520/uploads/urunresimleri/buyuk/foam-cleanser-100-ml-25e5-4.jpeg,CİLT BAKIM ÜRÜNLERİ > KÖPÜK > ,MBR,TL4.908,00
Foot Smoother 21 - 100 ml,Hoş olmayan kokulara karşı koyar,https://static.ticimax.cloud/cdn-cgi/image/width=76,quality=85/53520/uploads/urunresimleri/buyuk/foot-smoother-21-100-ml--402c-.jpeg,21 TRANSDERMAL,TL4.099,00
Fresh Clarifying Foaming Gel 120 ML,Karma ve yağlı ciltlerin derinlemesine temizliği için yumuşak ve eriyen jel. En hassas ciltlerde bile nazikçe etki gösteren canlandırıcı ve nemlendirici bileşenler içerir. Epidermisi kurutmadan kirleri, makyajı ve fazla sebumu hızla yok eder. Cildi yumuşak, mükemmel bir şekilde arınmış ve hoş bir esenlik hissi bırakır.,https://static.ticimax.cloud/cdn-cgi/image/width=76,quality=85/53520/uploads/urunresimleri/buyuk/fresh-clarifying-foaming-gel-250-ml-6cc-a9.jpeg,CİLT BAKIM ÜRÜNLERİ > TEMİZLEME > ,BELLEFONTAINE S.,
Fresh Glow Brightening Gel Mask 150 ML,Bu keyifli dokudaki jel maske yorgun ve matlaşmış ciltlerin anında daha parlak ve ışıltılı olmasına yardımcı olur. İçeriğindeki Yabani Kutup Cloudberry Özü ile cildin canlanmasına destek olurken hassas AHA Peeling Asitleri ile cildin temizlenmesine yardımcı olur. Tamamen vegan %96 doğal formülündeki Kutup Kaynak Suyu'yla cilde nem desteği verirken doğal bir ışıltıya ve tazeliğe kavuşmasına yardımcı olur.,https://static.ticimax.cloud/cdn-cgi/image/width=76,quality=85/53520/uploads/urunresimleri/buyuk/fresh-glow-brightening-gel-mask-150-ml--803a-.jpeg,CİLT BAKIM ÜRÜNLERİ > MASKE > ,LUMENE,TL965,00
Fruity Peel Pads 21 - 2 ml,Hücre büyümesini uyarır ve ölü cilt hücrelerini temizler.,https://static.ticimax.cloud/cdn-cgi/image/width=76,quality=85/53520/uploads/urunresimleri/buyuk/fruity-peel-pads-21-2-ml-6bba-0.jpeg,21 TRANSDERMAL,TL3.623,00
Fruity Peel Pads 21 - Set,Hücre büyümesini uyarır ve ölü cilt hücrelerini temizler.,https://static.ticimax.cloud/cdn-cgi/image/width=76,quality=85/53520/uploads/urunresimleri/buyuk/fruity-peel-pads-21-set-ccc-03.jpeg,21 TRANSDERMAL,TL6.405,00
GEL ADN SILKGEN 50 ml,Gel ADN Silkgen, antioksidan aktif maddelerle zenginleştirilmiş taze bir nemlendirici sıvıdır. Somon DNA ve ipek Özü ile yapılan bu jel, epidermisin nem seviyesini korur. Cilt, ipeksi pürüzsüzlükte, yeniden nemlendirilmiş ve canlılıkla ışıl ışıl bırakılır.,https://static.ticimax.cloud/cdn-cgi/image/width=76,quality=85/53520/uploads/urunresimleri/buyuk/gel-adn-silkgen-50-ml-66f-18.jpeg,CİLT BAKIM ÜRÜNLERİ > JEL > ,BIOLOGIQUE R.,
GEL Cleanse 100 ML,İskandinav pamuğu içeren köpüren jel temizleme özellikle aşırı hassas ciltlere rahatlama sağlamaya yardımcı olur.,https://static.ticimax.cloud/cdn-cgi/image/width=76,quality=85/53520/uploads/urunresimleri/buyuk/gel-cleanse-100-ml-a71aaf.jpeg,CİLT BAKIM ÜRÜNLERİ > YIKAMA JELİ > ,PH FORMULA,
Gel Sunscreen Broad-Spectrum SPF50 45gr,Tüm cilt tipleri için cildi pürüzsüzleştiren, berrak ve kokusuz jel güneş kremi. Özel antioksidan + bitki kök hücre kompleksleri, çevresel faktörlerin yaşlanma etkilerini en aza indirir. UVA/UVB’ye karşı geniş spektrumlu koruma sağlar. Doğal melanin, yüksek enerjili (HEV) ışığın yaşlanma etkilerinden korur.,https://static.ticimax.cloud/cdn-cgi/image/width=76,quality=85/53520/uploads/urunresimleri/buyuk/gel-sunscreen-broad-spectrum-spf50-45g--4de5-.jpeg,CİLT BAKIM ÜRÜNLERİ > GÜNEŞ KORUMA > ,ZO SKIN HEALTH,TL3.700,00
GeneXC Serum 15 ML,Genexc Serum, çok düzeyli korumayı ve uzun vadeli gözle görülür iyileştirmeleri desteklerken sağlıklı cildin korunmasına, canlandırılmasına ve temelinin güçlendirilmesine yardımcı olduğu klinik olarak kanıtlanmış Extremozimlerin tescilli kombinasyonunu içeren devrim niteliğinde formüle sahip serumdur.,https://static.ticimax.cloud/cdn-cgi/image/width=76,quality=85/53520/uploads/urunresimleri/buyuk/genexc-serum-15-ml-1-4f2e.jpeg,CİLT BAKIM ÜRÜNLERİ > SERUM > ,IS CLINICAL,TL4.451,00
GeneXC Serum 30 ML,Genexc Serum, çok düzeyli korumayı ve uzun vadeli gözle görülür iyileştirmeleri desteklerken sağlıklı cildin korunmasına, canlandırılmasına ve temelinin güçlendirilmesine yardımcı olduğu klinik olarak kanıtlanmış Extremozimlerin tescilli kombinasyonunu içeren devrim niteliğinde formüle sahip serumdur.,https://static.ticimax.cloud/cdn-cgi/image/width=76,quality=85/53520/uploads/urunresimleri/buyuk/genexc-serum-30-ml-9ec-43.jpeg,CİLT BAKIM ÜRÜNLERİ > SERUM > ,IS CLINICAL,TL7.206,00
Gentle Cleanser SC 195 ML,https://static.ticimax.cloud/cdn-cgi/image/width=76,quality=85/53520/uploads/urunresimleri/buyuk/gentle-cleanser-sc-200-ml-0b-b50.jpg,CİLT BAKIM ÜRÜNLERİ > YIKAMA JELİ > ,TL2.150,00
Gentle Cleanser ZO 200 ML,Bakımlı ve canlı bir cilde ulaşmak için ilk adım. Yağı ve kiri nazikçe temizler, cilt sorunlarınızla savaşır, cildinizi nemlendirirken yeniler ve koruma sağlar.,https://static.ticimax.cloud/cdn-cgi/image/width=76,quality=85/53520/uploads/urunresimleri/buyuk/gentle-cleanser-zo-200-ml-1f9fb4.jpeg,CİLT BAKIM ÜRÜNLERİ > YIKAMA JELİ > ,ZO SKIN HEALTH,TL2.800,00
GENTLE DEEP PORE CLEANSER 75 ML,Vakumlama teknolojisiyle gözeneklerin nazik bir şekilde derinlemesine temizlenmesine yardımcı olur. Ciltte ferahlık ve yumuşaklık hissi yaratır.,https://static.ticimax.cloud/cdn-cgi/image/width=76,quality=85/53520/uploads/urunresimleri/buyuk/gentle-deep-pore-cleanser-75-ml-0173a0.jpeg,CİLT BAKIM ÜRÜNLERİ > TEMİZLEME > ,ESTHEDERM,TL1.079,00
Gentle Moisturizing Gel - 30 ml,Cildin hoş ve kalıcı bir şekilde nemlendirilmesi için canlandırıcı ve yoğun nemlendirici yüz jeli. Hyaluronik asit ve kollajen kombinasyonu ayrıca olumsuz çevresel etkilere karşı koruma sağlar.,https://static.ticimax.cloud/cdn-cgi/image/width=76,quality=85/53520/uploads/urunresimleri/buyuk/gentle-moisturizing-gel-30-ml-2ed-4a.jpeg,CİLT BAKIM ÜRÜNLERİ > JEL > ,MBR,TL6.070,00
Gentle Peeling Cream 250 ML,Kuru ve hassas ciltler dahil tüm ciltler için kullanılabilir. İçeriğindeki mikronize küresel kaolin sayesinde yumuşak temizlik sağlar. Hızlı bir şekilde cildi ölü deriden arındırmaya yardımcı olur. Hafif soyma ve canlandırma sağlar. Cilde taze bir görüntü verir.,https://static.ticimax.cloud/cdn-cgi/image/width=76,quality=85/53520/uploads/urunresimleri/buyuk/gentle-peeling-cream-250-ml-8a6d7-.jpeg,CİLT BAKIM ÜRÜNLERİ > PEELING > ,THERADERM,
Ginseng Anti-Age Cream 50 ML,Anti-age (yaşlanma karşıtı) ürünler cildin eksilen nem, vitamin, mineral ihtiyaçlarını yerine koymak ve bu süreçte cildi alabileceği hasarlardan korumak adına çok önemlidir. Güçlü içerikleri bir arada barındıran cilt bakım kremleri, doğanın mucizelerini ciltle buluşturup cildi güçlendirmenin yanı sıra iç ve dış etkenlerin olumsuz etkilerini de geriletir.,https://static.ticimax.cloud/cdn-cgi/image/width=76,quality=85/53520/uploads/urunresimleri/buyuk/ginseng-anti-age-cream-50-ml-d-0862.jpeg,CİLT BAKIM ÜRÜNLERİ > KREM > ,NATURE MIND,
Glow Boost Essence 30 ML,Çabuk emilen süper konsantre %90 doğal formülündeki C Vitamini ile cildi aydınlatmaya ve ışıltıya kavuşturmaya; Hyaluronik Asit ile etkili bir şekilde nemlendirmeye yardımcı olur. Tüm cilt tipleri için uygundur.,https://static.ticimax.cloud/cdn-cgi/image/width=76,quality=85/53520/uploads/urunresimleri/buyuk/glow-boost-essence-30-ml-a-d75d.jpeg,CİLT BAKIM ÜRÜNLERİ > SERUM > ,LUMENE,TL1.350,00
Glyco Peel med - 100 ml,Yaklaşık %10 asit oranına sahip tolere edilebilir, etkili ve doğal meyve asidi düzeni. Ölü deri döküntülerini giderir. Cildin yapısını düzeltir. Etken maddenin emilimini artırır. Yeni hücre oluşumunu harekete geçirir. Çizgi ve kırışıklıkları azaltır.,https://static.ticimax.cloud/cdn-cgi/image/width=76,quality=85/53520/uploads/urunresimleri/buyuk/glyco-peel-med-100-ml-32f618.jpeg,CİLT BAKIM ÜRÜNLERİ > TEMİZLEME > ,MSB,TL9.715,00
Glyco Peel med - 30 ml,Yaklaşık %10 asit oranına sahip tolere edilebilir, etkili ve doğal meyve asidi düzeni. Ölü deri döküntülerini giderir. Cildin yapısını düzeltir. Etken maddenin emilimini artırır. Yeni hücre oluşumunu harekete geçirir. Çizgi ve kırışıklıkları azaltır.,https://static.ticimax.cloud/cdn-cgi/image/width=76,quality=85/53520/uploads/urunresimleri/buyuk/glyco-peel-med-30-ml-7-3a03.jpeg,CİLT BAKIM ÜRÜNLERİ > TEMİZLEME > ,MSB,TL4.463,00
Glycolic 10 Renew Night 50 ML,Glycolic 10 Renew Overnight gece bakım kremi, dört mevsim boyunca, gece cilt bakım rutinlerinde evde kullanıma uygun şekilde %10 glikolik asit içeren formüle sahiptir. Pürüzsüz ve cilt tonu eşitlenmiş bir görünüm sağlar.,https://static.ticimax.cloud/cdn-cgi/image/width=76,quality=85/53520/uploads/urunresimleri/buyuk/glycolic-10-renew-night-50-ml-5a8-84.jpeg,CİLT BAKIM ÜRÜNLERİ > KREM > ,SKINCEUTICALS,TL4.450,00
Glycolic Renewal Cleanser 150 ML,Glycolic Renewal Cleanser, cilt görünümünü yenileyen bir temizleyicidir. Cilt ışıltısını güçlendirmek için yumuşak yapılı köpüren jel temizleyici cildi etkili bir şekilde temizlemeyi sağlar.,https://static.ticimax.cloud/cdn-cgi/image/width=76,quality=85/53520/uploads/urunresimleri/buyuk/glycolic-renewal-cleanser-150-ml-94c71-.jpeg,CİLT BAKIM ÜRÜNLERİ > YIKAMA JELİ > ,SKINCEUTICALS,TL2.150,00
Growth Factor Serum 30 ML,ZPRO® kompleksi ile cildi canlandıran, mimik çizgileri ve kırışıklıları önleyen ve cildinizin geleceğini güvence altına alan bu hafif jel, yaşlanma etkilerinin önüne geçmek için tasarlanmıştır.,https://static.ticimax.cloud/cdn-cgi/image/width=76,quality=85/53520/uploads/urunresimleri/buyuk/growth-factor-serum-30-ml-460b5e.jpeg,CİLT BAKIM ÜRÜNLERİ > SERUM > ,ZO SKIN HEALTH,TL8.300,00
H2O Flash 50 ML,Bu mineral açısından zengin kaynak suyu spreyi hassas cildi rahatlatmak, temizlendikten sonra cildi yenilemek ve rahatlatmak, daha sıcak havalarda cildi nemlendirmek amacıyla günlük kullanım için idealdir. Mineral açısından zengin termal su ve bağlayıcı moleküller içerir. Cildinizdeki nemin tutulmasına yardımcı olur. Cildinizin genel görünümünde iyileşmeye yol açar. Makyajı sabitlemeye yardımcı olmak için de kullanılabilir. Kigelia Africana'nın özellikleri ile formüle edildi.,https://static.ticimax.cloud/cdn-cgi/image/width=76,quality=85/53520/uploads/urunresimleri/buyuk/h2o-flash-50-ml-93c9-4.jpeg,CİLT BAKIM ÜRÜNLERİ > BAKIM SPREYİ > ,PH FORMULA,
HA BOOSTER 30 ML,Yorgun ve nem kaybından kırışıklıkların belirginleştiği ciltlerde hidrasyon sağlar ve estetik uygulamalardan sonra yeniden yapılandırma için kullanılır. Şehir hayatında yaşayan ve çevresel kirliliğe maruz kalan kişiler için uygundur. HA dolgusunun ömrünü uzatır.,https://static.ticimax.cloud/cdn-cgi/image/width=76,quality=85/53520/uploads/urunresimleri/buyuk/ha-booster-30-ml--e349-.jpeg,CİLT BAKIM ÜRÜNLERİ > SERUM > ,ALPHASCIENCE,TL1.650,00
HA BOOSTER 8 ML,Yorgun ve nem kaybından kırışıklıkların belirginleştiği ciltlerde hidrasyon sağlar ve estetik uygulamalardan sonra yeniden yapılandırma için kullanılır. Şehir hayatında yaşayan ve çevresel kirliliğe maruz kalan kişiler için uygundur. HA dolgusunun ömrünü uzatır.,https://static.ticimax.cloud/cdn-cgi/image/width=76,quality=85/53520/uploads/urunresimleri/buyuk/ha-booster-8-ml-da886f.jpeg,CİLT BAKIM ÜRÜNLERİ > SERUM > ,ALPHASCIENCE,TL650,00
HA Intensifier 30 ML,H.A. INTENSIFIER ciltteki pürüzsüzlük ve dolgunluk görünümünü geliştirmek, uzun süreli nem sağlamak için yüksek konsantrasyonda hyalüronik asit ile zenginleştirilmiş formülü ile çok işlevli bir serumdur. Sıkı ve pürüzsüz bir görünüm sağlar.,https://static.ticimax.cloud/cdn-cgi/image/width=76,quality=85/53520/uploads/urunresimleri/buyuk/ha-intensifier-30-ml--b0b5-.jpeg,CİLT BAKIM ÜRÜNLERİ > SERUM > ,SKINCEUTICALS,TL5.000,00
HA Moisture Dew Plus Cream 50 ML,Hassas ve nem ihtiyacı olan ciltlerin bakımını yaparak nemlendirir ve kolajen içeriği ile cildi beslemek için kullanılır.,https://static.ticimax.cloud/cdn-cgi/image/width=76,quality=85/53520/uploads/urunresimleri/buyuk/ha-moisture-dew-plus-cream-50-ml-1cd641.jpeg,CİLT BAKIM ÜRÜNLERİ > KREM > ,THERADERM,
Ha Serum & Azulenel Care Kit,İçeriğindeki hyaluronik asit ve kolajen sayesinde mükemmel bir nem takviyesi olup, cildin doğal yumuşaklığına kavuşmasını destekler.,https://static.ticimax.cloud/cdn-cgi/image/width=76,quality=85/53520/uploads/urunresimleri/buyuk/ha-serum-azulenel-care-kit-5db633.jpeg,CİLT BAKIM ÜRÜNLERİ > SERUM > ,THERADERM,
High Protection Cream SPF 50 - 100 ml,Yüz ve yerel kullanım için son derece etkili besleyici krem. Yumuşak doku cildi korur, besler ve yeniler ve anında yatıştırıcı bir cilt hissi verir. Güneşe duyarlı cilt hafif ve sağlıklı bir bronzluk kazanır.,https://static.ticimax.cloud/cdn-cgi/image/width=76,quality=85/53520/uploads/urunresimleri/buyuk/high-protection-cream-spf-50-100-ml-371-46.jpeg,CİLT BAKIM ÜRÜNLERİ > GÜNEŞ KORUMA > ,MBR,TL9.669,00
High Protection Day Cream SPF30 50 ML,Cildi güneş ışınlarının zararlı etkisinden korumak için son derece koruyucu bir krem. Aynı zamanda nazik dokusu cildi yaşlanma belirtilerinden korur ve elastikiyet kaybını önler. Cildi besler ve nemlendirir.,https://static.ticimax.cloud/cdn-cgi/image/width=76,quality=85/53520/uploads/urunresimleri/buyuk/high-protection-day-cream-spf30-50-ml-3b8734.jpeg,CİLT BAKIM ÜRÜNLERİ > GÜNEŞ KORUMA > ,BELLEFONTAINE S.,
High Protection Face Cream SPF 30 - 100 ml,Yenilikçi ve son derece etkili besleyici krem, bronzlaşmamış, güneşe maruz kalmayan cildi güvenilir bir şekilde korur, besler ve yeniler. Hafif, yapışkan olmayan doku kolayca uygulanır ve hızlı bir şekilde emilir. Cilt inanılmaz derecede yumuşak, hafif mat ve en iyi şekilde korunur. Hassas ve özellikle savunmasız yüz cildi eşit ve sağlıklı bir bronzluk kazanır.,https://static.ticimax.cloud/cdn-cgi/image/width=76,quality=85/53520/uploads/urunresimleri/buyuk/high-protection-face-cream-spf-30-100--8b5371.jpeg,CİLT BAKIM ÜRÜNLERİ > GÜNEŞ KORUMA > ,MBR,TL7.252,00
HIGH TOLERANCE EYES&LIPS MAKE UP REMOVER 125 ML,Çift fazlı formülü ile nazik ve etkili bir şekilde suya dayanıklı göz ve dudak makyajnı dahil çıkarmaya destek olur. Parfümsüzdür.,https://static.ticimax.cloud/cdn-cgi/image/width=76,quality=85/53520/uploads/urunresimleri/buyuk/high-tolerance-eyeslips-make-up-remove-25fa3c.jpeg,CİLT BAKIM ÜRÜNLERİ > TEMİZLEME > ,ESTHEDERM,TL1.029,00
Horme PURE Face Cleansing Cream 100 ML,Yüzünüzü arındırmak ve cildi düzgün, temiz hale getirmek için suyu sevenlere yönelik hassas ve inci köpüğü yapılı krem.,https://static.ticimax.cloud/cdn-cgi/image/width=76,quality=85/53520/uploads/urunresimleri/buyuk/horme-pure-face-cleansing-cream-100-ml-4cb7-8.jpeg,CİLT BAKIM ÜRÜNLERİ > KREM > ,HORMETA,TL1.021,00
Horme™AQUA Moisturizing Gel Cream 30 ML,Cildin susuzluğunu gideren hafif jel krem,https://static.ticimax.cloud/cdn-cgi/image/width=76,quality=85/53520/uploads/urunresimleri/buyuk/horme-aqua-moisturizing-gel-cream-30-m-4620-b.jpeg,CİLT BAKIM ÜRÜNLERİ > KREM > ,HORMETA,TL2.035,00
Horme™AQUA Moisturizing Serum 30 ML,Cildin nemlenmesi için ideal konsantre,https://static.ticimax.cloud/cdn-cgi/image/width=76,quality=85/53520/uploads/urunresimleri/buyuk/horme-aqua-moisturizing-serum-30-ml-41d6-9.jpeg,CİLT BAKIM ÜRÜNLERİ > SERUM > ,HORMETA,TL2.035,00
Horme™CITY Antioxidant City Cream 30 ML,Antioksidan Şehir Kremi. Antioksidan şehir kremi, şehirlerde yaşayan kadınlar için tasarlandı. Cildi, hava kirliliğinin zararlı etkilerine (hidrokarbonlar, ağır metaller, ince partiküller) karşı ustaca korur. Cilde doğal ışıltısını geri kazandıran bu krem, mat ve yorgun ciltler için bir mükemmel antidottur. Canlanan ve parlayan cilt, çok daha sağlıklı ve ışıl ışıl gözükür.,https://static.ticimax.cloud/cdn-cgi/image/width=76,quality=85/53520/uploads/urunresimleri/buyuk/horme-city-antioxidant-city-cream-30-m-cb4bf5.jpeg,CİLT BAKIM ÜRÜNLERİ > KREM > ,HORMETA,TL2.247,00
Horme™CITY Exfoliating Detox Mask 50 ML,Hücresel detoks, pürüzsüz canlı bir cilt,https://static.ticimax.cloud/cdn-cgi/image/width=76,quality=85/53520/uploads/urunresimleri/buyuk/horme-city-exfoliating-detox-mask-50-m-6-45d3.jpg,CİLT BAKIM ÜRÜNLERİ > MASKE > ,HORMETA,TL2.017,00
Horme™CITY Pro-Oxygen Sleeping Gel 50 ML,Uykunuzda Temiz Hava Dalgası. Cildi canlandırmak, sıkılığını ve parlaklığını arttırmak için bir temiz hava dalgası gibi işe yarayan gece maskesi. Yeni nesil anti-stres maskesi: uyandığınızda cildinizi, tamamen yenilenmiş gibi dinçliğe ve yumuşaklığa kavuşturur.,https://static.ticimax.cloud/cdn-cgi/image/width=76,quality=85/53520/uploads/urunresimleri/buyuk/horme-city-pro-oxygen-sleeping-gel-50--89f7-a.jpeg,CİLT BAKIM ÜRÜNLERİ > JEL > ,HORMETA,TL1.754,00
Horme™DIAMOND Global Anti-Aging Cream 50 ML,Cildin tüm ihtiyacını karşılayan global krem,https://static.ticimax.cloud/cdn-cgi/image/width=76,quality=85/53520/uploads/urunresimleri/buyuk/horme-diamond-global-anti-aging-cream--f8d2d3.jpeg,CİLT BAKIM ÜRÜNLERİ > KREM > ,HORMETA,TL6.310,00
Horme™DIAMOND Global Anti-Aging Serum 30 ML,Cildin tüm ihtiyacını karşılamak için Siyah Elmas, İsviçre Alp Gülü ve Oligocos-5 kompleksi ile süslenmiş içeriğinde ultra filler hyaluronic acid, aa tripeptide, anti-glikasyon peptide, adenosine, stabil C vitamini ve 3D lifting film bulunan global bir Anti-aging serum. Cilde temas ettiği anda hızlı nüfuz etkisine sahip ipeksi bir dokunuş.,https://static.ticimax.cloud/cdn-cgi/image/width=76,quality=85/53520/uploads/urunresimleri/buyuk/horme-diamond-global-anti-aging-serum--dc08ee.jpeg,CİLT BAKIM ÜRÜNLERİ > SERUM > ,HORMETA,TL5.668,00
Horme™FLASH Gold Shining Mask 50 ML,Cilt Bakımından Daha Fazlası. Cildi pürüzsüzleştirmek, ışıltı sağlamak, canlandırmak ve yorgunluk belirtilerini ortadan kaldırmak üzere devrim niteliğinde bir altın tozu maskesi.,https://static.ticimax.cloud/cdn-cgi/image/width=76,quality=85/53520/uploads/urunresimleri/buyuk/horme-flash-gold-shining-mask-50-ml-cf28c2.jpeg,CİLT BAKIM ÜRÜNLERİ > MASKE > ,HORMETA,TL3.360,00
Horme™GOLD Re-Generation Cream 50 ML,Cilde yoğunluğunu yeniden kazandırmak için olgun ve/veya kuru ciltlere yönelik geliştirilmiştir. Olgun ve /ya da çok kuru cildin yenilenmesine, esneklik kazanmasına, yaşlılık belirtilerinin azalmasına, tükenmiş lipidlerin çoğalmasına yardımcı olur. HORMETA’nın OLIGOCOS-5 özgün eser elementleri kompleksi ile peony özü, yüksek ve hafif molekül ağırlıklı hyaluronik asit, marin kolajen, Lipidic complex, E-F-B5 vitamin kompleksi ve altın tozunu birleştiren özgün formülü deri dokusunun kuvvetlenmesine, cildin yumuşak ve nemli hissetmesine, korunmasına yaşlanma belirtilerinin azalmasına, cildin içeriğini ve hacmini yeniden kazanmasına yardımcı olur.,https://static.ticimax.cloud/cdn-cgi/image/width=76,quality=85/53520/uploads/urunresimleri/buyuk/horme-gold-re-generation-cream-50-ml-bb92-f.jpeg,CİLT BAKIM ÜRÜNLERİ > KREM > ,HORMETA,TL5.380,00
Horme™GOLD Re-Generation Serum 30 ML,Cildinizi Yeniden Yapılandırın,https://static.ticimax.cloud/cdn-cgi/image/width=76,quality=85/53520/uploads/urunresimleri/buyuk/horme-gold-re-generation-serum-30-ml-8-4d36.jpeg,CİLT BAKIM ÜRÜNLERİ > SERUM > ,HORMETA,TL5.262,00
Horme™MAT Serum with Purifying Plants 30 ML,Konsantre Etki.,https://static.ticimax.cloud/cdn-cgi/image/width=76,quality=85/53520/uploads/urunresimleri/buyuk/horme-mat-serum-with-purifying-plants--76dc70.jpeg,CİLT BAKIM ÜRÜNLERİ > SERUM > ,HORMETA,TL1.680,00
Horme™PURE Enzymatic Peeling 30 ML,En hassas ciltlerde bile ölü hücreleri ve cilt kusurları ortadan kaldırmak için biyolojik etkili bir peeling.,https://static.ticimax.cloud/cdn-cgi/image/width=76,quality=85/53520/uploads/urunresimleri/buyuk/horme-pure-enzymatic-peeling-30-ml-569e04.jpeg,CİLT BAKIM ÜRÜNLERİ > PEELING > ,HORMETA,TL1.274,00
Horme™PURE Swiss Secret Micellar Water 200 ML,İsviçre Alpleri'nden gelen buzlu su ve hiyaluronik asit ile zenginleştirilmiş hafif bir su, tek bir adımda temizliği sağlamak ve cildi makyaj kalıntılarından arındırmak için kullanılır,https://static.ticimax.cloud/cdn-cgi/image/width=76,quality=85/53520/uploads/urunresimleri/buyuk/horme-pure-swiss-secret-micellar-water-107-b8.jpeg,CİLT BAKIM ÜRÜNLERİ > TONİK > ,HORMETA,TL965,00
Horme™SOFT Soothing Gentle Cream 50 ML,Cildinizi Şımartan Bir Deneyim Hassas ciltler için, kızarıklıkları azaltmak, yatıştırmak ve cilt tonunu dengelemek için özel formüle edilmiş günlük krem. Ciltteki kızarıklık ve gerginlik hissini azaltır. Cildin esnekliğinin ve dayanıklılığının artmasını sağlanarak cildi korunur, yumuşatır ve derinlemesine nemlenir. Kremsi dokusu cilt tarafından hızlıca emilir ve ipeksi bir yumuşaklık sağlar.,https://static.ticimax.cloud/cdn-cgi/image/width=76,quality=85/53520/uploads/urunresimleri/buyuk/horme-soft-soothing-gentle-cream-50-ml-f0-b7d.jpeg,CİLT BAKIM ÜRÜNLERİ > KREM > ,HORMETA,TL2.310,00
Horme™SOFT Soothing Gentle Serum 30 ML,Hassasiyet Azaltıcı Çok Etkili Bir Formül,https://static.ticimax.cloud/cdn-cgi/image/width=76,quality=85/53520/uploads/urunresimleri/buyuk/horme-soft-soothing-gentle-serum-30-ml-4c1-ac.jpeg,CİLT BAKIM ÜRÜNLERİ > SERUM > ,HORMETA,TL2.118,00
Horme™SUN Anti-aging Protect Cream SPF30+ 30 ML,SPF 30 korumalı, yaşlanma belirtilerinin azalmasına yardımcı krem. Cildinizin güneş ışınlarının verebileceği zararlardan korunaklı kalmasına ve gençliğini korumasına yardımcı olur. HORMETA’nın özgün eser elementleriyle Vitamin E ve B3 kompleksi, yeşil deniz yosunu, kakao çekirdeği ve biberiye özlerini birleştiren özgün formülü cildin korunmasına, , ışıldamasına, yumuşak ve nemli hissetmesine, yaşlanma izlerinin görünümünün azalmasına katkı sağlar.,https://static.ticimax.cloud/cdn-cgi/image/width=76,quality=85/53520/uploads/urunresimleri/buyuk/horme-sun-anti-aging-protect-cream-spf--d02c-.jpeg,CİLT BAKIM ÜRÜNLERİ > GÜNEŞ KORUMA > ,HORMETA,TL1.680,00
Horme™TIME Serum No 8 30 ML,Zamana karşı, pürüzsüz cilt,https://static.ticimax.cloud/cdn-cgi/image/width=76,quality=85/53520/uploads/urunresimleri/buyuk/horme-time-serum-no-8-30-ml--5d8d3.jpeg,CİLT BAKIM ÜRÜNLERİ > SERUM > ,HORMETA,TL2.890,00
Horme™TIME Tri-Logic Collagen Cream 50 ML,İsviçreli zaman yöneticisi,https://static.ticimax.cloud/cdn-cgi/image/width=76,quality=85/53520/uploads/urunresimleri/buyuk/horme-time-tri-logic-collagen-cream-50--8986-.jpeg,CİLT BAKIM ÜRÜNLERİ > KREM > ,HORMETA,TL4.502,00
Horme™TIME Tri-Logic Collagen Night Cream 50 ML,Siz uyurken hücresel yenilenmeniz devam etsin,https://static.ticimax.cloud/cdn-cgi/image/width=76,quality=85/53520/uploads/urunresimleri/buyuk/horme-time-tri-logic-collagen-night-cr-237f8f.jpg,CİLT BAKIM ÜRÜNLERİ > KREM > ,HORMETA,TL4.502,00
Horme™WHITE Divine Opalescence Brightening Cream 30 ML,Cildinizi Aydınlatın ve Homojenliğini Geri Kazandırın Koyu noktaları ortadan kaldırır. Homojenlik sağlar. Parlaklık verir. Aydınlatıcı krem, noktaların yoğunluğunu azaltma ve ortaya çıkmalarını önleme, cildi parlaklaştırma ve cilt tonunu homojenleştirme konusunda mükemmel bir üründür. Cildi nemlendirir, rahatlık verir. Koyu noktaların ortaya çıkması azalır ve cilt görünür bir şekilde parlaklık kazanır. Cilt tonu daha net olur ve doğal parlaklığını geri kazanır.,https://static.ticimax.cloud/cdn-cgi/image/width=76,quality=85/53520/uploads/urunresimleri/buyuk/horme-white-divine-opalescence-brighte-83a3-b.jpeg,CİLT BAKIM ÜRÜNLERİ > KREM > ,HORMETA,TL2.332,00
Hyalogy BW Concentrate 15 ml,Sabahları cilt temizlendikten sonra koyu lekelerin üstüne uygulanır. Formülünde çok güçlü bir antioksidan olan SOD(süperoksid dismutaz) içerir. Güneş ışınları gibi lekeleyici çevresel faktörlerin cildinizde istemediğiniz lekeler oluşturmamasını sağlamak için özel bir üründür.,https://static.ticimax.cloud/cdn-cgi/image/width=76,quality=85/53520/uploads/urunresimleri/buyuk/hyalogy-bw-concentrate-15-ml-4b-a1a.jpeg,CİLT BAKIM ÜRÜNLERİ > SERUM > ,FORLLED,
Hyalogy BW Intense Mask 18x5,Bu maske hem cildinizi yoğun bir şekilde aydınlatır hem de lekelerin bir daha ortaya çıkmasına engel olur. Antioksidan bakımından zengin bu ürün ayrıca güçlü beyazlatıcı bileşenlere de sahiptir. Cilt tonunuzu eşitler, mevcut pigent lekelerini beyazlatır, hiperkeratoz ulaşımını engeller.,https://static.ticimax.cloud/cdn-cgi/image/width=76,quality=85/53520/uploads/urunresimleri/buyuk/hyalogy-bw-intense-mask-18x5-9ca188.jpeg,CİLT BAKIM ÜRÜNLERİ > MASKE > ,FORLLED,
Hyalogy BW Night Cream 50 gr,Hyalogy BW Gece Kreminin düzenli kullanımı cildi aydınlatır, yapısını düzenler ve pürüzsüzlüğüne yardımcı olur. Lekeli ciltlerde pigmentasyona bağlı leke ve koyulukları azaltaya yöneliktir. Krem, cildin lekelenmesine daha yatkın olduğu sıcak mevsimde de kullanılmasını kolaylaştıran hafif bir yapıya sahiptir.,https://static.ticimax.cloud/cdn-cgi/image/width=76,quality=85/53520/uploads/urunresimleri/buyuk/hyalogy-bw-night-cream-50-gr-eca42a.jpeg,CİLT BAKIM ÜRÜNLERİ > KREM > ,FORLLED,
Hyalogy Creamy Wash 150 ML,Hassas, tahriş olmuş, akneli, yaslı ve kuru ciltler için özel tasarlanmış bir temizleyicidir. Cildinizi canlılık katar, dalgalı görünümü azaltır ve cildin gerginliğini arttırır. Etken maddeleri ile ciltteki kollajen ve elastin üretimini destekler.,https://static.ticimax.cloud/cdn-cgi/image/width=76,quality=85/53520/uploads/urunresimleri/buyuk/hyalogy-creamy-wash-150-ml-392-78.jpeg,CİLT BAKIM ÜRÜNLERİ > KÖPÜK > ,FORLLED,
Hyalogy Deep Purifying Mask 100gr.,Bu jel film oluşturan maske, fazla sebumu ve kalınlaşmış boynuzsu tabakayı temizler. Hafif iltihaplı cilt bölgelerini, tahrişleri yatıştırır, ödemi azaltır. Doğal bir antibiyotik gibi bir etki yaratır ve benzersiz bir asit kompleksine sahiptir.,https://static.ticimax.cloud/cdn-cgi/image/width=76,quality=85/53520/uploads/urunresimleri/buyuk/hyalogy-deep-purifying-mask-100gr.-244c-4.jpeg,CİLT BAKIM ÜRÜNLERİ > MASKE > ,FORLLED,
Hyalogy Emoulient Cream Pack 100ml,Cildi yumuşatan, hassasiyeti ve aşırı damarlanmaya bağlı kızarıklığı giderir. Alerjik, hassasiyet kazanmış cildi yatıştırırken, aynı zamanda cildin esnekliğini arttırıp hücresel canlanmayı tetikler.,https://static.ticimax.cloud/cdn-cgi/image/width=76,quality=85/53520/uploads/urunresimleri/buyuk/hyalogy-emoulient-cream-pack-100ml-489862.jpeg,CİLT BAKIM ÜRÜNLERİ > KREM > ,FORLLED,
Hyalogy Emulsion for Men 100 ml,Bu ultra hafif krem, nazik ama etkili bir yatıştırıcı etki sağlar. Güçlü antibakteriyel ve yatıştırıcı özellikleri vardır. Cildin kurumasını ve yaşlanmasını önler, günlük cilt bakımında kullanmak için idealdir.,https://static.ticimax.cloud/cdn-cgi/image/width=76,quality=85/53520/uploads/urunresimleri/buyuk/hyalogy-emulsion-for-men-100-ml--89e2-.jpeg,CİLT BAKIM ÜRÜNLERİ > KREM > ,FORLLED,
Hyalogy Eye Moistlift 10ml,Ürün, hassas göz kapaklarını korumak için idealdir. Antioksidan etkisiyle cildi yaşlandırıcı serbest radikallere karşı korur. Göz kapaklarında hem kaldırma hem nemlendirme etkisi yaratır. Göz çevresindeki kırışıklıkların derinliğini ve uzunluğunu azaltır. Göz kapaklarının derisi parlar ve aydınlanır. Kaldırma etkisi nedeniyle gözler daha açık görünür.,https://static.ticimax.cloud/cdn-cgi/image/width=76,quality=85/53520/uploads/urunresimleri/buyuk/hyalogy-eye-moistlift-10ml-b4-d34.jpeg,CİLT BAKIM ÜRÜNLERİ > SERUM > ,FORLLED,
Hyalogy Lift cream 50 g,Forlled'in yüksek teknolojili yüz sıkılaştırıcı kremi ile karma deri yaşlanma belirtilerine karşı maksimum koruma sağlar. Hyology Lift Cream biyomimetik peptidler sayesinde kollajen ve elastin sentezini destekler, hücre katmanlarını yeniler. Cilt hacminin artması ve çizgileri gidermede son dertece etkilidir.,https://static.ticimax.cloud/cdn-cgi/image/width=76,quality=85/53520/uploads/urunresimleri/buyuk/hyalogy-lift-cream-50-g-887-14.jpeg,CİLT BAKIM ÜRÜNLERİ > KREM > ,FORLLED,
Hyalogy Lift Mask 5x33 ML,Bu profesyonel yüz maskesi, yaşlanma karşıtı etki gösterir ve güçlü, uzun süreli lifting etkisi sağlar. Maskede bulunan besleyici, nemlendirici ve biyolojik uyarıcı bileşenlerin yüksek konsantrasyonu cildin durumunu önemli ölçüde iyileştirir; yüzün dış hatlarını gözle görülür şekilde sıkılaştırır.,https://static.ticimax.cloud/cdn-cgi/image/width=76,quality=85/53520/uploads/urunresimleri/buyuk/hyalogy-lift-mask-5x33-ml-dd4f7c.jpeg,CİLT BAKIM ÜRÜNLERİ > MASKE > ,FORLLED,
Hyalogy Lotion for Men 100 m,Yağlı ve problemleri için mükemmel bir yatıştırıcı, sakinleştrici ve inflamatuvar etkisi yaratır. İçindeki salisilik asit sayesinde cildi hafif soyar bu sayede derinin üst tabakasını yumuşatır ve tıkanmış follikülleri açarak komedonların temizlenmesini sağlar.,https://static.ticimax.cloud/cdn-cgi/image/width=76,quality=85/53520/uploads/urunresimleri/buyuk/hyalogy-lotion-for-men-100-m--ad55c.jpeg,CİLT BAKIM ÜRÜNLERİ > LOSYON > ,FORLLED,
Hyalogy P-effect basing emulsion 100ml,Çok hafif ve yumuşak içeriğe sahip bir nemlendirici krem. Cilt bakımı tamamlayıcısı ve makyaj zemini için ideal bir yapıya sahiptir. İçeriğindeki squalen ve retinol birleşimi cildinizin koruyucu tabakasını güçlendirir. İçindeki küçük moleküler bileşenler ise cilt yenilenmesini hızlandırıp, cildi daha sıkı ve canlı bir hale getirir.,https://static.ticimax.cloud/cdn-cgi/image/width=76,quality=85/53520/uploads/urunresimleri/buyuk/hyalogy-p-effect-basing-emulsion-100ml-216-47.jpeg,CİLT BAKIM ÜRÜNLERİ > KREM > ,FORLLED,
Hyalogy P-effect Clearance Cleansing 100g,Günlük yaşamınızda cildnizin dışarıdan maruz kaldığı kirlere ve zararlı etkilere karşo geliştirmiş bir temizlik jelidir. Cildi temizlemenin yanı sıra mikro moleküler hyalüronik asit ile cildi besler. Cildi koruyan ve sağlıklı olmasını sağlayan hidro-lipid koruyucu mantoyu onarır.",https://static.ticimax.cloud/cdn-cgi/image/width=76,quality=85/53520/uploads/urunresimleri/buyuk/hyalogy-p-effect-clearance-cleansing-1-40e6-b.jpeg,CİLT BAKIM ÜRÜNLERİ > YIKAMA JELİ > ,FORLLED,
Hyalogy P-effect Deep Moisturiser Cream 100gr,Hyalogy Deep Moisturizer krem sadece cildinizi yoğun bir şekilde nemlendirmenin yanısıra cildinizi genç ve sağlıklı tutar. Dolgun ve gergin bir cilt yapısı yaratıp, kırışıklıkları gidererek etkili bir kolajen uyarımı sağlar. Toksin atılımı sayesinde cilt reaksiyonları azalır ve cildiniz huzura kavuşur.,https://static.ticimax.cloud/cdn-cgi/image/width=76,quality=85/53520/uploads/urunresimleri/buyuk/hyalogy-p-effect-deep-moisturiser-crea-1d5276.jpeg,CİLT BAKIM ÜRÜNLERİ > KREM > ,FORLLED,
Hyalogy P-effect essence 30ml,Belirgin nemlendirme etkisi ve biyolojik uyarı sağlayan, yaşlanma karşıtı çok güçlü bir serumdur. Patentli düşük moleküler ağırlıklı iyonize hyaluronik asit içerir. Bazal membrana nüfuz ederek derin cilt katmanlarında nem rezervleri oluşturur ve kollajen, elastin sentezini uyarır.,https://static.ticimax.cloud/cdn-cgi/image/width=76,quality=85/53520/uploads/urunresimleri/buyuk/hyalogy-p-effect-essence-30ml-2-8c1b.jpeg,CİLT BAKIM ÜRÜNLERİ > SERUM > ,FORLLED,
Hyalogy P-effect nourishing cream 40g,Özellikle kuru, ince, yaşlı, hassas ciltlere uygun, besleyici bir kremdir. Formülündeki eşsiz bileşenler ile saniyeler içinde cildi nemlendirip besler ve yumuşatır. Cildin hassasiyetini azaltmak, rengini dengelemek, esneklipini ve elastikiyetini arttırmak için tasarlanmıştır.,https://static.ticimax.cloud/cdn-cgi/image/width=76,quality=85/53520/uploads/urunresimleri/buyuk/hyalogy-p-effect-nourishing-cream-40g--3d4b-.jpeg,CİLT BAKIM ÜRÜNLERİ > KREM > ,FORLLED,
Hyalogy P-effect re-purerance wash 100g,Cildi arındıran nazik bir temizleme köpüğüdür. Yumuşak ve dolgun yapısı ile kan dolaşımını hızlandırır, cildi tazeler ve cilt bakım rutininizin diğer adımı için sizi hazırlar. Palmiye tohumu ve hindistan cevizi yağları içermektedir. Sağlıklı ve sorunsuz bir traş için erkekler tarafından da kullanılmaya uygundur.,https://static.ticimax.cloud/cdn-cgi/image/width=76,quality=85/53520/uploads/urunresimleri/buyuk/hyalogy-p-effect-re-purerance-wash-100-0139-4.jpeg,CİLT BAKIM ÜRÜNLERİ > KÖPÜK > ,FORLLED,
Hyalogy P-effect refining lotion 150ml,Özel moleküler yapısı sayesinde cildin derinliklerine iner ve en kuru ciltleri bile başarıyla nemlendirir. Hyalüronik asit ile cildinizin esnekliğini arttırıken, kırışıklıkları giderir ve sıkılaştırıcı bir etki yaratır. Özellikle kuru, derin çizgilere sahip olgun cilt tipleri için önerilir.,https://static.ticimax.cloud/cdn-cgi/image/width=76,quality=85/53520/uploads/urunresimleri/buyuk/hyalogy-p-effect-refining-lotion-150ml--4dc5-.jpeg,CİLT BAKIM ÜRÜNLERİ > LOSYON > ,FORLLED,
Hyalogy P-effect reliance gel 50g,Derin nemlendirme sağlayan ve hasarlı citleri onaran bir jeldir. İçeriğindeki mikro moleküllü hyalüronik asit, hidrolize yumurta kabuğu zarı, hidrolize inci proteini, Ko-Enzim Q-10 ve C vitamini, hidrolize elastin gibi çok zengin bir yapısı vardır. Hücresel enerki üretimini hızlandırırken bir yandan cildi yeniler ve nem tutma kapasitesini arttırır.,https://static.ticimax.cloud/cdn-cgi/image/width=76,quality=85/53520/uploads/urunresimleri/buyuk/hyalogy-p-effect-reliance-gel-50g-d8-427.jpeg,CİLT BAKIM ÜRÜNLERİ > JEL > ,FORLLED,
Hyalogy P-Effect Washing Foam for Men 200gr,Myristic asit bazlı hafif dokulu bir köpük. Suda özünen safsızlıkları giderir, antiinflamatuvar ve iyileştirici etki gösterir. Hidrolipid mantoya zarar vermeden, cildi rahatlatatır. Bu köpüğü diğerlerinden ayıran özellik ise suda fırça yardımıyla çırpıldığında balon gibi bir köpük elde edilmesidir. Bu köpük traş bıçağının kolayca hareket etmesini sağlar, cildi nemlendirir ve besler.,https://static.ticimax.cloud/cdn-cgi/image/width=76,quality=85/53520/uploads/urunresimleri/buyuk/hyalogy-p-effect-washing-foam-for-men--8c8-b7.jpeg,CİLT BAKIM ÜRÜNLERİ > KÖPÜK > ,FORLLED,
Hyalogy peeling lotion 100ml,Mikro moleküler teknoloji ile üretilen, meyve asidi ve lakto basil filtratı içeren "Peeling Lotion" ciltte uyarıcı ve canlandırıcı etkiler yaratır. Cildin yüzeysel tabakasındaki keratinositleri nazikçe kaldırıp gözeneklerin dolmasını engeller öte yandan kurumuş, çatlak, kızarık ve kalınlanmış ciltlerde yumuşatıcı ve pürüzsüzleştirici bir etki yaratır.,https://static.ticimax.cloud/cdn-cgi/image/width=76,quality=85/53520/uploads/urunresimleri/buyuk/hyalogy-peeling-lotion-100ml-29-171.jpeg,CİLT BAKIM ÜRÜNLERİ > LOSYON > ,FORLLED,
Hyalogy platinum essence 15 ml,Bu ileri teknoloji ürün ile cildinizi yaşlanma etkilerine karşı koruma altına alabilirsiniz. İçeriğindeki patentli platin iyonu, mikro moleküler hyalüronik asit, biyomembran ve yedi aminoasit ile birlikte cildinizi besler ve onarır. Sivilce oluşumuna karşı etkili, cilde sağlam bir detoks etkisi yapar.,https://static.ticimax.cloud/cdn-cgi/image/width=76,quality=85/53520/uploads/urunresimleri/buyuk/hyalogy-platinum-essence-15-ml-d26f07.jpeg,CİLT BAKIM ÜRÜNLERİ > SERUM > ,FORLLED,
Hyalogy Platinum Face Cream 50g,https://static.ticimax.cloud/cdn-cgi/image/width=76,quality=85/53520/uploads/urunresimleri/buyuk/hyalogy-platinum-face-cream-50g-da5-91.jpeg,CİLT BAKIM ÜRÜNLERİ > KREM > ,FORLLED,
Hyalogy platinum lotion 120ml,Platinum losyon cildinize çok güçlü anti-oksidan, yatıştırıcı ve nemledirici etkiler sağlar. Özellikle leke tedavisinde çok etkili bir üründür. İyonize platin her tür serbest radikalle savaşır, diğer anti-oksidanların etkisini de arttırır. Sağlıklı bir cilt için çok önemli olan, özel mikro moleküler hyalüronik asit, 7 aminoasit ve polisakkaritler içerir. Her cilt tipi için uygundur ve özellikle yağlı, gözenekli, leke problemi olan ciltler için önerilir.,https://static.ticimax.cloud/cdn-cgi/image/width=76,quality=85/53520/uploads/urunresimleri/buyuk/hyalogy-platinum-lotion-120ml-aaeb6c.jpeg,CİLT BAKIM ÜRÜNLERİ > LOSYON > ,FORLLED,
Hyalogy protective cream for lips 9g,Yeni nesil mikro moleküler içerikli muhteşem bir dudak koruyucu kremdir. Dudakları kuruluktan ve çatlaklardan korur. Dudakları nemlendirir ve çatlakların iyileşmesine yardımcı olur. Dudakları ultraviole radyasyondan, kuru have ve olumsuz çevresel şartlara karşı güçlü bir kalkan oluşturur.,https://static.ticimax.cloud/cdn-cgi/image/width=76,quality=85/53520/uploads/urunresimleri/buyuk/hyalogy-protective-cream-for-lips-9g-37-459.jpeg,CİLT BAKIM ÜRÜNLERİ > DUDAK BAKIMI > ,FORLLED,
Hyalogy Re-Dify Cream 50 gr,Tüm epigenetik yaşlanma faktörlerine etki eden, nazik, tamamen emici, aktif olarak nemlendirici ve nem tutucu bir yüz kremi. Hyalogy Re-Dify krem, kollajen, hyaluronik asit ve hücre dışı matrisin diğer bileşenlerinin sentezini uyararak olgun cildi gençleştirir, cildi derinlemesine nemlendirir, uzun süreli bir 3D yüz germe işlemini kolaylaştırır ve cilt yüzeyini iyileştirir.,https://static.ticimax.cloud/cdn-cgi/image/width=76,quality=85/53520/uploads/urunresimleri/buyuk/hyalogy-re-dify-cream-50-gr-e-846e.jpeg,CİLT BAKIM ÜRÜNLERİ > KREM > ,FORLLED,
Hyalogy Re-Dify Face Mask 250 ml,Stratum corneum'un ölü hücrelerini nazikçe uzaklaştırmaya yardımcı olan balmumu benzeri bileşenlere dayalı benzersiz bir maske. Sonuç, epidermisin daha iyi oksijenlenmesidir, metabolik süreçler aktive edilir, hücre yenilenmesi yoğunlaşır ve cildin rengi ve rahatlaması fark edilir derecede pürüzsüzleşir. Akşam etkisinin yanı sıra, maske belirgin bir nem koruyucu ve biyo-uyarıcı etkiye sahiptir.,https://static.ticimax.cloud/cdn-cgi/image/width=76,quality=85/53520/uploads/urunresimleri/buyuk/hyalogy-re-dify-face-mask-250-ml--e47f-.jpeg,CİLT BAKIM ÜRÜNLERİ > MASKE > ,FORLLED,
Hyalogy Re-Dify Lotion 120 ml,Güçlü bir nemlendirici, detoksifiye edici ve biyo-uyarıcı etkiye sahip, zengin, yoğun bir gençleştirici losyon. Tahrişi giderir ve cildi yatıştırır. Hyalogy Re-Dify losyon cildi sonraki tüm ürünlerin uygulanmasına hazırlar ve güçlendirici görevi görerek krem, serum ve maskelerin etkilerini yoğunlaştırır.,https://static.ticimax.cloud/cdn-cgi/image/width=76,quality=85/53520/uploads/urunresimleri/buyuk/hyalogy-re-dify-lotion-120-ml-afcbfc.jpeg,CİLT BAKIM ÜRÜNLERİ > LOSYON > ,FORLLED,
Hyalogy Remover for point make-up 150ml,Bitki ekstreleri ve doğal yağlardan oluşur. Cildinizdeki makyaj kalıntılarını rahatsız etmeden temizler aynı zamanda koruyucu tabakaları bozmaz. Formülündeki patentli "Beşli Kompleks" ile hücresel bazda cildin yenilenmesine yardımcı olur, anti-alerjik ve enflamatuvar etkiler gösterir ve serbest radikaller ile savaşır.,https://static.ticimax.cloud/cdn-cgi/image/width=76,quality=85/53520/uploads/urunresimleri/buyuk/hyalogy-remover-for-point-make-up-150m-ea4ee0.jpeg,CİLT BAKIM ÜRÜNLERİ > LOSYON > ,FORLLED,
Hyalogy Retimoist Essence 30ml,İncelmiş, kırışıklıklar ve sarkmalar başlamış ciltlerde daha canlı ve pürüzsüz bir görünüm kazanmak için ideal bir üründür. Geleneksel bitkisel Japon ekstreleri içeren yapısıyla cildinizi antibakteriyel ve yatıştırıcı bir etki yaratır. Çok ince ve kolay emilebilen bir dokuya sahiptir ve cildinize anında yumuşaklık ve gençlik katar.,https://static.ticimax.cloud/cdn-cgi/image/width=76,quality=85/53520/uploads/urunresimleri/buyuk/hyalogy-retimoist-essence-30ml-390af5.jpeg,CİLT BAKIM ÜRÜNLERİ > SERUM > ,
Hyalogy Sculpting Gel 200 ml,Bu profesyonel jel, metabolizmanın şekillendirilmesi ve iyileştirilmesi için özel tasarlanmıştır. Uygulanan bölgelerde güçlü bir lifting etkisi sağlar, hücre yenilenmesini uyarır, melanogenezi regüle eder ve hem epidermis hem de dermisin oksijen seviyesini arttırır.,https://static.ticimax.cloud/cdn-cgi/image/width=76,quality=85/53520/uploads/urunresimleri/buyuk/hyalogy-sculpting-gel-200-ml-dee535.jpeg,CİLT BAKIM ÜRÜNLERİ > JEL > ,FORLLED,
Hyalogy SensiSkin Cream 100 ml,https://static.ticimax.cloud/cdn-cgi/image/width=76,quality=85/53520/uploads/urunresimleri/buyuk/hyalogy-sensiskin-cream-100-ml--3457-.jpeg,CİLT BAKIM ÜRÜNLERİ > KREM > ,FORLLED,
Hyalogy SensiSkin Essence 50 ml,Rosacea, egzama, sedef hastalığı, kuperoz gibi cilt rahatsızlıklarıyla savaşmak için tasarlanan bu etkili serum, cildin mikrobiyota dengesinin yeniden kurulmasını destekler. Agresif işlemlerden sonra ise(peeling, lazer tedavi vs.) cildi yatıştırır.,https://static.ticimax.cloud/cdn-cgi/image/width=76,quality=85/53520/uploads/urunresimleri/buyuk/hyalogy-sensiskin-essence-50-ml-b1-9b9.jpeg,CİLT BAKIM ÜRÜNLERİ > SERUM > ,FORLLED,
Hyalogy SensiSkin Lotion 250 ml,Yağlı ve problemleri için mükemmel bir yatıştırıcı, sakinleştrici ve inflamatuvar etkisi yaratır. İçindeki salisilik asit sayesinde cildi hafif soyar bu sayede derinin üst tabakasını yumuşatır ve tıkanmış follikülleri açarak komedonların temizlenmesini sağlar.,https://static.ticimax.cloud/cdn-cgi/image/width=76,quality=85/53520/uploads/urunresimleri/buyuk/hyalogy-sensiskin-lotion-250-ml-2db3d-.jpeg,CİLT BAKIM ÜRÜNLERİ > KREM > ,FORLLED,
Hyalogy SensiSkin Mask 200 ml,Cildi derinlemesine besler, hassasiyeti giderir. Rosacea, egzama, sedef hastalığı, kuperoz gibi cilt rahatsızlıklarıyla savaşır ve cildin mikrobiyota dengesinin yeniden kurulmasını destekler.,https://static.ticimax.cloud/cdn-cgi/image/width=76,quality=85/53520/uploads/urunresimleri/buyuk/hyalogy-sensiskin-mask-200-ml-7a26-4.jpeg,CİLT BAKIM ÜRÜNLERİ > MASKE > ,FORLLED,
Hyalogy Sparkling Gel Pack 10grx5pack,Özellikle şehir yaşamına sahip bireyler için geliştirilmiş bu maske, perflorat esterlere sahiptir. İlk olarak perfluoratlar, sodyum bikarbonat ile birleştirildiğinde güçlü ve sürekli bir CO2 üretimi olur. İkincisi, perfluoratlar havadaki su ile etkileşime girdiğinde yoğun bir oksijen bağı oluşturur. Bu bağ antibakteriyel, sıkılaştırıcı ve sindirici etki yaratır. Bu maskeyi uyguladıktan sonra cilt eşit tonda, homojen ve parlak görünür.,https://static.ticimax.cloud/cdn-cgi/image/width=76,quality=85/53520/uploads/urunresimleri/buyuk/hyalogy-sparkling-gel-pack-10grx5pack-4-a946.jpeg,CİLT BAKIM ÜRÜNLERİ > MASKE > ,FORLLED,
Hyalogy UV protector 30ml, SPF 50,UV ışınlarının olumsuz etkilerine karşı koruma sağlamak ve cildin foto yaşkanmasını önlemek için özel olarak tasarlanmış hafif bir emülsiyondur. Bu ürün güneşten korumak için tasarlanmış organik kimyasal filtrelerle birlikte ince toz haline getirilmil titaniyum dioksit ile yüksek düzeyde güvenlik sağlar.,https://static.ticimax.cloud/cdn-cgi/image/width=76,quality=85/53520/uploads/urunresimleri/buyuk/hyalogy-uv-protector-30ml-spf-50-cc0fc7.jpeg,CİLT BAKIM ÜRÜNLERİ > GÜNEŞ KORUMA > ,FORLLED,
Hyalogy VCIP cream 50g,Tüm cilt tiplerine uygun hafif ve ince dokulu gündüz ve gece kremidir. Cildi berraklaştırır, güçlü anti-oksidanlarla yaşlanma etkilerine karşı savaşır. Tüm C Vitamini türevleri içinde en son jenerasyon olan VCIP yağda eriyenbilen ve oksitlenmeye dayanıklı C vitamini ile güneş hasarlarını azaltır ve kollajen üretimini destekler.,https://static.ticimax.cloud/cdn-cgi/image/width=76,quality=85/53520/uploads/urunresimleri/buyuk/hyalogy-vcip-cream-50g-d2dda2.jpeg,CİLT BAKIM ÜRÜNLERİ > KREM > ,FORLLED,
Hyalogy VK Essence 30 ml,Hassas kılcal damarların olduğu kızarıklığa eğilimli ciltler için idealdir. Damad duvarının güçlenmesine yardımcı olur, cildi yumuşatır, nemlendirir ve yatıştırır.,https://static.ticimax.cloud/cdn-cgi/image/width=76,quality=85/53520/uploads/urunresimleri/buyuk/hyalogy-vk-essence-30-ml-dab-45.jpeg,CİLT BAKIM ÜRÜNLERİ > SERUM > ,FORLLED,
Hyalogy α,Biyo-stimülan etkiye sahip mikro elementler ile ipek proteini, bitkisel ekstreler ve vitaminler içeren değerli bir besleyici ve yapılandırıcı serumdur. Cildin metabolizmasına destek verip yıpratıcı faktörlere karşı yeniden yapılandırır. Cilde genç bir görünüm katar. Ayrıca cildinizi güçlendirir, direncini arttırır, kırışık ve leke gibi yaşlanma belirtilerini azaltır.,https://static.ticimax.cloud/cdn-cgi/image/width=76,quality=85/53520/uploads/urunresimleri/buyuk/hyalogy--50c-df.jpeg,CİLT BAKIM ÜRÜNLERİ > SERUM > ,FORLLED,
Hyalogy β,Çok güçlü bir çizgi karşıtı serumdur. Mikro moleküler bileşenleri sayesinde kırışıklıkları azaltır ve hücresel yenilenmeyi tetikler. İçinde yüksek konstrasyonda argirelin bulunur ve her cilt tipi için uygundur. Özellikle botoks dolgu yaptırmak istemeyenler için, kaz ayakları, kaş ortası ve dudak üstü kırışıklığı olanlar için önerilir.,https://static.ticimax.cloud/cdn-cgi/image/width=76,quality=85/53520/uploads/urunresimleri/buyuk/hyalogy--1f-720.jpeg,CİLT BAKIM ÜRÜNLERİ > SERUM > ,FORLLED,
HYALU' INTENSE SERUM 30 ML,Olgun ciltlere özel derin onarım sağlayan ve yaşlanmaya meydan okuyan 7 aktif bileşenden oluşur. Bu serum, cildin yaşlanmasını yavaşlatmak için devrim niteliğinde bir nörokozmetik kullanır.,https://static.ticimax.cloud/cdn-cgi/image/width=76,quality=85/53520/uploads/urunresimleri/buyuk/hyalu-intense-serum-30-ml--74e54.jpeg,CİLT BAKIM ÜRÜNLERİ > SERUM > ,COLLAGEN LIFT PARIS,TL2.850,00
HYALU' PLUMP SERUM 30 ML,%7 hyalüronik asit içeriği ile ön plana çıkan Hyalu'plump; daha genç bir görünüm için yoğun nemlendirme sağlayarak cildi dolgunlaştırır ve sıkılaştırır.,https://static.ticimax.cloud/cdn-cgi/image/width=76,quality=85/53520/uploads/urunresimleri/buyuk/hyalu-plump-serum-30-ml--5854-.jpeg,CİLT BAKIM ÜRÜNLERİ > SERUM > ,COLLAGEN LIFT PARIS,TL2.400,00
Hyaluron Mask - 100 ml,Kırışıklık önleyici etkili yoğun nemlendirici, besleyici ve sıkılaştırıcı krem maske. Işıltılı bir cilt için etkili bir nem arttırıcı.,https://static.ticimax.cloud/cdn-cgi/image/width=76,quality=85/53520/uploads/urunresimleri/buyuk/hyaluron-mask-100-ml--a4c6-.jpeg,CİLT BAKIM ÜRÜNLERİ > MASKE > ,MBR,TL9.795,00
Hyaluronic Creamide Mist 150 ML,https://static.ticimax.cloud/cdn-cgi/image/width=76,quality=85/53520/uploads/urunresimleri/buyuk/hyaluronic-creamide-mist-150-ml--417f-.jpeg,CİLT BAKIM ÜRÜNLERİ > SPREY > ,TL2.520,00
HYDRA REPLENISHING FRESH LOTION 200 ML,https://static.ticimax.cloud/cdn-cgi/image/width=76,quality=85/53520/uploads/urunresimleri/buyuk/hydra-replenishing-fresh-lotion-200-ml-108d-8.jpeg,CİLT BAKIM ÜRÜNLERİ > TONİK > ,TL959,00
HYDRA Serum 30 ML,Konsantre düzeltici HYDRA serumu, cildin en derin yüzey katmanlarını yoğun bir şekilde hidratlandıran etkin bileşenler ve nem bağlayıcı bileşenlerden oluşan özel bir karışım içerir. İnce çizgi ve kırışıklıkları açmaya yardımcı olur. Nemsiz, kuru ve hassas ciltler için uygundur. Cildin nem tutma oranını artırır. Cildi derhal nemlendirerek korumaya yardımcı olur. Cilde ışıltı verir.,https://static.ticimax.cloud/cdn-cgi/image/width=76,quality=85/53520/uploads/urunresimleri/buyuk/hydra-serum-30-ml-9241af.jpeg,CİLT BAKIM ÜRÜNLERİ > SERUM > ,PH FORMULA,
Hydra-Cool Serum 15 ML,Hydra-Cool Serum, cildi gençleştirmek, nemlendirmek ve gözle görülür şekilde yatıştırmak için formüle edilmiş, ferahlatıcı, güçlü ve antioksidan koruma sağlayan rahatlatıcı serumdur.,https://static.ticimax.cloud/cdn-cgi/image/width=76,quality=85/53520/uploads/urunresimleri/buyuk/hydra-cool-serum-15-ml--73e0b.jpeg,CİLT BAKIM ÜRÜNLERİ > SERUM > ,IS CLINICAL,TL2.725,00
Hydra-Cool Serum 30 ML,Hydra-Cool Serum, cildi gençleştirmek, nemlendirmek ve gözle görülür şekilde yatıştırmak için formüle edilmiş, ferahlatıcı, güçlü ve antioksidan koruma sağlayan rahatlatıcı serumdur.,https://static.ticimax.cloud/cdn-cgi/image/width=76,quality=85/53520/uploads/urunresimleri/buyuk/hydra-cool-serum-30-ml-93-9fd.jpeg,CİLT BAKIM ÜRÜNLERİ > SERUM > ,IS CLINICAL,TL4.208,00
Hydra-Intensive Cooling Masque 120 GR,Hydra-Intensive Cooling Masque, cildi canlandırmak, tazelemek, yatıştırmak ve nemlendirme sağlamak için tasarlanmış zengin, lüks bir serinletici bakım maskesidir.,https://static.ticimax.cloud/cdn-cgi/image/width=76,quality=85/53520/uploads/urunresimleri/buyuk/hydra-intensive-cooling-masque-120-gr-7caa-4.jpeg,CİLT BAKIM ÜRÜNLERİ > MASKE > ,IS CLINICAL,TL4.027,00
Hydraskin Cooling Hydrating Gel Mask 50ML,Tüm cilt tiplerine uygun maske Jel formundaki hafif ve baloncuklu yapısı ile cildin canlı ve tazelenmiş görünüm kazanmasına, yorgun görünümünün azalmasına yardımcı olur. Botanik içeriklerin desteğiyle cildin serin bir his kazanmasını ve uzun süreli nemlendirilmesini destekler. Haftada üç kere, temiz ve kuru cildinize ince bir tabaka halinde uygulayınız. 10 dakika bekleyiniz ve ardından ıslak bir bezle fazlalığı siliniz.,https://static.ticimax.cloud/cdn-cgi/image/width=76,quality=85/53520/uploads/urunresimleri/buyuk/hydraskin-cooling-hydrating-gel-mask-5-8fe0-d.jpeg,CİLT BAKIM ÜRÜNLERİ > MASKE > ,DARPHIN,TL1.765,00
Hydraskin Light 100ML,Normal ve karma ciltleri için nemlendirici için Hafif yapısı ve jel formu ile yüksek performans sunar. Nem verme özelliğine sahip deniz börülcesi ve fransız lavantası içerir. Cildi derinlemesine nemlendirir, cildin nem mekanizmasının uyarılmasına ve nem rezervlerinin doldurulmasına yardımcı olur. Makyajın gün boyunca taze kalmasını sağlar Kullanımı: Gündüz. Hydraskin All-day Eye Refresh Gel-Cream sonrasında uygulayın Gece. Uygun aromatik bakım yağından sonra uygulayın.Uygun bakım kreminizle bakımınızı tamamlayın Botanik İçerikler: Fransız Lavantası, Deniz Börülcesi, Imperata Cylindrica, Kivi, Hyalüronik Asit,https://static.ticimax.cloud/cdn-cgi/image/width=76,quality=85/53520/uploads/urunresimleri/buyuk/hydraskin-light-100ml-d357ca.jpeg,CİLT BAKIM ÜRÜNLERİ > KREM > ,DARPHIN,TL2.929,00
Hydraskin Light 50ML,Faydaları:,https://static.ticimax.cloud/cdn-cgi/image/width=76,quality=85/53520/uploads/urunresimleri/buyuk/hydraskin-light-50ml-e4cc3-.jpeg,CİLT BAKIM ÜRÜNLERİ > KREM > ,DARPHIN,TL1.709,00
Hydraskin Rich 100ML,Kuru ciltler için nemlendirici Cildi besler, nem verme özelliğine sahip güçlü Deniz Börülcesi ve Fransız Lavantası içerir. Cildi derinlemesine nemlendirir, cildin nem mekanizmasını uyandırmaya ve cildin nem rezervlerinin doldurulmasına yardımcı olur.Makyajın taze kalmasına yardımcı olur. Kullanımı: Gündüz. Hydraskin Intensive Skin-Hydrating Serum sonrasında uygulayın Gece. Uygun aromatik bakım yağından sonra uygulayın.Botanik İçerikler: Fransız Lavantası, Salicornia Herbacea, Imperata Cylindrica, Shea Yağı, Hyalüronik Asit,https://static.ticimax.cloud/cdn-cgi/image/width=76,quality=85/53520/uploads/urunresimleri/buyuk/hydraskin-rich-100ml-aa6ceb.jpeg,CİLT BAKIM ÜRÜNLERİ > KREM > ,DARPHIN,TL2.929,00
Hydraskin Rich 50ML,https://static.ticimax.cloud/cdn-cgi/image/width=76,quality=85/53520/uploads/urunresimleri/buyuk/hydraskin-rich-50ml-470e-9.jpeg,CİLT BAKIM ÜRÜNLERİ > KREM > ,TL1.709,00
Hydraskin Serum 30ML,Faydaları:,https://static.ticimax.cloud/cdn-cgi/image/width=76,quality=85/53520/uploads/urunresimleri/buyuk/hydraskin-serum-30ml-7-13ff.jpeg,CİLT BAKIM ÜRÜNLERİ > SERUM > ,DARPHIN,TL2.189,00
Hydrate Luxe 48gr,Obagi Hydrate Luxe, temel biyomimetik peptitler ile özel olarak tasarlanmıştır. Bu komedojenik olmayan nemlendirici, gece boyunca ultra zengin nemlendirme sağlar. Lüks ve balsam benzeri bir dokuya sahiptir.,https://static.ticimax.cloud/cdn-cgi/image/width=76,quality=85/53520/uploads/urunresimleri/buyuk/hydrate-luxe-48gr-702e91.jpeg,CİLT BAKIM ÜRÜNLERİ > KREM > ,OBAGI,TL3.585,00
Hydrate Obagi,Obagi Hydrate Facial Moisturizer, gece veya gündüz anında ve uzun süreli nemlendirme sağlayan komedojenik olmayan bir yüz nemlendiricisidir. Hidromanil Matrix Molekülleri sayesinde cildinizdeki su kaybını engeller.,https://static.ticimax.cloud/cdn-cgi/image/width=76,quality=85/53520/uploads/urunresimleri/buyuk/hydrate-obagi-b2-aa8.jpeg,CİLT BAKIM ÜRÜNLERİ > KREM > ,OBAGI,TL3.283,00
Hydrating - Daily Hydra Maximum SPF20 50 ML,Her cilt tipi için iki görevi de yerine getirebilen bir kremdir. Cildin hem günlük nemlendirici ihtiyacını karşılar hem de güneşe ve çevresel zararlı etkilere karşı korur.,https://static.ticimax.cloud/cdn-cgi/image/width=76,quality=85/53520/uploads/urunresimleri/buyuk/hydrating-daily-hydra-maximum-spf20-50-8396c1.jpeg,CİLT BAKIM ÜRÜNLERİ > LOSYON > ,SCHRAMMEK,TL2.750,00
Hydrating - Hydra Maximum Day Cream 50 ML,Yüksek nem ihtiyacı olan ciltler için ideal bir üründür. Ciltteki nemde yüzde 41'e kadar artış sağlar ve cildin bariyer fonksiyonunu destekler. İçeriğindeki Pentavitin ile cildin nem tutma kapasitesini arttırır. Lara Care A200 ise ciltteki su kaybının önüne geçer.,https://static.ticimax.cloud/cdn-cgi/image/width=76,quality=85/53520/uploads/urunresimleri/buyuk/hydrating-hydra-maximum-day-cream-50-m-2c-406.jpeg,CİLT BAKIM ÜRÜNLERİ > KREM > ,SCHRAMMEK,TL2.915,00
Hydrating - Hydra Maximum Mask 75 ML,Aşırı kuru ciltler için yoğun bir nemlendirme etkisi sağlayan bir nem maskesidir. Papatya ve Bisabolol kompleksi ile yoğun nem ve sakinleştiri etkisi yaratır. Yaz aylarında buzdolabında saklanıp serinletici etkisi ile deniz ve güneş sonrası uygulanabilir.,https://static.ticimax.cloud/cdn-cgi/image/width=76,quality=85/53520/uploads/urunresimleri/buyuk/hydrating-hydra-maximum-mask-75-ml-50-a7f.jpeg,CİLT BAKIM ÜRÜNLERİ > MASKE > ,SCHRAMMEK,TL3.080,00
Hydrating - Hydra Maximum Night Cream 50 ML,Nemsiz ciltler için tasarlanmış, gece boyu etkili bir kremdir. Zengin içeriği ile ciltteki protein ve lipid üretimini arttırarak gece boyunca nem ve onarım sağlar. Vitamin E ile de cildin daha pürüzsüz görünmesine yardımcı olur.,https://static.ticimax.cloud/cdn-cgi/image/width=76,quality=85/53520/uploads/urunresimleri/buyuk/hydrating-hydra-maximum-night-cream-50-27c5-4.jpeg,CİLT BAKIM ÜRÜNLERİ > KREM > ,SCHRAMMEK,TL3.060,00
Hydrating - Moisture Plus Amp. (7*2ml),Nem ihtiyacı olan ve ince çizgiler ile derdi olan ciltler için geliştirilmiş ultra yoğun etkili bir ampüldür. Cildi kurumaya karşı korurken aynı zamanda yoğun nem katar. Cildin daha taze ve yumuşak hissetmesini sağlar.,https://static.ticimax.cloud/cdn-cgi/image/width=76,quality=85/53520/uploads/urunresimleri/buyuk/hydrating-moisture-plus-amp.-72ml-43-bf7.jpeg,CİLT BAKIM ÜRÜNLERİ > SERUM > ,SCHRAMMEK,TL2.025,00
Hydrating & Lifting Toner - 150 ml,Yeni hücreler oluşturmaya yardımcı olan ve gençliğin parlaklığını sağlayan aktive edici, canlandırıcı ve sıkılaştırıcı toner. Cilt günden güne güçlenir. Ardından uygulanacak bakım bileşenlerini mükemmel şekilde tamamlar.,https://static.ticimax.cloud/cdn-cgi/image/width=76,quality=85/53520/uploads/urunresimleri/buyuk/hydrating-lifting-toner-150-ml-7c-893.jpeg,CİLT BAKIM ÜRÜNLERİ > TONİK > ,MBR,TL14.637,00
Hydrating B5 30 ML,Hydrating B5; hyalüronik asit ve Vitamin B5 içeren formülü ile cildi nemlendirir ve günlük nemlendiricinizin faydalarının optimum düzeye çıkmasını sağlar.,https://static.ticimax.cloud/cdn-cgi/image/width=76,quality=85/53520/uploads/urunresimleri/buyuk/hydrating-b5-30-ml-7a-9c1.jpeg,CİLT BAKIM ÜRÜNLERİ > SERUM > ,SKINCEUTICALS,TL3.700,00
Hydrating Cleanser 200 ML,İkili etkiye sahip bu temizleyici krem, yağ ve makyaj kalıntılarını temizlerken, hassas cildi yumuşatmak için gliserinle allantoin karışımı sunar.,https://static.ticimax.cloud/cdn-cgi/image/width=76,quality=85/53520/uploads/urunresimleri/buyuk/hydrating-cleanser-200-ml-9079-9.jpeg,CİLT BAKIM ÜRÜNLERİ > YIKAMA JELİ > ,ZO SKIN HEALTH,TL2.800,00
Hydrating Crème 113 GR,ZOX12™ bileşenli gençleştirici formül cildinizi tazeleyecek. Genel cilt bakımınız sonrası nemlendirici ve rahatlatıcı etki arıyorsanız bu ürün birebir.,https://static.ticimax.cloud/cdn-cgi/image/width=76,quality=85/53520/uploads/urunresimleri/buyuk/hydrating-cr-me-113-gr-5bddb2.jpeg,CİLT BAKIM ÜRÜNLERİ > KREM > ,ZO SKIN HEALTH,TL6.200,00
Hydrating Creme 58 GR,ZOX12™ bileşenli gençleştirici formül cildinizi tazeleyecek. Genel cilt bakımınız sonrası nemlendirici ve rahatlatıcı etki arıyorsanız bu ürün birebir.,https://static.ticimax.cloud/cdn-cgi/image/width=76,quality=85/53520/uploads/urunresimleri/buyuk/hydrating-creme-58-gr-87a-cf.jpeg,CİLT BAKIM ÜRÜNLERİ > KREM > ,ZO SKIN HEALTH,TL3.300,00
Hydrating Eye Patches 21 - 3 ml,kuruluk kırışıklıklarını azaltır ve nemi bağlar göz altındaki koyu halkaları ve göz altındaki torbaları ortadan kaldırın ve kaz ayaklarını azaltın Göz bölgesinin daha taze ve dolgun görünmesini sağlayın Göz çevresindeki stresli cildi rahatlatır,https://static.ticimax.cloud/cdn-cgi/image/width=76,quality=85/53520/uploads/urunresimleri/buyuk/hydrating-eye-patches-21-3-ml-0-1995.jpeg,21 TRANSDERMAL,TL5.124,00
Hydrating Liquid Mask 21 - 15 ml,Ciltteki nemi uzun süre korur.,https://static.ticimax.cloud/cdn-cgi/image/width=76,quality=85/53520/uploads/urunresimleri/buyuk/hydrating-liquid-mask-21-15-ml-117a43.jpeg,21 TRANSDERMAL,TL6.588,00
HYDRATION 3 REGENETIC CONCENTRATE 30 ML,Cildi pürüzsüzleştirir, nemlendirir ve yeniler. Gerçek bir nem düzenleyici olan bu serum, cilde doğal olarak yeniden nem yapmayı öğretir. Üç boyutta anti-age nemlilik! Bu jel serum, cildin dokusu için gerekli olan doğal hyaluronik asit üretimini destekler. Uzun süreli yoğun nemlendirme ile suyun cilt yüzeyinden buharlaşmasını sınırlar. Cildin dokusu gözle görülür şekilde iyileşir, esneklik ve tonu geri kazanır, kırışıklıkları gözle görülür şekilde hafifletir. Olağanüstü dokusu, tüm cilt tipleri, özellikle de en susuz kalmış veya olgun ciltler içindir.,https://static.ticimax.cloud/cdn-cgi/image/width=76,quality=85/53520/uploads/urunresimleri/buyuk/hydration-3-regenetic-concentrate-30-m-74-151.jpeg,CİLT BAKIM ÜRÜNLERİ > SERUM > ,VALMONT,TL8.500,00
HYDRATION 3 REGENETIC CREAM 50 ML,https://static.ticimax.cloud/cdn-cgi/image/width=76,quality=85/53520/uploads/urunresimleri/buyuk/hydration-3-regenetic-cream-50-ml-5-9456.jpeg,CİLT BAKIM ÜRÜNLERİ > KREM > ,TL9.500,00
Hydro Gel Mask 21 -50 ml,Üst düzey nemlendirici jel maske. Kuru ciltlerde cildin kendi onarım süreçlerini destekler. Esnekliği ve dayanıklılığı artırır. Sakinleştirici ve antinflamatuar etkiye sahiptir.,https://static.ticimax.cloud/cdn-cgi/image/width=76,quality=85/53520/uploads/urunresimleri/buyuk/hydro-gel-mask-21-50-ml-c-1dfe.jpeg,21 TRANSDERMAL,TL5.966,00
Hydro Soothing Cream 50 (HSC) 50 ML,Yoğun Hidro Rahatlatıcı Krem, nem düzeyini artırmaya, cildi yenilemeye yardımcı olur. Ciltte oluşabilecek hassasiyeti geriletmeyi destekler. İçeriğindeki salgangoz salgısı filtratı cildi hızla yenilemeye yardımcı olur ayrıca içeriğinde fermente balkabağı özütü bulunur.,https://static.ticimax.cloud/cdn-cgi/image/width=76,quality=85/53520/uploads/urunresimleri/buyuk/hsc-hydro-soothing-cream-50-gr-69-b34.jpeg,CİLT BAKIM ÜRÜNLERİ > KREM > ,GENOSYS,
Hydro-Dynamic Ultimate Moisture 50 ML,İçerdiği yoğun Hyaluronik Asit ile cilde 24 saat nem vermeye yardımcı olur. Hafif yapısı ile cildi onarmayı ve dolgunlaştırmayı destekler. Hindistan Cevizi Özü ile nemi cilde hapsederek cildin daha yumuşak olmasına ve sağlıklı görünmesine destek olur.,https://static.ticimax.cloud/cdn-cgi/image/width=76,quality=85/53520/uploads/urunresimleri/buyuk/hydro-dynamic-ultimate-moisture-50-ml-fe0a40.jpeg,CİLT BAKIM ÜRÜNLERİ > KREM > ,MURAD,TL6.820,00
ICY FALLS 100 ML,Hafif ila orta yoğunlukta makyajı temizler. Bir anlık tazelik, bu eriyen jel makyajı çıkarırken rahatlama sağlar, cildi temiz ve ışıltılı bırakır. Günlük stresten bir mola! Bu şaşırtıcı dönüşen dokusu ile, makyajı taze, kadifemsi bir okşayışla temziler. Prebiyotikler ve probiyotikler açısından zengin olan formül, cildin dengesine saygı duyar ve onu kusursuz, parlak, esnek ve rahat bırakır. Çok susuz kalmış ciltlere bile uyum sağlayarak tüm cildi sevindirir.,https://static.ticimax.cloud/cdn-cgi/image/width=76,quality=85/53520/uploads/urunresimleri/buyuk/icy-falls-100-ml-5-a6ed.jpeg,CİLT BAKIM ÜRÜNLERİ > TEMİZLEME > ,VALMONT,TL2.700,00
Ideal Resource Cream 50ML,Faydaları:,https://static.ticimax.cloud/cdn-cgi/image/width=76,quality=85/53520/uploads/urunresimleri/buyuk/ideal-resource-cream-50ml-f3-c04.jpeg,CİLT BAKIM ÜRÜNLERİ > KREM > ,DARPHIN,TL2.875,00
Ideal Resource Fluid 50ML,Faydaları:,https://static.ticimax.cloud/cdn-cgi/image/width=76,quality=85/53520/uploads/urunresimleri/buyuk/ideal-resource-fluid-50ml-ab17-8.jpeg,CİLT BAKIM ÜRÜNLERİ > KREM > ,DARPHIN,TL2.875,00
Ideal Resource Re-Birth Overnight Cream 50ML,Faydaları:,https://static.ticimax.cloud/cdn-cgi/image/width=76,quality=85/53520/uploads/urunresimleri/buyuk/ideal-resource-re-birth-overnight-crea-7e-8ea.jpeg,CİLT BAKIM ÜRÜNLERİ > KREM > ,DARPHIN,TL2.875,00
Ideal Resource Serum 30ML,Faydaları:,https://static.ticimax.cloud/cdn-cgi/image/width=76,quality=85/53520/uploads/urunresimleri/buyuk/ideal-resource-serum-30ml-c3-467.jpeg,CİLT BAKIM ÜRÜNLERİ > SERUM > ,DARPHIN,TL3.535,00
Ideal Resource Youth Retinol Oil Concentrate 60 Caps.,Gece bakım kapsülü - tüm cilt tiplerine uygundur İnce çizgi ve kırışıklık görünümünü azaltmaya yardımcı olur. Cildin daha aydınlık ve eşit bir cilt tonu görünümü kazanmasını destekler. Cildi besler. Göz çevresine de uygulanabilir. Kapsülün tepesindeki başlığı çevirerek açın. Tek başına kullanıldığında kapsülün tamamını avucunuzun içine dökün ve nemlendiriiden önce uygulayın. Ya da avucunuzda nemlendirici ile karıştırarak uygulayın.,https://static.ticimax.cloud/cdn-cgi/image/width=76,quality=85/53520/uploads/urunresimleri/buyuk/ideal-resource-youth-retinol-oil-conce-f4-19c.jpeg,CİLT BAKIM ÜRÜNLERİ > SERUM > ,DARPHIN,TL2.845,00
Illuminating AOX Serum 50 ML,Antioksidanlarla zenginleştirilmiş Illuminating Aox Serum, hava kirliliğinin yarattığı hasar ve erken yaşlılık belirtilerinin oluşumuna karşı koruma sağlar. Hafif ışıltılı yapısı, gözle görülür şekilde cildin aydınlatır.,https://static.ticimax.cloud/cdn-cgi/image/width=76,quality=85/53520/uploads/urunresimleri/buyuk/illuminating-aox-serum-50-ml-4895-8.jpeg,CİLT BAKIM ÜRÜNLERİ > SERUM > ,ZO SKIN HEALTH,TL8.800,00
IMASK BOTOLIFT (1 Ad.),İnce çizgileri ve kırışıklıkları azaltarak cildin pürüzsüzlüğünü artırır. Cildi aydınlatan cilt dokusunu ve nemini geri kazandırır.,https://static.ticimax.cloud/cdn-cgi/image/width=76,quality=85/53520/uploads/urunresimleri/buyuk/imask-botolift-1-ad.--a5d0-.jpeg,CİLT BAKIM ÜRÜNLERİ > MASKE > ,MARGY'S,TL1.750,00
IMASK PURE (1 Ad.),I-Mask Pure nemlendirici maske cildi iyileştirmeye, kızarıklığı ve cilt tahrişini gidermeye, cildi kaldırmaya ve sıkılaştırmaya ve dehidrasyonun ince çizgilerini azaltmaya yardımcı olur.,https://static.ticimax.cloud/cdn-cgi/image/width=76,quality=85/53520/uploads/urunresimleri/buyuk/imask-pure-1-ad.-5f0263.jpg,CİLT BAKIM ÜRÜNLERİ > MASKE > ,MARGY'S,TL1.750,00
Instant Pore Refiner 29 GR,Özel ve güçlü ZO-RSS™ ve ZOX12™ kombinasyonlarından oluşan bu serum cildinize daha güzel bir görünüm katmak için gözenekleri sıkılaştırır, cilt yapısını pürüzsüzleştirir ve yağlanmayı azaltır.*sıkı,https://static.ticimax.cloud/cdn-cgi/image/width=76,quality=85/53520/uploads/urunresimleri/buyuk/instant-pore-refiner-29-gr-ccbbf9.jpeg,CİLT BAKIM ÜRÜNLERİ > SERUM > ,ZO SKIN HEALTH,TL3.500,00
Intense Hydration 72H Moisturizer 50 ML,Tüm cilt tiplerine uygun Lumene’ye özel Hydra Nem Teknolojisi içeren %87 doğal formülü ile gün boyunca cilde yoğun nem kazandırmaya yardımcı olur. İçeriğindeki Hyaluronik Asit ve Kuzey Kutbu’nun Saf Yeraltı Suları, cilde anında nem, tazelik ve enerji kazandırmayı destekler.,https://static.ticimax.cloud/cdn-cgi/image/width=76,quality=85/53520/uploads/urunresimleri/buyuk/intense-hydration-24h-moisturizer-50-m-24ac37.jpg,CİLT BAKIM ÜRÜNLERİ > JEL > ,LUMENE,TL930,00
Intense Moisturizing Emulsion Gel 50 ML,Bu taze ve pürüzsüz yaşlanma karşıtı emülsiyon jeli epidermisi derinlemesine nemlendirir, aynı zamanda susuz cilde dolgunluk verir ve ince çizgileri yumuşatır. Hafif, yumuşak ve yapışkan olmayan dokusu hızla nüfuz ederek cilde konfor ve esneklik kazandırır.,https://static.ticimax.cloud/cdn-cgi/image/width=76,quality=85/53520/uploads/urunresimleri/buyuk/intense-moisturizing-emulsion-gel-50-m-89eb45.jpeg,CİLT BAKIM ÜRÜNLERİ > JEL > ,BELLEFONTAINE S.,
Intense Renewal Serum 30 ML,Argan kök hücrelerinde yüksek oranda konsantre olan yaşlanma karşıtı bakım olan Intense Renewal Serum, cilt hücresi yenilenmesini artırır ve kollajen ve elastin sentezini uyarır. Kırışıklıklar ve ince çizgiler gözle görülür şekilde azalır; cilt daha sıkılaşır ve gençlik ışıltısına kavuşur.,https://static.ticimax.cloud/cdn-cgi/image/width=76,quality=85/53520/uploads/urunresimleri/buyuk/intense-renewal-serum-30-ml-4cf-4b.jpeg,CİLT BAKIM ÜRÜNLERİ > SERUM > ,BELLEFONTAINE S.,
Intensive Deo Cream 21 - 50 ml,Bakterileri engeller ve hoş olmayan kokuyu etkili bir şekilde önler.,https://static.ticimax.cloud/cdn-cgi/image/width=76,quality=85/53520/uploads/urunresimleri/buyuk/intensive-deo-cream-21-50-ml-68-d91.jpg,21 TRANSDERMAL,TL2.928,00
Intensive Moisture Balance 100 ML,Ultra-besleyici nemlendirici, kuru ve yıpranmış ciltte ideal bariyer performansı için cildin lipitlerini yeniler. BioReplenish Complex™ cildin doğal elastikiyetini arttıran ve cilt bariyerini destekleyen cilt bariyerinin temel lipit kombinasyonlarını, cilde sağlamaya yardımcı olur. Bir prebiyotik olan Chlorella Alg Kompleksi, cildin doğal mikrobiyomunu dengelemeye yardımcı olarak cildin daha iyi görünmesini sağlar. Hyaluronik Asit ile kombine edilmiş Ekinezya, Centella Asiatica ve Aloe Vera nemi cilde hapsederek cilt neminin artmasına ve ince çizgilerin görünümünün azalmasına yardımcı olur.,https://static.ticimax.cloud/cdn-cgi/image/width=76,quality=85/53520/uploads/urunresimleri/buyuk/intensive-moisture-balance-100-ml-1ab-db.jpeg,CİLT BAKIM ÜRÜNLERİ > KREM > ,DERMALOGICA,TL3.980,00
Intensive Moisture Balance 50 ML,Ultra-besleyici nemlendirici, kuru ve yıpranmış ciltte ideal bariyer performansı için cildin lipitlerini yeniler. BioReplenish Complex™ cildin doğal elastikiyetini arttıran ve cilt bariyerini destekleyen cilt bariyerinin temel lipit kombinasyonlarını, cilde sağlamaya yardımcı olur. Bir prebiyotik olan Chlorella Alg Kompleksi, cildin doğal mikrobiyomunu dengelemeye yardımcı olarak cildin daha iyi görünmesini sağlar. Hyaluronik Asit ile kombine edilmiş Ekinezya, Centella Asiatica ve Aloe Vera nemi cilde hapsederek cilt neminin artmasına ve ince çizgilerin görünümünün azalmasına yardımcı olur.,https://static.ticimax.cloud/cdn-cgi/image/width=76,quality=85/53520/uploads/urunresimleri/buyuk/intensive-moisture-balance-50-ml-fe-f11.jpeg,CİLT BAKIM ÜRÜNLERİ > KREM > ,DERMALOGICA,TL2.450,00
Intensive Moisture Cleanser 150 ML,Hafif, kremsi ve BioReplenish Complex™ ile güçlendirilmiş bu temizleyici, kuru ve ihmal edilmiş cildi beslerken, birikimleri temizler. Bu yumuşatıcı, lipitlerce zengin formül kuruluğa karşı korumak için oldukça önemli kritik lipitleri ve proteinlere gelebilecek zararı minimumda tutmaya yardımcı olurken, cildi arındırır. BioReplenish Complex™ ile kombine edilen Hindistancevizi ve Murumuru Tohum Yağından elde edilen fitoaktifler ile temizleme sonrası ciltte daha yumuşak bir his için, bariyer lipitlerini korumaya yardımcı olur. Canlandırıcı Citrus, Palmarosa ve Yasemin özleri yorgun cildi ferahlatır. Ciltten kolayca durulanır, ciltte daha temiz, yumuşak ve çok daha ışıltılı bir görünüm sağlar.,https://static.ticimax.cloud/cdn-cgi/image/width=76,quality=85/53520/uploads/urunresimleri/buyuk/intensive-moisture-cleanser-150-ml-6e2-b5.jpeg,CİLT BAKIM ÜRÜNLERİ > TEMİZLEME > ,DERMALOGICA,TL1.915,00
INTENSIVE PRO COLLAGEN+ CREAM 50 ML,Cildin daha sıkı ve dolgun görünmesine, cilt kusurlarının ve kırışıklıkların görünümünün azalmasına yardımcı olur. Yüz hatlarının yeniden şekillendirilmesini destekler. Cildin kolajen gücünü harekete geçirir.,https://static.ticimax.cloud/cdn-cgi/image/width=76,quality=85/53520/uploads/urunresimleri/buyuk/intensive-pro-collagen-cream-50-ml-66-884.jpeg,CİLT BAKIM ÜRÜNLERİ > KREM > ,ESTHEDERM,TL3.229,00
INTENSIVE PRO COLLAGEN+ SERUM 30 ML,Cildin daha sıkı ve dolgun görünmesine, cilt kusurlarının ve kırışıklıkların görünümünün azalmasına yardımcı olur. Yüz hatlarının yeniden şekillendirilmesini destekler. Cildin kolajen gücünü harekete geçirir.,https://static.ticimax.cloud/cdn-cgi/image/width=76,quality=85/53520/uploads/urunresimleri/buyuk/intensive-pro-collagen-serum-30-ml-db4834.jpeg,CİLT BAKIM ÜRÜNLERİ > SERUM > ,ESTHEDERM,TL3.309,00
Intensive Problem Control Toner 200 ML,Fazla yağ ve sebumun giderilmesine yardımcı olur ve akne eğilimli ciltler için etkiler sağlarken cilde hızlıca nem katar.,https://static.ticimax.cloud/cdn-cgi/image/width=76,quality=85/53520/uploads/urunresimleri/buyuk/pct-intensive-problem-control-toner-20-6b4-e4.jpeg,CİLT BAKIM ÜRÜNLERİ > TONİK > ,GENOSYS,
INTENSIVE PROPOLIS+ CONCENTRATED SERUM 30 ML,Sivilce karşıtı ve yaşlanma karşıtı etki gösterir. Yüksek konsantrasyon propolis içeriği ve salisilik asit saYesinde sivilcelerin ve izlerinin oluşumunun önlenmesine destek olur.,https://static.ticimax.cloud/cdn-cgi/image/width=76,quality=85/53520/uploads/urunresimleri/buyuk/intensive-propolis-concentrated-serum--82-4f1.jpeg,CİLT BAKIM ÜRÜNLERİ > SERUM > ,ESTHEDERM,TL3.309,00
INTENSIVE PROPOLIS+ DEEP CLEANSING MASK 75 ML,Cildi derinlemesine temizleyerek gözeneklerdeki tıkanıklığı en aza indirmeyi hedefler. Kaolin saYesinde fazla sebumun giderilmesine, ciltteki parlamanın azalmasına destek olur.,https://static.ticimax.cloud/cdn-cgi/image/width=76,quality=85/53520/uploads/urunresimleri/buyuk/intensive-propolis-deep-cleansing-mask-dd4db5.jpeg,CİLT BAKIM ÜRÜNLERİ > MASKE > ,ESTHEDERM,TL2.619,00
INTENSIVE PROPOLIS+ PURIFYING CLEANSING GEL 200 ML,Cildi nazikçe temizler ve arındırır. Gözeneklerin sıkılaşmasına destek olurken daha ışıltılı bir cilt görünümünü hedefler. Cildin nemini korumaya ve cilt bariyerini güçlendirmeye yardımcı olur. Akne eğilimli ciltler için idealdir.,https://static.ticimax.cloud/cdn-cgi/image/width=76,quality=85/53520/uploads/urunresimleri/buyuk/intensive-propolis-purifying-cleansing--8455-.jpeg,CİLT BAKIM ÜRÜNLERİ > TEMİZLEME > ,ESTHEDERM,TL1.439,00
INTENSIVE PROPOLIS+ SERUM LOTION 130 ML,Bu serum losyon, cilt kusurlarının görünümünü azaltmaya, cildi matlaştırmaya ve gözenekleri sıkılaştırmaya yardımcı olur. İçerisindeki çinko saYesinde ciltteki parlamaların azalmasına ve gözeneklerin sıkılaşmasına yardımcı olur.,https://static.ticimax.cloud/cdn-cgi/image/width=76,quality=85/53520/uploads/urunresimleri/buyuk/intensive-propolis-serum-lotion-130-ml--0ab4-.jpeg,CİLT BAKIM ÜRÜNLERİ > SERUM > ,ESTHEDERM,TL2.069,00
INTENSIVE PROPOLIS+ SKIN PERFECTOR CREAM 50 ML,Cilt kusurlarının görünümünün azalmasına, cildi matlaştırmaya ve kırışıklıkların görünümünün azalmasına destek olur. Ferülik asitin antioksidan etkisi saYesinde cildi korumaya yardımcı olur.,https://static.ticimax.cloud/cdn-cgi/image/width=76,quality=85/53520/uploads/urunresimleri/buyuk/intensive-propolis-skin-perfector-crea-2-42ec.jpeg,CİLT BAKIM ÜRÜNLERİ > KREM > ,ESTHEDERM,TL3.229,00
Intensive Repair Collagen Mask (1 Adet),Intensive Repair Collagen maske, rahatlatmaya ve nemlendirmeye yardımcı maskedir. İçeriğindeki kolajen, betain ve cadı fındığı ile cildinizi onarmaya ve beslemeye yardımcı olur. Sebumu dengelemeye yardımcı olur. Tek kullanımlıktır.,https://static.ticimax.cloud/cdn-cgi/image/width=76,quality=85/53520/uploads/urunresimleri/buyuk/intensive-repair-collagen-mask-1-ad.-dd7-e0.jpeg,CİLT BAKIM ÜRÜNLERİ > MASKE > ,GENOSYS,
INTENSIVE SPIRULINE CREAM 50 ML,Yorgunluk belirtilerinin azalmasına, cildin yenilenmesine ve beslenmesine destek olur. Cildin yumuşamasına ve ışıldamasına yardımcı olur.,https://static.ticimax.cloud/cdn-cgi/image/width=76,quality=85/53520/uploads/urunresimleri/buyuk/intensive-spiruline-cream-50-ml-8d2b95.jpeg,CİLT BAKIM ÜRÜNLERİ > KREM > ,ESTHEDERM,TL3.029,00
INTO REPAIR 50 ML,Cildi güneşin zararlarından korurken yararlı etkilerinden faydalanmayı sağlayarak eşit dağılımlı güzel bir bronzluğa kavuşmaya yardımcı olur. Lekelerin zamanla görünürlüğünün azalmasına ve renk eşitsizliklerinin dengelenmesine destek olur. Akışkan dokudadır.,https://static.ticimax.cloud/cdn-cgi/image/width=76,quality=85/53520/uploads/urunresimleri/buyuk/into-repair-50-ml-23-919.jpeg,CİLT BAKIM ÜRÜNLERİ > GÜNEŞ KORUMA > ,ESTHEDERM,TL1.579,00
Intral Air Mousse Cleanser 125ML,Faydaları:,https://static.ticimax.cloud/cdn-cgi/image/width=76,quality=85/53520/uploads/urunresimleri/buyuk/intral-air-mousse-cleanser-125ml-2-2df4.jpeg,CİLT BAKIM ÜRÜNLERİ > YIKAMA JELİ > ,DARPHIN,TL1.415,00
Intral Cleansing Milk 200ML,Faydaları:,https://static.ticimax.cloud/cdn-cgi/image/width=76,quality=85/53520/uploads/urunresimleri/buyuk/intral-cleansing-milk-200ml--8de3-.jpeg,CİLT BAKIM ÜRÜNLERİ > TEMİZLEME SÜTÜ > ,DARPHIN,TL1.699,00
Intral Environmental Lightweight Shield SPF50 30ML,Faydaları:,https://static.ticimax.cloud/cdn-cgi/image/width=76,quality=85/53520/uploads/urunresimleri/buyuk/intral-environmental-lightweight-shiel-0d89be.jpeg,CİLT BAKIM ÜRÜNLERİ > GÜNEŞ KORUMA > ,TL2.249,00
Intral Inner Youth Rescue Serum 15ML,Darphin'in en yeni lansmanı Intral Inner Youth Rescue Serum, güçlendirilmiş formülü ile cildin hassas ve kızarık görünümünü azaltmaya yardımcı olur. Cildi nemlendirirken, nemsizlik kaynaklı ince çizgi görünümünü azaltır. Cilde anında ve 24 saat boyunca aydınlık görünüm kazandırmaya yardımcı olur. Cilt dokusuna pürüzsüz görünüm kazandırmaya ve eşit bir cilt tonu sağlamaya yardımcı olur.,https://static.ticimax.cloud/cdn-cgi/image/width=76,quality=85/53520/uploads/urunresimleri/buyuk/intral-inner-youth-rescue-serum-15ml-354-4e.jpeg,CİLT BAKIM ÜRÜNLERİ > SERUM > ,DARPHIN,TL1.515,00
Intral Inner Youth Rescue Serum 30ML,Darphin'in en yeni lansmanı Intral Inner Youth Rescue Serum, güçlendirilmiş formülü ile cildin hassas ve kızarık görünümünü azaltmaya yardımcı olur. Cildi nemlendirirken, nemsizlik kaynaklı ince çizgi görünümünü azaltır. Cilde anında ve 24 saat boyunca aydınlık görünüm kazandırmaya yardımcı olur. Cilt dokusuna pürüzsüz görünüm kazandırmaya ve eşit bir cilt tonu sağlamaya yardımcı olur.,https://static.ticimax.cloud/cdn-cgi/image/width=76,quality=85/53520/uploads/urunresimleri/buyuk/intral-inner-youth-rescue-serum-30ml-5-4516.jpeg,CİLT BAKIM ÜRÜNLERİ > SERUM > ,DARPHIN,TL2.579,00
Intral Inner Youth Rescue Serum 50ML,Darphin'in en yeni lansmanı Intral Inner Youth Rescue Serum, güçlendirilmiş formülü ile cildin hassas ve kızarık görünümünü azaltmaya yardımcı olur. Cildi nemlendirirken, nemsizlik kaynaklı ince çizgi görünümünü azaltır. Cilde anında ve 24 saat boyunca aydınlık görünüm kazandırmaya yardımcı olur. Cilt dokusuna pürüzsüz görünüm kazandırmaya ve eşit bir cilt tonu sağlamaya yardımcı olur.,https://static.ticimax.cloud/cdn-cgi/image/width=76,quality=85/53520/uploads/urunresimleri/buyuk/intral-inner-youth-rescue-serum-50ml-35-b29.jpeg,CİLT BAKIM ÜRÜNLERİ > SERUM > ,DARPHIN,TL3.539,00
Intral Inner Youth Rescue Serum 75ML,Darphin'in en yeni lansmanı Intral Inner Youth Rescue Serum, güçlendirilmiş formülü ile cildin hassas ve kızarık görünümünü azaltmaya yardımcı olur. Cildi nemlendirirken, nemsizlik kaynaklı ince çizgi görünümünü azaltır. Cilde anında ve 24 saat boyunca aydınlık görünüm kazandırmaya yardımcı olur. Cilt dokusuna pürüzsüz görünüm kazandırmaya ve eşit bir cilt tonu sağlamaya yardımcı olur.,https://static.ticimax.cloud/cdn-cgi/image/width=76,quality=85/53520/uploads/urunresimleri/buyuk/intral-inner-youth-rescue-serum-75ml-2ab1e3.jpeg,CİLT BAKIM ÜRÜNLERİ > SERUM > ,DARPHIN,TL4.279,00
Intral Micellar Toner 200ML,Misel teknolojisi ile cildi nazikçe temizler ve yatıştırır. Cilt tonunu eşitlemeye,nemlendirmeye ve cilde ışıltılı bir görünüm kazandırmaya yardımcı olur. Cildi makyaj, kir ve kalıntılardan arındırır. Cildi yatıştırmaya yardımcı papatya, alıç, şakayık, pantenol ve polisakkarid içerir. Gece ve gündüz olmak üzere disk pamuk yardımıyla, makyaj ve kiri temizlemek için, göz, dudak, yüz ve boyun bölgesini hafifçe silin. Ardından cildinize uygun serum ve nemlendirici ile cilt bakımınızı tamamlayabilirsiniz. Cilt kirlerden ve makyaj kalıntılarından temizlenirken nemlenir ve daha parlak bir görünüme ulaşır.,https://static.ticimax.cloud/cdn-cgi/image/width=76,quality=85/53520/uploads/urunresimleri/buyuk/intral-micellar-toner-200ml-b64a5b.jpeg,CİLT BAKIM ÜRÜNLERİ > TONİK > ,DARPHIN,TL1.699,00
Intral Rescue Super Concentrate 4 doses / 7 ml,Faydaları:,https://static.ticimax.cloud/cdn-cgi/image/width=76,quality=85/53520/uploads/urunresimleri/buyuk/intral-rescue-super-concentrate-4-dose-5af-8b.jpeg,CİLT BAKIM ÜRÜNLERİ > DİĞER > ,DARPHIN,TL2.575,00
Intral Soothing Cream 50ML,Faydaları:,https://static.ticimax.cloud/cdn-cgi/image/width=76,quality=85/53520/uploads/urunresimleri/buyuk/intral-soothing-cream-50ml-ad1-82.jpeg,CİLT BAKIM ÜRÜNLERİ > KREM > ,DARPHIN,TL2.475,00
Invisible Physical Defense SPF30+ 50 ML,Nano-olmayan Çinko Oksit içeren hafif yapıdaki bu koruyucu ciltte görünür bir tabaka oluşturmadan cilde kolaylıkla uygulanır. Kalın, beyaz kalıntı bırakan ürünlere bu fiziksel SPF içeren formül ile veda edin. Ürün mavi ışık koruması sağlar ve çevresel faktörlerin etkilerini yatıştırmaya yardımcı olur. Biyoaktif Mantar Kompleksi cildi yatıştırmaya yardımcı olur ve UV ile tetiklenen kızarıklık ve kuruluğu azaltır. Antioksidan Yeşil Çay cildi serbest radikal hasarlarına karşı korumaya yardımcı olur. Hassas ciltler dahil, tüm cilt durumları için uygundur.,https://static.ticimax.cloud/cdn-cgi/image/width=76,quality=85/53520/uploads/urunresimleri/buyuk/invisible-physical-defense-spf30-50-ml-72-ab8.jpeg,CİLT BAKIM ÜRÜNLERİ > GÜNEŞ KORUMA > ,DERMALOGICA,TL2.660,00
ISO PLACENTA SERUM AUTHENTIQUE 30ml,Iso-Plasenta, seboreik eğilimli ciltler üzerinde spesifik bir yenileyici etkiye sahiptir. Eşsiz formülü, cilde yenilenmesi için gereken tüm elementleri sağlayan insan plasentasının bileşimini taklit eden aktif bir bileşen olan Biyomimetik plasenta içerir.,https://static.ticimax.cloud/cdn-cgi/image/width=76,quality=85/53520/uploads/urunresimleri/buyuk/iso-placenta-serum-authentique-30ml-4d61-b.jpeg,CİLT BAKIM ÜRÜNLERİ > SERUM > ,BIOLOGIQUE R.,
Karite Cleansing Milk 200 ML,Temizleyici süt, ismini beyaz renginden ve yumuşak dokusundan alır. Süt banyosuyla kozmetiğin önünü açan Kleopatra'dan ilham alarak cildi pürüzsüz hale getirir. Yağlı ciltler dışında tüm cilt tiplerini nazikçe temizler, özenle besler ve cilt bariyerini korur.,https://static.ticimax.cloud/cdn-cgi/image/width=76,quality=85/53520/uploads/urunresimleri/buyuk/karite-cleansing-milk-200-ml-0-51d7.jpeg,CİLT BAKIM ÜRÜNLERİ > TEMİZLEME SÜTÜ > ,NATURE MIND,
KIT MINI GANT VISAGE,Aktif bileşenlerin yüzünüze daha iyi yayılması için, Biologique Recherche onaylı bir aksesuardır. İki taraftan oluşan bu silikon eldiven, yüzünüze masaj yapmak için kullanılır.,https://static.ticimax.cloud/cdn-cgi/image/width=76,quality=85/53520/uploads/urunresimleri/buyuk/kit-mini-gant-visage-c-b976.jpeg,CİLT BAKIM ÜRÜNLERİ > DİĞER > ,BIOLOGIQUE R.,
L'Eauxygenante 150 ML,Eauxygénante, oksijen veren bir ""kirlilik önleme"" kompleksi içeren taze bir nemlendirici spreydir. Bu cilt bakımı spreyi, cildinize güzellik katarak cilde yeni bir parlaklık katar ve makyajınızın tutuşunu artırır.,https://static.ticimax.cloud/cdn-cgi/image/width=76,quality=85/53520/uploads/urunresimleri/buyuk/leauxygenante-150-ml-d65f0-.jpeg,CİLT BAKIM ÜRÜNLERİ > BAKIM SPREYİ > ,BIOLOGIQUE R.,
L'Eauxygenante 50 ML,Eauxygénante, oksijen veren bir ""kirlilik önleme"" kompleksi içeren taze bir nemlendirici spreydir. Bu cilt bakımı spreyi, cildinize güzellik katarak cilde yeni bir parlaklık katar ve makyajınızın tutuşunu artırır.,https://static.ticimax.cloud/cdn-cgi/image/width=76,quality=85/53520/uploads/urunresimleri/buyuk/leauxygenante-50-ml-130bdb.jpeg,CİLT BAKIM ÜRÜNLERİ > BAKIM SPREYİ > ,BIOLOGIQUE R.,
L’Institut Youth Resurfacing Peel 30ML,Faydaları: Hassas cilt hariç tüm cilt tipleri için peeling İlk botanik peelingimiz ile aydınlık ve pürüzsüz cilt görünümünün keyfini çıkarın. İçerdiği düşük seviyedeki asidite sayesinde ciltte yıpranmış bir görünüme sebep olmaz. Cilt yüzeyinin pürüzsüz gözükmesine ve çizgili görünümün azalmasına yardımcı olur. İçeriği sayesinde cildin daima tazelenmiş görünmesini sağlar. Kullanımı: Haftada 1 kez olmak üzere temiz ve kuru cilde uygulayın. Göz ile temasından kaçının. Uygulama sonrası yıkamayın. Botanik İçerikler: PHA: Lactobionik Asit, BHA: Salisilik Asit, Gotu Kola, Kestane Özü, Winterbloom Özü,https://static.ticimax.cloud/cdn-cgi/image/width=76,quality=85/53520/uploads/urunresimleri/buyuk/l-institut-youth-resurfacing-peel-30ml-665c33.jpeg,CİLT BAKIM ÜRÜNLERİ > PEELING > ,DARPHIN,TL2.945,00
LA GRANDE CREME 50 ml,Çığır açan bir yenilik olan La Grande Crème, yaşla ilgili tüm cilt sorunlarının üstesinden geliyor. Aktif bileşenleri, elastin ve kollajen liflerin işlevsel mimarisini iyileştirerek gerçek bir ""kaldırma"" ve kırışıklık önleyici etki sağlar.,https://static.ticimax.cloud/cdn-cgi/image/width=76,quality=85/53520/uploads/urunresimleri/buyuk/la-grande-creme-50-ml-c-80d4.jpeg,CİLT BAKIM ÜRÜNLERİ > KREM > ,BIOLOGIQUE R.,
Lait E.V. 150 ML,Hem nemlendiren hem de koruyan bir makyaj temizleyici isteyenler için ideal bir ürün olan Lait E.V. epidermisinizin ihtiyaçlarını özenle giderir. Cilt bariyerinizi güçlendirir, temizler, kurumayı engeller ve bütünlüğünü korur.,https://static.ticimax.cloud/cdn-cgi/image/width=76,quality=85/53520/uploads/urunresimleri/buyuk/lait-e.v.-150-ml-3e483-.jpeg,CİLT BAKIM ÜRÜNLERİ > TEMİZLEME SÜTÜ > ,BIOLOGIQUE R.,
Lait S.R. 150 ML,Gerçek bir arındırıcı temizleyici olan Lait SR , cilt yüzeyindeki kirleri ve fazla sebumu giderir. Seboreik cildin etkili bir şekilde çalışması için ihtiyaç duyduğu hidrolipidik filmi korumak ve cildi dengede tutmak için nazikçe temizler ve makyajı çıkarır. Safsızlıklardan arınmış cilt sağlıklı, dengeli ve daha matlaşır; gözenekleri açılır ve sıkılaşır.,https://static.ticimax.cloud/cdn-cgi/image/width=76,quality=85/53520/uploads/urunresimleri/buyuk/lait-s.r.-150-ml-0-b52c.jpeg,CİLT BAKIM ÜRÜNLERİ > TEMİZLEME SÜTÜ > ,BIOLOGIQUE RECHERCHE,
Lait U 150 ML,Cildin hidrolipidik filmini koruyarak epidermisin bariyer işlevini korur. Hafif ve ferah formülü, geride yağlı film kalmadan cildinizin nefes almasını sağlar.,https://static.ticimax.cloud/cdn-cgi/image/width=76,quality=85/53520/uploads/urunresimleri/buyuk/lait-u-150-ml--bc84-.jpeg,CİLT BAKIM ÜRÜNLERİ > TEMİZLEME SÜTÜ > ,BIOLOGIQUE R.,
Lait VIP O2 150 ML,Lait VIP O2, cildi yüzdeki gözeneklerden bile daha küçük olan küçük kirletici partiküllerden arındırmak için özel üretilmiş kirlilik önleyici temizleyicidir. Lait VIP O2 ile cildiniz rahat nefes alacak.,https://static.ticimax.cloud/cdn-cgi/image/width=76,quality=85/53520/uploads/urunresimleri/buyuk/lait-vip-o2-150-ml-4b592d.jpeg,CİLT BAKIM ÜRÜNLERİ > TEMİZLEME SÜTÜ > ,BIOLOGIQUE R.,
Lanure Gold 50 ML,Cildi yenileri, cildin parlak ve canlı görünmesini sağlar. Yüz ve vücut kullanımı için uygundur. İstediğiniz bölgeye püskürterek kullanabilirsiniz.,https://static.ticimax.cloud/cdn-cgi/image/width=76,quality=85/53520/uploads/urunresimleri/buyuk/lanure-gold-50-ml-98-5b0.jpeg,CİLT BAKIM ÜRÜNLERİ > BAKIM SPREYİ > ,LANURE GOLD,TL1.590,00
LE GRAND SERUM 30 ml,Son derece etkili Telomeractiv © , cilt hücrelerinin uzun ömür faktörlerini korur ve etkinleştirir.Hücre yaşlanmasının belirtilerinin geri döndürülemez şekilde birikmesini önlemeye yardımcı olmak için telomerlerin kararlılığını ve uzun ömürlülüğünü geliştirir.,https://static.ticimax.cloud/cdn-cgi/image/width=76,quality=85/53520/uploads/urunresimleri/buyuk/le-grand-serum-30-ml-f-affe.jpeg,CİLT BAKIM ÜRÜNLERİ > SERUM > ,BIOLOGIQUE R.,
LIFTKISS 1 SACHET 3,5ML,Liftkiss, dudakları ve konturlarını anında gözle görülür şekilde pürüzsüzleştirir ve dolgunlaştırır. Onarıcı aktif maddelerle zenginleştirilmiş bu biyoselüloz maske, cildin yenilenmesini etkili bir şekilde destekler, böylece dudakların hasarlı yönünü azaltır.,https://static.ticimax.cloud/cdn-cgi/image/width=76,quality=85/53520/uploads/urunresimleri/buyuk/liftkiss-1-sachet-35ml-bfe1-2.jpeg,CİLT BAKIM ÜRÜNLERİ > DUDAK BAKIMI > ,BIOLOGIQUE R.,
LIGHT CREATOR PREMIUM RETAIL SET,1 x Lumipeel 50 ml, 1 x Lumimask 15 ml, 1 x Lumisence 30 ml, 1 x Lumicream 30 ml in 1 x Light Creator Discovery Vanity Bu ürün serisi, Valmont'un imza niteliğindeki teknik uzmanlığıyla mükemmel bir şekilde uyum sağlarken cildin ışıltısını yeniden icat edecek İsviçre doğasının bir konsantresi olarak tasarlandı.,https://static.ticimax.cloud/cdn-cgi/image/width=76,quality=85/53520/uploads/urunresimleri/buyuk/light-creator-premium-retail-set-2b-b43.jpeg,CİLT BAKIM ÜRÜNLERİ > SET > ,VALMONT,TL12.400,00
LIGHTENING BUFFING MASK 75 ML,Krem maske yapısı ile temizleyici etkiye sahip ilk granülsüz peeling, cildi ölü derilerden arındırarak cildin aydınlık bir görüntüye kavuşmasına yardımcı olur.,https://static.ticimax.cloud/cdn-cgi/image/width=76,quality=85/53520/uploads/urunresimleri/buyuk/lightening-buffing-mask-75-ml-d0-483.jpeg,CİLT BAKIM ÜRÜNLERİ > MASKE > ,ESTHEDERM,TL1.139,00
Lightening Serum 70 ML,Lekeyi önlemeye yardımcı olmak ve cildi aydınlatmak için kullanılır. İçeriğindeki nemlendirici ajanlar cildi nemlendirir İçeriğindeki bitkisel kaynaklı ekstratlarla cildi nemlendirmeye ve beslemeye yardımcı olur. Kojik asit ile lekeyi önlemeyi sağlar.,https://static.ticimax.cloud/cdn-cgi/image/width=76,quality=85/53520/uploads/urunresimleri/buyuk/lightening-serum-70-ml-f9-85f.jpeg,CİLT BAKIM ÜRÜNLERİ > SERUM > ,THERADERM,
Lip Contour Refiner - 15 ml,Dudakları tazeleyen, serinleten ve daha fazla hacim veren multiaktif dudak bakımı. Kuru dudakları yoğun bir şekilde nemlendirir, canlandırır, besler ve korur.,https://static.ticimax.cloud/cdn-cgi/image/width=76,quality=85/53520/uploads/urunresimleri/buyuk/lip-contour-refiner-15-ml-dfd6c0.jpeg,CİLT BAKIM ÜRÜNLERİ > DUDAK BAKIMI > ,MBR,TL4.575,00
Lip Duo KIT,Lip Polish, yoğun zengin botanik yağlarla harmanlanmış güçlü C ve E Vitaminleri antioksidanları içeren nazik ve etkili bir ovmadır, pul pul dökülmesini teşvik eder ve dudakları pürüzsüzleştirmeye ve nemlendirmeye yardımcı olarak sağlıklı bir ışıltı bırakır Youth Lip Elixir, dudakların genel görünümünü iyileştirirken, yumuşatırken ve dolgunlaştırırken gözle görülür şekilde pürüzsüzleştiren ve nemlendiren lüks ve yüksek oranda nemlendirici bir iksirdir,https://static.ticimax.cloud/cdn-cgi/image/width=76,quality=85/53520/uploads/urunresimleri/buyuk/lip-duo-kit-a87-46.jpeg,CİLT BAKIM ÜRÜNLERİ > DUDAK BAKIMI > ,IS CLINICAL,TL3.815,00
Lip Hydrate SPF15+ 2,5 ML,https://static.ticimax.cloud/cdn-cgi/image/width=76,quality=85/53520/uploads/urunresimleri/buyuk/lip-hydrate-spf15-25-ml-5d4042.jpeg,CİLT BAKIM ÜRÜNLERİ > DUDAK BAKIMI > ,
Lip Polish 15 GR,Lip Polish, yoğun zengin botanik yağlarla harmanlanmış güçlü C ve E Vitaminleri antioksidanları içeren nazik ve etkili bir scrubdır.,https://static.ticimax.cloud/cdn-cgi/image/width=76,quality=85/53520/uploads/urunresimleri/buyuk/lip-polish-15-gr-8f8-4d.jpeg,CİLT BAKIM ÜRÜNLERİ > DUDAK BAKIMI > ,IS CLINICAL,TL1.604,00
LiProtect SPF35 5 GR,Dudakların hassas cildi için formüle edilmiş LIProtect SPF 35, foto hasar ve kirleticilerin görünür etkilerini en aza indirirken güçlü geniş spektrumlu koruma sunar,https://static.ticimax.cloud/cdn-cgi/image/width=76,quality=85/53520/uploads/urunresimleri/buyuk/liprotect-spf35-5-gr-33a-2a.jpeg,CİLT BAKIM ÜRÜNLERİ > DUDAK BAKIMI > ,IS CLINICAL,TL1.029,00
Liquid Surgery Serum - 50 ml,Cildin oksijen emilimini optimize eden ve sağlıklı ve canlı bir cilt elde etmeyi amaçlayan yoğun aktif bileşen kombinasyonuna sahip yenilikçi 24 saat etkili serum.,https://static.ticimax.cloud/cdn-cgi/image/width=76,quality=85/53520/uploads/urunresimleri/buyuk/liquid-surgery-serum-50-ml-1ef410.jpeg,CİLT BAKIM ÜRÜNLERİ > SERUM > ,MBR,TL65.598,00
Lotion MC 110 N'1 30 ML,Lotion MC110 N ° 1, en ince cildi bile nazikçe eksfoliye eden, dolgunlaştırıcı ve onarıcı bir güzellik güçlendiricidir. Kırışıklıklar ve ince çizgiler kaybolurken izler ve düzensiz cilt düzeltilir.,https://static.ticimax.cloud/cdn-cgi/image/width=76,quality=85/53520/uploads/urunresimleri/buyuk/lotion-mc-110-n1-30-ml-4ccc-a.jpeg,CİLT BAKIM ÜRÜNLERİ > LOSYON > ,BIOLOGIQUE R.,
Lotion P50 150 ML,Biologique Recherche’ in en gözde ürünlerinden biri olup, epidermis üzerindeki ölü deriyi pul pul döküp, temizleyen çok işlevli bir sıvıdır,https://static.ticimax.cloud/cdn-cgi/image/width=76,quality=85/53520/uploads/urunresimleri/buyuk/lotion-p50-150-ml-e-4d97.jpeg,CİLT BAKIM ÜRÜNLERİ > LOSYON > ,BIOLOGIQUE R.,
Lotion P50 PİGM400 150 ML,Popüler P50 ailesinin, pigmentasyon lekeleri ile savaşan bireyi - Lotion P50 PIGM 400. Cildinie parlaklık katıp nazikçe arındıran ve bir yandan da yüz hatlarını aydınlatan bir peeling losyonudur.,https://static.ticimax.cloud/cdn-cgi/image/width=76,quality=85/53520/uploads/urunresimleri/buyuk/lotion-p50-pigm400-150-ml-9-8e4e.jpeg,CİLT BAKIM ÜRÜNLERİ > LOSYON > ,BIOLOGIQUE R.,
Lotion P50V 150 ML,Lotion P50V, epidermisin pH'ını nazikçe arındıran, matlaştıran, nemlendiren ve yeniden dengeleyen, vitaminle zenginleştirilmiş bir peeling losyonudur.,https://static.ticimax.cloud/cdn-cgi/image/width=76,quality=85/53520/uploads/urunresimleri/buyuk/lotion-p50v-150-ml-2771b9.jpeg,CİLT BAKIM ÜRÜNLERİ > LOSYON > ,BIOLOGIQUE R.,
Lotion P50W 150 ML,Lotion P50W, epidermiste dengeli bir asit pH'sının korunmasına yardımcı olan ve arındıran, matlaştıran, nemlendiren ve vitamin açısından zenginleştirilmiş çok nazik bir peeling losyonudur.,https://static.ticimax.cloud/cdn-cgi/image/width=76,quality=85/53520/uploads/urunresimleri/buyuk/lotion-p50w-150-ml-4720-a.jpeg,CİLT BAKIM ÜRÜNLERİ > LOSYON > ,BIOLOGIQUE R.,
Lotus Cleanser 140 ML,Hassas ve nemsiz ciltler için temizleyici hindistan cevizinden elde edilen doğal bir temizleyicidir. Doğal mikro köpüklü ajanlar, cildinizde bulunan kiri ve makyaj kalıntılarını mükemmel bir şekilde ciltten arındırmayı sağlar.,https://static.ticimax.cloud/cdn-cgi/image/width=76,quality=85/53520/uploads/urunresimleri/buyuk/lotus-cleanser-140-ml-a74-b9.jpeg,CİLT BAKIM ÜRÜNLERİ > YIKAMA JELİ > ,THERADERM,
Lotus Toner 140 ML,Nemlendirici ve ferah bir his oluşturucu etkiye sahip bu sprey tonik, özellikle dış ortamlarda bulunduğunuz zamanlarda cilde ve makyaj üzerine sıklıkla püskürtülebilir. Bu inovatif tonik cilt pH’ınızın uyumlanmasını, canlanmasını sağlar. Hassas ve nemsiz ciltler için uygundur.,https://static.ticimax.cloud/cdn-cgi/image/width=76,quality=85/53520/uploads/urunresimleri/buyuk/lotus-toner-140-ml-5dc-a9.jpeg,CİLT BAKIM ÜRÜNLERİ > TONİK > ,THERADERM,
LUMICITY / SPF50+ GÜNEŞ KORUYUCU,Yüzünüzü zararlı UV ışınlarından koruyan ve gün boyunca ışıltılı görünümü destekleyen günlük hibrit SPF50+ güneş koruyucu.,https://static.ticimax.cloud/cdn-cgi/image/width=76,quality=85/53520/uploads/urunresimleri/buyuk/lumicity-spf50-gunes-koruyucu-6acac6.jpeg,CİLT BAKIM ÜRÜNLERİ > GÜNEŞ KORUMA > ,VALMONT,TL6.400,00
LUMICREAM / CİLDİ AYDINLATAN KREM 50 ML,Her gün güzelleştirici bir etki sunan ikinci bir cilt kremi. Bu yüz kremi, ışığın mükemmel bir şekilde dağılması için cildi derinlemesine güçlendirir. Anında sağlıklı parlayan krem!,https://static.ticimax.cloud/cdn-cgi/image/width=76,quality=85/53520/uploads/urunresimleri/buyuk/lumicream-cildi-aydinlatan-krem-50-ml-0-54ad.jpeg,CİLT BAKIM ÜRÜNLERİ > KREM > ,VALMONT,TL6.950,00
LUMIMASK / YENİLEYİCİ AYDINLIK VEREN MASKE 50 ML,Tek bir uygulamada cilt dokusunu iyileştiren ve ışıltıyı artıran hepsi bir arada ovma/maske. 10 dakikada bebek gibi parlayan bir cilt!,https://static.ticimax.cloud/cdn-cgi/image/width=76,quality=85/53520/uploads/urunresimleri/buyuk/lumimask-yenileyici-aydinlik-veren-mas-95-dc0.jpeg,CİLT BAKIM ÜRÜNLERİ > MASKE > ,VALMONT,TL6.000,00
Luminous Pearl Extreme Airlesstiegel - 50 ml,Modern yüksek teknoloji ürünü vitamin kompleksi ile en etkili beyazlatma faktörleri arasındaki olağanüstü simbiyoz olarak, hem çok aktif bir yaşlanma karşıtı etkisi hem de mükemmel dengeli ve aydınlatılmış bir cilt sağlar.,https://static.ticimax.cloud/cdn-cgi/image/width=76,quality=85/53520/uploads/urunresimleri/buyuk/luminous-pearl-extreme-airlesstiegel-5--30078.jpeg,CİLT BAKIM ÜRÜNLERİ > KREM > ,MBR,TL12.958,00
LUMINOUS SERUM 30 ML,Parlatıcı gece serumu olarak da adlandırdığımız Luminous; cilt tonunu eşitlemek, cildin parlaklığını arttırmak ve nemini geri kazandırmak amaçlı 5 aktif bileşen içerir.,https://static.ticimax.cloud/cdn-cgi/image/width=76,quality=85/53520/uploads/urunresimleri/buyuk/luminous-serum-30-ml-d033a8.jpeg,CİLT BAKIM ÜRÜNLERİ > SERUM > ,COLLAGEN LIFT PARIS,TL2.600,00
LUMIPEEL /IŞILTI VEREN PEELING LOSYON 150 ML,Günlük bir hareketle cildi arındıran yeni nesil peeling losyonu. Bu peeling suyu tazelik ve ışıltı getirir, cilt dokusunu yeniler ve kusurları azaltır. Yeni bir cilt için günlük peeling suyu!,https://static.ticimax.cloud/cdn-cgi/image/width=76,quality=85/53520/uploads/urunresimleri/buyuk/lumipeel-isilti-veren-peeling-losyon-1-a28ffd.jpeg,CİLT BAKIM ÜRÜNLERİ > PEELING > ,VALMONT,TL4.350,00
LUMISENCE / CİLDİ AYDINLATAN SERUM 30 ML,Cilt parlamasını etkinleştirmek için gözenekleri azaltan ultra ince bir serum suyu. Bu yüz özü, ışığın mükemmel bir şekilde dağılması için cildi derinlemesine güçlendirir. Cildin ışığını güçlendirir, gözenekleri arıtır!,https://static.ticimax.cloud/cdn-cgi/image/width=76,quality=85/53520/uploads/urunresimleri/buyuk/lumisence-cildi-aydinlatan-serum-30-ml-2-d206.jpeg,CİLT BAKIM ÜRÜNLERİ > SERUM > ,VALMONT,TL6.950,00
Lypoaran Synergy Creme 50 ML,%100 saf alfa lipoik asitle; cildinizi beyazlatırken aynı zamanda güçlü içeriği ile derinlemesine nemlendirerek kırışıklıkları önlemeye görünümünü azaltmaya yardımcı olan üstün antioksidan içerikli krem nemlendirici. Cilde ışıl ışıl canlı bir görünüm kazandıran Lypoaran, seramidlerle antioksidan kompleks içeriğinin cilde penetre olmasına yardımcı olmanın yanı sıra cilt bariyerini korumada da etkilidir.,https://static.ticimax.cloud/cdn-cgi/image/width=76,quality=85/53520/uploads/urunresimleri/buyuk/lypoaran-synergy-creme-50-ml-43b1-2.jpeg,CİLT BAKIM ÜRÜNLERİ > KREM > ,THERADERM,
Lypoaran TX Serum 50 ML,Ampül form alfa lipoik asitle; cildinizi beyazlatırken aynı zamanda güçlü içeriği ile cildinizi derinlemesine nemlendirir kırışıklıkları önlemeye yardımcı olur ve cildinize canlılık kazandırır.,https://static.ticimax.cloud/cdn-cgi/image/width=76,quality=85/53520/uploads/urunresimleri/buyuk/lypoaran-tx-serum-50-ml-c9-854.jpeg,CİLT BAKIM ÜRÜNLERİ > SERUM > ,THERADERM,
Magic Pigments Light-Medium - 30 ml,UV korumalı lüks, yoğun bakım yapan ve renkli yaşlanma karşıtı krem. Eşit, ipeksi pürüzsüz bir cilt yüzeyi ve doğal bronzlukta bir cilt için.,https://static.ticimax.cloud/cdn-cgi/image/width=76,quality=85/53520/uploads/urunresimleri/buyuk/magic-pigments-light-medium-30-ml-a2e-be.jpeg,CİLT BAKIM ÜRÜNLERİ > KREM > ,MBR,TL10.401,00
Magic Pigments Medium-Dark - 30 ml,UV korumalı lüks, yoğun bakım yapan ve renkli yaşlanma karşıtı krem. Eşit, ipeksi pürüzsüz bir cilt yüzeyi ve doğal bronzlukta bir cilt için.,https://static.ticimax.cloud/cdn-cgi/image/width=76,quality=85/53520/uploads/urunresimleri/buyuk/magic-pigments-medium-dark-30-ml-d98d-3.jpeg,CİLT BAKIM ÜRÜNLERİ > KREM > ,MBR,TL10.401,00
Malva Face Cleanser Gel 200 ML,Jel temizleyiciler ciltte ölü deri fazlalaştığında, sebum artışı görüldüğünde ve dış etmenlerden kaynaklanan sorunlar yaşandığında (ciltte leke, cilt kalınlaşması, kırışıklık vb.) cildi temizlemek, cilt altı yapışıklıklarını açmak, artan yağ salgısını düzenlemek ve oluşabilecek lekeleri önlemek için kullanılır. Bu ürünler cildi kirden, fazla yağdan ve makyajdan arındırırken, aynı zamanda nazikçe canlandırır.,https://static.ticimax.cloud/cdn-cgi/image/width=76,quality=85/53520/uploads/urunresimleri/buyuk/malva-face-cleanser-gel-200-ml-5d2f9c.jpeg,CİLT BAKIM ÜRÜNLERİ > YIKAMA JELİ > ,NATURE MIND,
MASQUE BAIN DE PLANTES 100 ml,https://static.ticimax.cloud/cdn-cgi/image/width=76,quality=85/53520/uploads/urunresimleri/buyuk/masque-bain-de-plantes-100-ml-89180b.jpeg,CİLT BAKIM ÜRÜNLERİ > MASKE > ,
Masque Biofixine 100 ML,Kırışıklıklara karşı mücadele eden Masque Biofixine, kırışıklıkların yüzeyine ve görünümüne etki eder. Kas mikro gerilimini rahatlatıcı etkisiyle bilinen Myorelax Peptide, yüzdeki mimik çizgilerinin düzeltilmesine yardımcı olur.,https://static.ticimax.cloud/cdn-cgi/image/width=76,quality=85/53520/uploads/urunresimleri/buyuk/masque-biofixine-100-ml-bb9-41.jpeg,CİLT BAKIM ÜRÜNLERİ > MASKE > ,BIOLOGIQUE R.,
Masque Biosensible 100 ML,Masque Biosensible, cilt hassasiyetini önemli ölçüde azaltır ve hassas cilde anında rahatlık sağlar. Yatıştırıcı ve koruyucu aktif bileşenleri, cilt tahrişlerinin görünümünü hafifletir ve cildin doğal bariyerini güçlendirmeye yardımcı olur.,https://static.ticimax.cloud/cdn-cgi/image/width=76,quality=85/53520/uploads/urunresimleri/buyuk/masque-biosensible-100-ml-10d8-6.jpeg,CİLT BAKIM ÜRÜNLERİ > MASKE > ,BIOLOGIQUE R.,
Masque PIGM400 4 Sachets DE 18 ML,Cildinizdeki parlaklık veya ışıltı size keyif veriyorsa kesinlikle denemeniz gereken bir ürün. Cildinizi güçlendiren, parlatan ve yumuşatan bu maske, aynı zamanda cildin ışıltısına mükemmel bir destek verir.,https://static.ticimax.cloud/cdn-cgi/image/width=76,quality=85/53520/uploads/urunresimleri/buyuk/masque-pigm400-4-sachets-de-18-ml-7985-4.jpeg,CİLT BAKIM ÜRÜNLERİ > MASKE > ,BIOLOGIQUE R.,
Masque VIP O2 100 ML,https://static.ticimax.cloud/cdn-cgi/image/width=76,quality=85/53520/uploads/urunresimleri/buyuk/masque-vip-o2-100-ml--9c09-.jpeg,CİLT BAKIM ÜRÜNLERİ > MASKE > ,
Masque Visolastine+ 100 ML,Masque Visolastine +, epidermisin dış katmanlarına su sağlayarak ve nemi hapsederek cildin nemlenmesini artırır. Bu cildinizde kalıcı bir nem oluşmasını sağlar. Gün içinde uzun süre çalışanlar için ideal bir üründür.,https://static.ticimax.cloud/cdn-cgi/image/width=76,quality=85/53520/uploads/urunresimleri/buyuk/masque-visolastine-100-ml-b-fba8.jpeg,CİLT BAKIM ÜRÜNLERİ > MASKE > ,BIOLOGIQUE R.,
Masque Vivant 100 ML,Yüksek konsantrasyonlu arındırıcı aktif bileşenleri sayesinde cildi dengeler ve matlaştırır. Sebore veya akne eğilimli ciltler için idealdir,https://static.ticimax.cloud/cdn-cgi/image/width=76,quality=85/53520/uploads/urunresimleri/buyuk/masque-vivant-100-ml-7-6548.jpeg,CİLT BAKIM ÜRÜNLERİ > MASKE > ,BIOLOGIQUE R.,
MBR - Travel Set,Yolculuk ederken bile eksiksiz MBR® bakım programını kaçırmak istemeyen herkes için en uygun ambalaj boyutu. Kullanışlı ve sağlam ambalaj, tatilde ve seyahat ederken komplike olmayan ve kolay kullanım sağlar.,https://static.ticimax.cloud/cdn-cgi/image/width=76,quality=85/53520/uploads/urunresimleri/buyuk/mbr-travel-set-0cde7-.jpeg,CİLT BAKIM ÜRÜNLERİ > SET > ,MBR,TL6.782,00
ME LINE BB CREAM LIGHT 30 GR,SPF 30+ BB kremimiz içindeki çeşitli içerikler sayesinde cildi canlandırmayı ve nemlendirmeyi desteklerken aynı zamanda güneş ışınlarının zararlı etkilerinden cildi korumaya yardımcı olur. Hafif bir makyaj temeli olarak kullanılabilir. Doğal, yenilenmiş ve eşit tonlu bir cilt sağlamaya yardımcı olur.,https://static.ticimax.cloud/cdn-cgi/image/width=76,quality=85/53520/uploads/urunresimleri/buyuk/me-line-bb-cream-light-30-gr-1-5eba.jpeg,CİLT BAKIM ÜRÜNLERİ > GÜNEŞ KORUMA > ,ME LINE,
ME LINE CAUCASIAN SKIN DAY 30 ML,Leke önleyici gündüz kremi. Güçlü bir antioksidandır. Cilt fototipleri I-V için profesyonel kullanıma uygun krem.,https://static.ticimax.cloud/cdn-cgi/image/width=76,quality=85/53520/uploads/urunresimleri/buyuk/me-line-caucasian-skin-day-30-ml-5b87f0.jpeg,CİLT BAKIM ÜRÜNLERİ > KREM > ,ME LINE,
ME LINE CAUCASIAN SKIN NIGHT 30 ML,Leke önleyici ve güçlü bir antioksidandır. Cilt fototipleri I - V için profesyonel kullanıma uygun gece kremdir.,https://static.ticimax.cloud/cdn-cgi/image/width=76,quality=85/53520/uploads/urunresimleri/buyuk/me-line-caucasian-skin-night-30-ml-a9d3-5.jpeg,CİLT BAKIM ÜRÜNLERİ > KREM > ,ME LINE,
ME LINE ETHNIC SKIN DAY 30 ML,Leke önleyici gündüz kremi. Cilde antioksidan sağlamaya yardımcı olur. Cilt fototipleri IV-VI için profesyonel kullanıma uygun kremdir.,https://static.ticimax.cloud/cdn-cgi/image/width=76,quality=85/53520/uploads/urunresimleri/buyuk/me-line-ethnic-skin-day-30-ml-9-b2a9.jpeg,CİLT BAKIM ÜRÜNLERİ > KREM > ,ME LINE,
ME LINE GENTLE FOAM 150 ML,Tüm cilt tiplerine uygun temizleme köpüğü.,https://static.ticimax.cloud/cdn-cgi/image/width=76,quality=85/53520/uploads/urunresimleri/buyuk/me-line-gentle-foam-150-ml-f57b-4.jpeg,CİLT BAKIM ÜRÜNLERİ > KÖPÜK > ,ME LINE,
ME LINE MOIST 30 ML,Cildi nemlendirmeye ve dengelemeye yardımcı olur. Cildin su dengesini sağlamak amacıyla formülasyona katılan parçalı ve bütün hyalüronik asit molekülleri aynı zamanda cildi organize etmeye yarar.,https://static.ticimax.cloud/cdn-cgi/image/width=76,quality=85/53520/uploads/urunresimleri/buyuk/me-line-moist-30-ml-29b315.jpeg,CİLT BAKIM ÜRÜNLERİ > SERUM > ,ME LINE,
ME LINE PIGMENT HOME 30 GR,Leke önlemeye yardımcı maske.,https://static.ticimax.cloud/cdn-cgi/image/width=76,quality=85/53520/uploads/urunresimleri/buyuk/me-line-pigment-home-30-gr--d7d9-.jpeg,CİLT BAKIM ÜRÜNLERİ > MASKE > ,ME LINE,
ME LINE RESTORE 30 GR,Cilt uygulamalarından sonra kullanılır. Cildin rahatlamasını sağlar.,https://static.ticimax.cloud/cdn-cgi/image/width=76,quality=85/53520/uploads/urunresimleri/buyuk/me-line-restore-30-gr-8-964a.jpeg,CİLT BAKIM ÜRÜNLERİ > KREM > ,ME LINE,
ME LINE SPOTS 10 ML,Güneş çilleri beyazlatıcı roll on formül.,https://static.ticimax.cloud/cdn-cgi/image/width=76,quality=85/53520/uploads/urunresimleri/buyuk/me-line-spots-10-ml--74e2c.jpg,CİLT BAKIM ÜRÜNLERİ > SERUM > ,ME LINE,
Medikoz Scrubbing and Whitening 200 ML,Titanyum Dioksid ve Jojoba tanecikleri içermekte olup,cilt üzerindeki ölü hücre tabakalarının atılımı ile derinlemesine temizlenmesini ve koyu cilt tonunun aydınlanmasını sağlar.Cilde mekanik peeling etkisi sunar. Hassas ciltler hariç tüm ciltlere;el,yüz ve tüm vücut bölgesine (koltuk altı ve genital bölge dahil) uygulanabilmektedir. Homojen bir cilt tonu oluşumuna,ciltteki pürüzlü dokunun giderilmesine ve daha aydınlık,homojen bir cilt görünümünü destekler.,https://static.ticimax.cloud/cdn-cgi/image/width=76,quality=85/53520/uploads/urunresimleri/buyuk/medikoz-scrubbing-and-whitening-200-ml-566e08.jpeg,CİLT BAKIM ÜRÜNLERİ > PEELING > ,MEDIKOZ,TL600,00
Medikoz Somon DNA Mask,Güçlü içeriklerle formüle edilmiş, hem profesyonel kullanımda hemde ev rutinlerinize dahil edebileceğiniz benzersiz bir ürün, kağıt maske formu ile kolay ve pratik uygulama imkanı sağlayan Somon DNA Mask cilde yoğun nem bakımı sağlar.,https://static.ticimax.cloud/cdn-cgi/image/width=76,quality=85/53520/uploads/urunresimleri/buyuk/medikoz-somon-dna-mask-fce1-b.jpeg,CİLT BAKIM ÜRÜNLERİ > MASKE > ,MEDIKOZ,TL175,00
Medikoz Sun Block SPF50+ (Renksiz) 100 ML,SPF 50+ ile güçlü koruma sağlar Hem kimyasal hem de fiziksel filtreler ile cildi güneşin zararlı etkilerine karşı korur İçeriğinde yer alan allatoin ve penthenol ile de nemlendirir Cildi UVA ve UVB ışınlarına karşı korur* Suya dayanıklıdır Tüm cilt tiplerinde kullanılabilir. Hafif dokusu ile ciltte birikme yapmaz, rahatlıkla sürülebilir.,https://static.ticimax.cloud/cdn-cgi/image/width=76,quality=85/53520/uploads/urunresimleri/buyuk/medikoz-sun-block-spf50-renksiz-100-ml-a91-bd.jpeg,CİLT BAKIM ÜRÜNLERİ > GÜNEŞ KORUMA > ,MEDIKOZ,TL725,00
Medikoz Sun Block SPF50+ (Tinted) 100 ML,SPF 50+ ile güçlü koruma sağlar Hem kimyasal hem de fiziksel filtreler ile cildi güneşin zararlı etkilerine karşı korur İçeriğinde yer alan allatoin ve penthenol ile de nemlendirir Cildi UVA ve UVB ışınlarına karşı korur* Suya dayanıklıdır Tüm cilt tiplerinde kullanılabilir. Hafif dokusu ile ciltte birikme yapmaz, rahatlıkla sürülebilir.,https://static.ticimax.cloud/cdn-cgi/image/width=76,quality=85/53520/uploads/urunresimleri/buyuk/medikoz-sun-block-spf50-tinted-100-ml-85a-4c.jpeg,CİLT BAKIM ÜRÜNLERİ > GÜNEŞ KORUMA > ,MEDIKOZ,TL725,00
Medikoz Three Action Cleanser 150 ML,Çok hassas ciltler hariç tüm cilt tiplerinde,yüz ve vücut temizliğinde kullanılan özel bir temizleyicidir. 3’lü doğal asit kombinasyonu ile cilt yüzeyindeki dolu gözeneklerin temizlenmesini,kir ve artıkların,birikmiş ölü tabakanın ciltten atılımını sağlar.Pürüzlü cilt yapısının giderilmesi ile daha pürüzsüz,aydınlık ve homojen bir cilt görünüme yardımcı olur. Cildi kurutmadan temizler.,https://static.ticimax.cloud/cdn-cgi/image/width=76,quality=85/53520/uploads/urunresimleri/buyuk/medikoz-three-action-cleanser-150-ml-e7e3b3.jpeg,CİLT BAKIM ÜRÜNLERİ > YIKAMA JELİ > ,MEDIKOZ,TL600,00
Meditech BB Cream Light,Meditecch BB krem tüm cilt tiplerine uygun, cildi UV ışınlarına karşı koruyan hepsi bir arada bir cilt bakım ürünüdür. Formülünde bulunan SPF50+ enkapsüle filtrelerle güneşin zararlu UVA/UVB ışınlarına karşı cildi korur. Düşük ve yüksek moleküller içeren HYALURONİK ASİT cildi nemlendirmeye yardımcıdır. Makyaj bazı olarak da uygulanabilir.,https://static.ticimax.cloud/cdn-cgi/image/width=76,quality=85/53520/uploads/urunresimleri/buyuk/meditech-bb-cream-light-d7-a2d.jpeg,CİLT BAKIM ÜRÜNLERİ > BB KREM > ,MEDITECH,TL450,00
Meditech BB Cream Medium,Meditecch BB krem tüm cilt tiplerine uygun, cildi UV ışınlarına karşı koruyan hepsi bir arada bir cilt bakım ürünüdür. Formülünde bulunan SPF50+ enkapsüle filtrelerle güneşin zararlu UVA/UVB ışınlarına karşı cildi korur. Düşük ve yüksek moleküller içeren HYALURONİK ASİT cildi nemlendirmeye yardımcıdır. Makyaj bazı olarak da uygulanabilir.,https://static.ticimax.cloud/cdn-cgi/image/width=76,quality=85/53520/uploads/urunresimleri/buyuk/meditech-bb-cream-medium-72c6-4.jpeg,CİLT BAKIM ÜRÜNLERİ > BB KREM > ,MEDITECH,TL450,00
Medium Protection Face Cream SPF 20 - 100 ml,Pürüzsüz ve son derece etkili bakım kremi, güneşe alışık, bronzlaşmış cildi güvenilir bir şekilde korur ve canlandırır. Hafif, yapışkan olmayan dokusunun uygulanması kolaydır ve hızla emilir. Cilt harika bir şekilde yumuşak, hafif mat görünür ve en iyi şekilde korunur. Hassas ve özellikle tehlike altındaki yüz cildi eşit ve sağlıklı bir bronzluk alır.,https://static.ticimax.cloud/cdn-cgi/image/width=76,quality=85/53520/uploads/urunresimleri/buyuk/medium-protection-face-cream-spf-20-10-1f9f95.jpeg,CİLT BAKIM ÜRÜNLERİ > GÜNEŞ KORUMA > ,MBR,TL6.711,00
MELA BRIGHT SERUM 30 ML,MelaBright’ın tam bir leke savaşçısı olması için tasarlanan formülü, %3 stabilize edilmiş kararlı sisteamin içerir. Melanin pigmentinin üretimini ve çevre hücrelere yayılarak lekenin genişlemesini baskılamaya yardım eden bu içerik, bilinen en güçlü anti-pigment etken maddelerden biridir. Hücre içinde glutatyon üretiminin artmasına yardım eder.,https://static.ticimax.cloud/cdn-cgi/image/width=76,quality=85/53520/uploads/urunresimleri/buyuk/mela-bright-serum-30-ml-a-71cb.jpeg,CİLT BAKIM ÜRÜNLERİ > SERUM > ,ALPHASCIENCE,TL2.600,00
MELA Mask 2x20 ML,İçeriklerin eşit ve hızlı bir şekilde nüfuz etmesine yardımcı olan bir kil bazında benzersiz bir şekilde formüle edilmiş aktif bileşenlerin güçlü bir karışımı maske, tüm cilt tiplerinde düzensiz cilt renginin görünümünü düzletmek için tasarlandı.,https://static.ticimax.cloud/cdn-cgi/image/width=76,quality=85/53520/uploads/urunresimleri/buyuk/mela-mask-2x20-ml-6dc2b3.jpeg,CİLT BAKIM ÜRÜNLERİ > MASKE > ,PH FORMULA,
MELA Recovery 30 ML,MELA Recovery, pHformula cilt yenileme bakımları ile uyum içinde çalışması için özel olarak formüle edilmiştir.,https://static.ticimax.cloud/cdn-cgi/image/width=76,quality=85/53520/uploads/urunresimleri/buyuk/mela-recovery-30-ml-a38d-2.jpeg,CİLT BAKIM ÜRÜNLERİ > KREM > ,PH FORMULA,
MELA Resurfacing Kit (4 Ürün),Bu kitte; 1 adet temizleyici Exfo Cleanser,,https://static.ticimax.cloud/cdn-cgi/image/width=76,quality=85/53520/uploads/urunresimleri/buyuk/mela-resurfacing-kit-4-urun-f7850f.jpeg,CİLT BAKIM ÜRÜNLERİ > KIT PROGRAM > ,PH FORMULA,
MELA Serum 30 ML,Leke önleyici konsantre serum. Güneşe bağlı lekelerin aydınlanması için kullanılır. Lekelerin koyulaşmasını engellemeye yardımcı olur. İçeriğindeki Nöro ışık sayesinde uzun süre aydınlanmış bir cilt sunar. Yaz kış rahatlıkla kullanılabilir.,https://static.ticimax.cloud/cdn-cgi/image/width=76,quality=85/53520/uploads/urunresimleri/buyuk/mela-serum-30-ml-eb44-4.jpeg,CİLT BAKIM ÜRÜNLERİ > SERUM > ,PH FORMULA,
Mela White - Night Cream 50 ML,Acık bakla özü, avokado yağı, Macadamia fındık yağı ve Niacinamide ile cildinizi aydınlatır ve yeniler. Cildinizin homojen renkte görünmesine yardımcı olur ve sizi cildinizi güzel bir güne hazırlar.,https://static.ticimax.cloud/cdn-cgi/image/width=76,quality=85/53520/uploads/urunresimleri/buyuk/mela-white-night-cream-50-ml-3fb-9e.jpeg,CİLT BAKIM ÜRÜNLERİ > KREM > ,SCHRAMMEK,TL4.025,00
Mela White - Active C Serum 30 ML,İçeriğinde Alpha Arbutin, Ferula, Nilüfer çiçeği gibi değerli bitkisel ekstreler içerir. Koyu lekelere karşı tasarlanmış bu ürün, ayrıca C vitamini kolajen sentezini uyarup antioksidan desteği sağlar. Sonuç ise daha aydınlık ve homojen bir cilt rengi.,https://static.ticimax.cloud/cdn-cgi/image/width=76,quality=85/53520/uploads/urunresimleri/buyuk/mela-white-active-c-serum-50-ml-8b-017.jpeg,CİLT BAKIM ÜRÜNLERİ > SERUM > ,SCHRAMMEK,TL4.025,00
Mela White - Brightening Night Cream 50 ML,Mevcut pigmentin hafifletilmesine yardımcı olur.,https://static.ticimax.cloud/cdn-cgi/image/width=76,quality=85/53520/uploads/urunresimleri/buyuk/mela-white-brightening-night-cream-50--912-44.jpeg,CİLT BAKIM ÜRÜNLERİ > KREM > ,SCHRAMMEK,TL4.530,00
Mela White - Brigtening Day Fluid 50 ML,Pigmentasyonlu eşit bir cilt tonu için günlük bakım,https://static.ticimax.cloud/cdn-cgi/image/width=76,quality=85/53520/uploads/urunresimleri/buyuk/mela-white-brigtening-day-fluid-50-ml-d9-956.jpg,CİLT BAKIM ÜRÜNLERİ > SERUM > ,SCHRAMMEK,TL4.425,00
Mela White - Day Cream SPF20 50 ML,Lekeli ciltler için hem leke baskılayıcı hem de SPF 20 güneş koruma faktörü içeren bir gündüz kremidir. Lekelerin açılmasını sağlar ve zengin Zeytin Yaprağı ve Yağı özütleriyle cildinize antioksidan desteği sağlar.,https://static.ticimax.cloud/cdn-cgi/image/width=76,quality=85/53520/uploads/urunresimleri/buyuk/mela-white-day-cream-spf20-50-ml-5a6cb0.jpeg,CİLT BAKIM ÜRÜNLERİ > KREM > ,TL3.925,00
Mela White - Gel Mask 75 ML,İçerisinde Niacinamide, Çinko PCA, Vitamin C, Sitrik Asit ve Panthenol yer alır. Ciltteki mevcut lekelerin azaltılması ve cilt nemlendirme özelliğine sahip bir jel maskedir.,https://static.ticimax.cloud/cdn-cgi/image/width=76,quality=85/53520/uploads/urunresimleri/buyuk/mela-white-gel-mask-75-ml--d15e2.jpeg,CİLT BAKIM ÜRÜNLERİ > MASKE > ,SCHRAMMEK,TL2.560,00
Melissa Refreshıng Tonic Lotion 200 ML,Cildi temizledikten sonra cilt pH'ını dengelemek, hassas bölgeleri korumak, açılan gözenekleri sıkılaştırmak ve cildi tazelemek için kullanılan tonik, düşünülenin aksine cilt bakım rutininin en önemli adımlarından biridir. Tıpkı ağacı yontup şekil veren bir ustanın zımpara ile yüzeydeki pürüzleri alması gibi, cilt temizliğinin ardından tonik kullanmak cilt yüzeyini pürüzlerden arındırır.,https://static.ticimax.cloud/cdn-cgi/image/width=76,quality=85/53520/uploads/urunresimleri/buyuk/melissa-refreshing-tonic-lotion-200-ml-443-71.jpeg,CİLT BAKIM ÜRÜNLERİ > TONİK > ,NATURE MIND,
Melissima X Murad Exclusive Kit,24 Saat Nemlendirici Tanışma ve Seyahat Kiti,https://static.ticimax.cloud/cdn-cgi/image/width=76,quality=85/53520/uploads/urunresimleri/buyuk/melissima-x-murad-exclusive-kit-6c2-36.jpeg,CİLT BAKIM ÜRÜNLERİ > KIT PROGRAM > ,MURAD,TL7.000,00
Men Series - Hydro Power Fluid 30 ML,Bir erkeğin cilt bakımı için ihtiyaç duyduğu her şeyi basit ve verimli bir şekilde birleştirir. Üçlü hyaluronik etki, nihai nem artışını sağlar ve cilde yağlanmadan yoğun nem sağlar. Hafif kokusuyla ultra hafif bakım sıvısı her türlü tıraş sonrası ürünle kombine edilebilir. Parlak, canlı bir cilt için. Sakallı kişiler için de idealdir. Cilt uyumluluğu dermatolojik olarak onaylanmıştır.,https://static.ticimax.cloud/cdn-cgi/image/width=76,quality=85/53520/uploads/urunresimleri/buyuk/men-series-hydro-power-fluid-30-ml-42e797.jpeg,CİLT BAKIM ÜRÜNLERİ > KREM > ,SCHRAMMEK,TL3.200,00
Metacell Renewal 50 ML,Metacell Renewal B3 foto yaşlanmanın erken belirtilerinin görünümleri ile savaşmak için gliserin, tripeptit ve niasinamid içerikleri ile zenginleştirilmiş özel bir formüle sahiptir. Cilt tonu daha aydınlık ve kırışıklıkları azalmış görünen, cilde esneklik sağlayarak fotoyaşlanmanın bu erken belirtilerinin görünümünü azaltmaya yardımcı çok amaçlı günlük bir bakım sağlar.,https://static.ticimax.cloud/cdn-cgi/image/width=76,quality=85/53520/uploads/urunresimleri/buyuk/metacell-renewal-50-ml-7d217c.jpeg,CİLT BAKIM ÜRÜNLERİ > KREM > ,SKINCEUTICALS,TL5.800,00
MICELLAR CLEANSING OIL CARE 150 ML,Suya dayanıklı makyaj dahil olmak üzere, makyajı derinlemesine temizler. Cildi arındırırken, cilt bariyerinin korunmasına ve güçlendirilmesine yardımcı olur. Daha yumuşak ve daha konforlu bir cilt sunar. Cildin gençliğinin korunmasını hedefler. Gözenekleri tıkamaz.,https://static.ticimax.cloud/cdn-cgi/image/width=76,quality=85/53520/uploads/urunresimleri/buyuk/micellar-cleansing-oil-care-150-ml-ddc-43.jpeg,CİLT BAKIM ÜRÜNLERİ > TEMİZLEME > ,ESTHEDERM,TL1.249,00
Micro Exfoliator Peeling - 100 ml,Gözenekleri derinlemesine temizleyerek parlak ve tertemiz bir cilt sağlar. Micro Exfoliator Peeling Cilt yüzeyini derinlemesine temizleyerek cildi yeniler. Yağ ve kir birikintilerini etkili bir şekilde arındırır. Tahrişleri ve lekeleri önler. Cilt yenilenmesini aktive eder. Uygulanan ürünlerin cilt tarafından emilme kapasitesini arttırır.,https://static.ticimax.cloud/cdn-cgi/image/width=76,quality=85/53520/uploads/urunresimleri/buyuk/micro-exfoliator-peeling-100-ml-4b04-a.jpeg,CİLT BAKIM ÜRÜNLERİ > PEELING > ,MSB,TL3.367,00
Microbiome Energy Infusing Mist (MEM) 80 ML,Cilt pre/probiyotiklerin ve cildin nem bariyerini dolduran hyalüronik asit kompleksinin karışımı ile cildi canlandırır ve cildin gücünü arttıran sprey.,https://static.ticimax.cloud/cdn-cgi/image/width=76,quality=85/53520/uploads/urunresimleri/buyuk/mem-microbiome-energy-infusing-mist-80-8ef216.jpeg,CİLT BAKIM ÜRÜNLERİ > BAKIM SPREYİ > ,GENOSYS,
Micropeel Scrub 50 ML,Evimizi her gün temizlememize rağmen haftada bir ya da iki kere de detaylı temizlik yaparız. Bu durum cildimiz için de geçerlidir. Cildimizi her gün temizlesek de cildimizi biriken ölü derilerden arındırmak için daha güçlü bir temizlik yapmamız gerekebilir. Cildimizi derinlemesine temizleyerek cildimize derin bir nefes aldırırız.,https://static.ticimax.cloud/cdn-cgi/image/width=76,quality=85/53520/uploads/urunresimleri/buyuk/micropeel-scrub-50-ml-8e6c-c.jpeg,CİLT BAKIM ÜRÜNLERİ > PEELING > ,NATURE MIND,
Mild Serum 21 - 30 ml,Hassas ve yıpranmış ciltleri yenileyenen iyi bakım serumu. Özellikler; Cilt dokusunu destekler ve dolgun bir görünüm verir. Daha sıkı ve esnek bir cilt sağlar. Nem dengesini iyileştirir. Kırışıklık oluşumunu önler. Antioksidan özelliğiyle cildi güçlendiri. Hücre yenilenmesini destekler. Uygulama; Gündüz ve akşam, cildi temizledikten sonra Mild Serum 21 ’i tüm yüzünüze yayarak uygulayın.,https://static.ticimax.cloud/cdn-cgi/image/width=76,quality=85/53520/uploads/urunresimleri/buyuk/mild-serum-21-30-ml-c0db3d.jpeg,CİLT BAKIM ÜRÜNLERİ > ,21 TRANSDERMAL,TL6.368,00
ModukineTM Cream - 50 ml,Hassas ve son derece kuru, atopik cildin rejeneratif bakımı için yatıştırıcı özelliklere sahip dengeleyici, yumuşak krem.,https://static.ticimax.cloud/cdn-cgi/image/width=76,quality=85/53520/uploads/urunresimleri/buyuk/modukinetm-cream-50-ml-290eb0.jpeg,CİLT BAKIM ÜRÜNLERİ > KREM > ,MBR,TL8.494,00
ModukineTM Serum - 50 ml,Modukine™ Serum, doğal bir denge sağlar ve tahrişe meyilli ve fizyolojik dengesi bozulan tahriş olmuş cildi iyileştirir.,https://static.ticimax.cloud/cdn-cgi/image/width=76,quality=85/53520/uploads/urunresimleri/buyuk/modukinetm-serum-50-ml-bbb76d.jpeg,CİLT BAKIM ÜRÜNLERİ > SERUM > ,MBR,TL7.325,00
Moisture⁺ Alpha Hydroxy Night Cream 50 ML,Bu ürün cildin su tutma kapasitesini artırmak için hazırlanmıştır. Vitamin Step-Upsistemi kullanılırken nemsiz, canlılığını kaybetmiş ve yoğunluk ihtiyacı olan ciltlerin destekleyici ve tamamlayıcı ürünü olarak formüle edilmiştir,https://static.ticimax.cloud/cdn-cgi/image/width=76,quality=85/53520/uploads/urunresimleri/buyuk/moisture-alpha-hydroxy-night-cream-50---ae57-.jpeg,CİLT BAKIM ÜRÜNLERİ > KREM > ,
Moisture⁺ HA Intensive Hydrating Serum 30 ML,Bu ürün cildin su tutma kapasitesini artırmak için hazırlanmıştır. Vitamin Step-Upsistemi kullanılırken nemsiz, canlılığını kaybetmiş ve yoğunluk ihtiyacı olan ciltlerin destekleyici ve tamamlayıcı ürünü olarak formüle edilmiştir,https://static.ticimax.cloud/cdn-cgi/image/width=76,quality=85/53520/uploads/urunresimleri/buyuk/moisture-ha-intensive-hydrating-serum--853c-f.jpeg,CİLT BAKIM ÜRÜNLERİ > SERUM > ,ENVIRON,
Moisture⁺ Vita Antioxidant Hydrating Oil Capsules (30 Cap.),Cildin tüm ihtiyaçlarını gidermek için özel hazırlanmış bir üründür. Cilde yoğun nemlilik ve konforlu ve dinlenmiş görünümlü bir doku kazandırır. Cilt böylece gözle görülür bir şekilde sağlık, canlılık ve gençlik kazanır.,https://static.ticimax.cloud/cdn-cgi/image/width=76,quality=85/53520/uploads/urunresimleri/buyuk/moisture-vita-antioxidant-hydrating-oi-4-b03f.jpeg,CİLT BAKIM ÜRÜNLERİ > KAPSÜL > ,ENVIRON,
Moisture⁺ Vita Complex Super Moisturiser 50 ML,Hafif dokulu ve yoğun etkili bu ürün cilt nem dengesini güçlendirir, nemsizlik çizgilerini giderir ve A vitamin bazlı kompleks ürünlerle mükemmel bir kombin olarak etkinliği güçlendirir. Shea yağı, B5, E ve C vitaminleri ile de zengin bir içeriğe sahiptir.,https://static.ticimax.cloud/cdn-cgi/image/width=76,quality=85/53520/uploads/urunresimleri/buyuk/moisture-vita-complex-super-moisturise-de62-1.jpeg,CİLT BAKIM ÜRÜNLERİ > KREM > ,ENVIRON,
MOISTURIZING BOOSTER 20 ML,Cildi dolgunlaştırır ve canlandırır. Farklı moleküler ağırlıklara sahip gerçek bir hyaluronik asit infüzyonu olan bu jel, cildin tüm katmanlarını anında ve derinlemesine nemlendirir. Bu taze jel serum, epidermisi yoğun nem ile doldurur. Farklı moleküler ağırlıklara sahip hyaluronik asitler cildin tüm katmanlarına bağlanarak yüzeyini yeniden dengeler. Cilt, sıkı, esnek dokusunu ve taze ışıltısını hemen geri kazanır. İnce çizgiler açılır ve yumuşatılır. Cilt dokusu rafine edilir. Bu konsantre ürün, nemsiz kalmış veya hassas bile olsa tüm cilt tipleri için gereklidir.,https://static.ticimax.cloud/cdn-cgi/image/width=76,quality=85/53520/uploads/urunresimleri/buyuk/moisturizing-booster-20-ml-8e-492.jpeg,CİLT BAKIM ÜRÜNLERİ > SERUM > ,VALMONT,TL5.300,00
Moisturizing Complex 50 GR,Moisturizing Complex, antioksidan bakımından zengin, çevresel faktörlere karşı nemlendirici, koruyucu bir bariyer oluşturan yoğun nemlendirici kremdir.,https://static.ticimax.cloud/cdn-cgi/image/width=76,quality=85/53520/uploads/urunresimleri/buyuk/moisturizing-complex-50-gr-34-ab6.jpeg,CİLT BAKIM ÜRÜNLERİ > SERUM > ,TL4.148,00
Moisturizing Night Cream 50ml,Cilt gençleşmesini uyarır. Gece cildi besler ve kırışıklıkları giderir. Derinlemesine nemlendirir. Yoğun bir şekilde cildi yeniler. Cildin en derin katmanlarına hızla ulaşır, nemlendirmeyi en uygun seviyede tutar ve cildi aşırı su kaybına karşı korur. Yüksek oranda yenileyici özelliklere ve gözle görülür gençleştirici etkiye sahiptir. Kremin antioksidan özelliği vardır. Cildin elastikiyetini arttırır, lipit (yağ) tabakasını yeniden yapılandırır.,https://static.ticimax.cloud/cdn-cgi/image/width=76,quality=85/53520/uploads/urunresimleri/buyuk/moisturizing-night-cream-50ml-e01381.jpeg,CİLT BAKIM ÜRÜNLERİ > KREM > ,DERMICLAB,TL1.800,00
Moisturizing Prebiotic Oil-Cocktail 30 ML,Prebiyotik Finlandiya Yulaf Xylitolü içeren ayrıca Kutup Kaynak Suyu, Organik Huş Ağacı Özü ve Nordic Yabanmersini Tohumu ile tamamlanan bu yenilikçi %96 doğal formül, cildin nem bariyerini ve doğal mikrobiyomunu tamamlamaya yardımcı olur. Cildi 24 saat boyunca nemlendirmeyi desteklediği klinik çalışmalarla test edilmiş besleyici çift fazlı formül, kuru ve nemsiz kalmış ciltler için özel olarak tasarlanmıştır.,https://static.ticimax.cloud/cdn-cgi/image/width=76,quality=85/53520/uploads/urunresimleri/buyuk/moisturizing-prebiotic-oil-cocktail-30-b9d218.jpeg,CİLT BAKIM ÜRÜNLERİ > SERUM > ,LUMENE,TL1.130,00
MOISTURIZING SERUMULSION 30 ML,Susuzluk giderici, yoğun nemlendirme. Bir serum kadar güçlü ve bir emülsiyon kadar ince olan bu Serumemülsiyon, yoğun hidrasyonu hafif bir dokuya dönüştürür. Bu bakım, ister tek başına ister bir serumdan sonra kullanılabilir. Cilt yüzeyinde ve en derin katmanlarında tam nemlendirme sağlar. Cildin her seviyesinde nemlendirir ve nemi hapseder. Hücreler arası bağları yeniden oluşturur. Esneklik ve tazeliği dengeler. Tüm cilt tipleri, en susuz olanlar bile, bu emülsiyonla nemlendirilecektir. Hızla emilir ve erkeklerin cilt bakımı rutinleri için de ideal bir üründür.,https://static.ticimax.cloud/cdn-cgi/image/width=76,quality=85/53520/uploads/urunresimleri/buyuk/moisturizing-serumulsion-30-ml-6-3963.jpeg,CİLT BAKIM ÜRÜNLERİ > SERUM > ,VALMONT,TL5.500,00
MOISTURIZING WITH A CREAM 50 ML,Gözle görülür şekilde yatıştırır ve dolgunlaştırır. Besleyici nem ile cilde eşi görülmemiş bir nemlendirme sağlar. Su ile kadifenin zenginliği! Bu ipeksi krem, anında ve uzun süreli nemlendirme ile cildi yatıştırır ve tazeler. Kadifemsi dokusu, optimum canlılık için hücreler arası bağları onarır. Gözle görülür şekilde dolgun cilt parlar ve uzun süreli rahatlık hissi sunar. Genç, normal veya susuz cilt, bu yenilikçi dokunun faydalarını memnuniyetle karşılayacaktır.,https://static.ticimax.cloud/cdn-cgi/image/width=76,quality=85/53520/uploads/urunresimleri/buyuk/moisturizing-with-a-cream-50-ml-7f84-d.jpg,CİLT BAKIM ÜRÜNLERİ > KREM > ,VALMONT,TL6.000,00
MOISTURIZING WITH A MASK 50 ML,Pürüzsüzleştirir, nemlendirir ve canlandırır. Bu maske, görünür nem sağlaması ile ilk uygulamadan itibaren cildi dolgunlaştırır. Nemlendirici bir koza! Büyüleyici ve pürüzsüz bu maske, duyuları memnun eder ve ilk uygulamadan itibaren yoğun nemlendirme sağlar. Cildi rahatlatıcı bir yumuşaklık tülüyle sarar. İnce çizgiler yumuşatılır. Cilt yüzeyi yenilenir ve cilt tazelenir. Özellikle rahatsız, yorgun veya donuk ciltler olmak üzere tüm cilt tipleri için uygundur.,https://static.ticimax.cloud/cdn-cgi/image/width=76,quality=85/53520/uploads/urunresimleri/buyuk/moisturizing-with-a-mask-50-ml--ae3c-.jpeg,CİLT BAKIM ÜRÜNLERİ > MASKE > ,VALMONT,TL6.000,00
MSB Face Cream - 50 ml,Cilde rahatlamış ve düzgün görünüm kazandıran kadifemsi yumuşak bakım kremi. Jojoba yağı ile yoğun bir şekilde bakım sağlar, serbest radikallerin cilde zarar vermesini engeller. Vitamin E ile serbest radikalleri bağlayarak, lipitlerin / hücre / hücre zarlarının üzerindeki tahrip edici etkisini önler. Hyalüranik asit ile oldukça nemlendirici bir etkiye sahiptir, düzleştirir ve sıkılaştırır. Crodamal ISIS ile su bağlama özelliğini geliştirir, cildin bariyeri ile sinerjik etki gösterir. Pentavitin ile PH dengeleyici, cilde benzeyen nem bağlama özelliği. Cildi sıkılaştırır kontürleri iyileştirir. Cildin sağlıklı ve doğal yapısını korur. İçeriğindeki Asetil heksapeptit-8 ile saatler içerisinde cildi ipeksi ve yumuşak tutar. Cildin kuruluğunu alır, cilt rahatlamış ve pürüzsüz gözükür.Multi Ex BSASM ile (7 bitki özü) yatıştırır & sakinleştirir, kaşıntı giderici, kızarıklığı önler.,https://static.ticimax.cloud/cdn-cgi/image/width=76,quality=85/53520/uploads/urunresimleri/buyuk/msb-face-cream-50-ml-e5b586.jpeg,CİLT BAKIM ÜRÜNLERİ > KREM > ,TL7.601,00
MSB Lip Booster - 7,5 ml,Özellikle yumuşak yapısı sayesinde, aynen bir krem gibi, cilde derinlemesine nüfus eden yumuşak bir dudak balsamı. Farkı anında hissedilir. Shea yağı ile korur ve yoğun bir şekilde nemlendirir. Kahverengi alg özü ile cildi enerji ile besler, hücre ara maddelerini güçlendirir, antioksidan, kolajen sentezini harekete geçirir. Chambe yağı ve Omega 3 / 6 / 9 açısından zengindir. Diş otu tohumu ekstresi ile kas hareketini rahatlatır & ekspres etkiyle düzleştirir! Inositol - (pirinçten elde edilir) kuru veya yağlı cildi dengeler. İçeriğindeki Asetil heksapeptit-8 ile saatler içerisinde cildi ipeksi ve yumuşak tutar. Cildin kuruluğunu alır, cilt rahatlamış ve pürüzsüz gözükür.,https://static.ticimax.cloud/cdn-cgi/image/width=76,quality=85/53520/uploads/urunresimleri/buyuk/msb-lip-booster-75-ml-d4a49-.jpeg,CİLT BAKIM ÜRÜNLERİ > DUDAK BAKIMI > ,MSB,TL2.586,00
MSB Mask Cream - 50 ml,Günlük bakım programını uygun bir şekilde tamamlamaya yönelik rahatlatıcı ve etkili krem maske. Düzenli kullanıldığında cilde yumuşaklık ve parlaklık verir ® İçeriğindeki Syn Ake ile çizgileri & kırışıklıkları düzeltir, kas kasılmasını rahatlatır, cildin sakin görünmesini sağlar. Vitamin E ile serbest radikallerin cilde zarar vermesini engeller Cildin nem özelliğini artırır, antibakteriyel, anti-enflamatuar. Jojoba yağı ile bakım sağlayıcı, koruyucu ve nemlendirici etkiye sahiptir. İçeriğindeki Asetil heksapeptit-8 ile saatler içerisinde cildi ipeksi ve yumuşak tutar. Cildin kuruluğunu alır, cilt rahatlamış ve pürüzsüz gözükür.,https://static.ticimax.cloud/cdn-cgi/image/width=76,quality=85/53520/uploads/urunresimleri/buyuk/msb-mask-cream-50-ml-d-4651.jpeg,CİLT BAKIM ÜRÜNLERİ > MASKE > ,MSB,TL4.381,00
MSB Normalizing Serum - 50 ml,Uzun süreli bir etkiye sahip, konsantresi yüksek teknolojik etken madde ürünü. İnositol ile yağ bezi faaliyetini normale dönüştürür, ciltteki yağı hissedilir derecede azaltır, ince bir cilt yapısı kazandırır. D-Pantenol ile antibakteriyel ve anti-enflamatuar etkiye sahiptir, cildin direncini artırır. Bitkisel kompleks ile dengeleyici, kızarıklığı önleyici, antibakteriyel ve anti-enflamatuar. Deniz yosunu ile nemlendirir, kolajen tahribatına karşı koruma sağlar. Pentavitin ile Ph dengeleyici. %100 yağsızdır.,https://static.ticimax.cloud/cdn-cgi/image/width=76,quality=85/53520/uploads/urunresimleri/buyuk/msb-normalizing-serum-50-ml-d51-52.jpeg,CİLT BAKIM ÜRÜNLERİ > SERUM > ,MSB,TL7.601,00
MuliVitamin Thermafoliant 75 ML,Termal etkili cilt eksfoliantı zamansız yaşlanma karşıtı içerikleri cilde sağlar. Güçlü, cildi cilalayıcı fiziksel ve kimyasal eksfoliantlar ile cildi pürüzsüzleştirir ve vitaminlerin cilt tarafından emilmesine yardımcı olur. Cilt yüzeyini yenileyici mikrogranüller, mat ve cansız cilt hücrelerinin nazikçe ciltten atılmasına yardımcı olur, cildin daha pürüzsüz ve daha iyi görünmesini sağlar. Su ile temas ettiğinde ürünün hafif ısınmasını sağlayan etki, cildi yenileyici Laktik Asit, Salisilik Asit ve Retinol ile birlikte çalışır. İçerdiği antioksidanlar düzensiz cilt tonu görünümünün dengelenmesine yardımcı olur. Cilt yumuşak ve pürüzsüz görünür.,https://static.ticimax.cloud/cdn-cgi/image/width=76,quality=85/53520/uploads/urunresimleri/buyuk/mulivitamin-thermafoliant-75-ml-2bdaee.jpeg,CİLT BAKIM ÜRÜNLERİ > KREM > ,DERMALOGICA,TL3.250,00
Multi Active Toner 250 ML,İnce yapılı yüz toniği, nemlendirir ve ferahlatır. Bu ultra ince tonik, nemi cilde bağlayıcı nemlendiriciler ile cildi düzenler ve cildi nemlendirmeye hazırlar. Sakinleştirici Arnika, Oğul Otu ve Lavanta, cildi ferahlatır temizleme sonrası ve gün boyu bu sprey toniği cildi nemlendirmek için ideal yapar.,https://static.ticimax.cloud/cdn-cgi/image/width=76,quality=85/53520/uploads/urunresimleri/buyuk/multi-active-toner-250-ml--5e02-.jpeg,CİLT BAKIM ÜRÜNLERİ > TONİK > ,DERMALOGICA,TL2.150,00
Multi Active Toner50 ML,İnce yapılı yüz toniği, nemlendirir ve ferahlatır. Bu ultra ince tonik, nemi cilde bağlayıcı nemlendiriciler ile cildi düzenler ve cildi nemlendirmeye hazırlar. Sakinleştirici Arnika, Oğul Otu ve Lavanta, cildi ferahlatır temizleme sonrası ve gün boyu bu sprey toniği cildi nemlendirmek için ideal yapar.,https://static.ticimax.cloud/cdn-cgi/image/width=76,quality=85/53520/uploads/urunresimleri/buyuk/multi-active-toner50-ml-908f-1.jpeg,CİLT BAKIM ÜRÜNLERİ > TONİK > ,DERMALOGICA,TL590,00
Multi Functional Anti Wrinkle Serum 30 ML,AWS Kırışıklık Karşıtı Anti-aging Serum, cildinizin daha canlı görünmesine yardımcı olur, ince kırışıklık ve çizgilerin önlenmesini destekler. Yoğun içeriği ile elastikiyet kaybının azalmasını sağlar. Antioksidan özelliği sayesinde oksidatif süreçleri nötralize etmeye destek olur ayrıca içeriğinde fermente balkabağı özütü bulunur.,https://static.ticimax.cloud/cdn-cgi/image/width=76,quality=85/53520/uploads/urunresimleri/buyuk/aws-anti-wrinkle-serum-30-ml-b2ea1b.jpeg,CİLT BAKIM ÜRÜNLERİ > SERUM > ,
Multi Functional Cream (MFC) 50 ML,Yoğun Çok Fonksiyonlu Krem, antiaging, cilt rengi açılımı ve aydınlanmayı destekler. İnce çizgi ve kırışıklıkları önlemeye ve cilt elastikiyetini artırmaya yardımcı olur.,https://static.ticimax.cloud/cdn-cgi/image/width=76,quality=85/53520/uploads/urunresimleri/buyuk/mfc-multi-functional-cream-50-ml-9e-bbb.jpeg,CİLT BAKIM ÜRÜNLERİ > KREM > ,GENOSYS,
Multi Sun Cream (MSC) 40 ML,Çok fonksiyonlu güneş koruyucu, ciltle bütünleşen ve pürüzsüz yapısı ile UVA - UVB ışınlarına karşı cildi korumaya yardımcı olurken, rahatlatıcı etki sunar. Renksiz bir güneş koruyucudur.,https://static.ticimax.cloud/cdn-cgi/image/width=76,quality=85/53520/uploads/urunresimleri/buyuk/msc-multi-sun-cream-40-gr-2168ef.jpeg,CİLT BAKIM ÜRÜNLERİ > GÜNEŞ KORUMA > ,GENOSYS,
Multi Vita Radiance Cream (MVC) 50 ML,Multi Vitaminli Canlandırıcı Krem, içerisindeki on iki vitamin ve astaksantin gibi zengin içerikler ile leke oluşumunun önlenmesine ve aynı zamanda güneşten gelen zararlı ışınlara karşı cildin korunmasına yardımcı olur. Cilt tonunun eşitlenmesini ve cildin aydınlatılmasını destekler. Kremin turunculuğu astaksantinin doğal renginden kaynaklanmaktadır.,https://static.ticimax.cloud/cdn-cgi/image/width=76,quality=85/53520/uploads/urunresimleri/buyuk/mvc-multi-vita-radiance-cream-1678f0.jpeg,CİLT BAKIM ÜRÜNLERİ > KREM > ,GENOSYS,
Multi-Active Essential Day CreamSPF15 50ML,Bu çok amaçlı cilt bakımı, kuru cildi etkili bir şekilde besler, nemlendirir ve dış ekenlere karşı korurken, yaşlanmayı önler.,https://static.ticimax.cloud/cdn-cgi/image/width=76,quality=85/53520/uploads/urunresimleri/buyuk/multi-active-essential-day-creamspf15--49-b8a.jpeg,CİLT BAKIM ÜRÜNLERİ > KREM > ,BELLEFONTAINE S.,
Multi-Performance Teint Optimizer Golden Sheen - 30 ml,Cilde eşit, ipeksi pürüzsüz bir yüzey veren, yüz için ışıltı etkisine sahip yoğun besleyici, renkli, yaşlanma karşıtı krem.,https://static.ticimax.cloud/cdn-cgi/image/width=76,quality=85/53520/uploads/urunresimleri/buyuk/multi-performance-teint-optimizer-gold-973-a4.jpeg,CİLT BAKIM ÜRÜNLERİ > KREM > ,MBR,TL5.940,00
Multi-Performance Teint Optimizer Light - 30 ml,Yüz cildine gün boyunca yeterli koruma sağlayan ve doğal, yumuşak bronzlaşmış bir cilt veren yoğun besleyici ve hafif renkli, yaşlanma karşıtı krem.,https://static.ticimax.cloud/cdn-cgi/image/width=76,quality=85/53520/uploads/urunresimleri/buyuk/multi-performance-teint-optimizer-ligh-9-a324.jpeg,CİLT BAKIM ÜRÜNLERİ > KREM > ,MBR,TL5.940,00
MVT Power Recovery Masque 75 ML,Besleyici bu maske, zamansız yaşlanan ve stresli ciltlerin yardımcısıdır. Özellikle matlaşmış, kuru, nemsiz, ışıltısını kaybetmiş, foto hasarlı ve zamansız yaşlanan ciltlere, ciltlerini temizledikten sonra kullanmaları önerilir. İçerisindeki konsantre vitaminler A, C, E ve Linoleik Asit cilt yaşlanmasıyla oluşan hasarları ve cilt bariyerini onarır. Antioksidan vitaminler C ve E Reaktif Oksijen Türlerinin (Serbest Radikaller) hasarlarına karşı cildi korur. Besleyici özellikteki Yosun Özü cildi nemlendirmeye ve yumuşatmaya yardımcı olur. Pro-Vitamin B5 hasarlı cildi onarır, Meyankökü, Kafuru ve Dulavrat Otu gibi bitkisel özler cildi rahatlatarak, hassasiyeti azaltır.,https://static.ticimax.cloud/cdn-cgi/image/width=76,quality=85/53520/uploads/urunresimleri/buyuk/mvt-power-recovery-masque-75-ml-e4ff08.jpeg,CİLT BAKIM ÜRÜNLERİ > MASKE > ,DERMALOGICA,TL3.150,00
Natural Peel med - 100 ml,Yaklaşık %10 asit oranına sahip tolere edilebilir, etkili ve doğal meyve asidi düzeni. Ölü deri döküntülerini giderir. Cildin yapısını düzeltir. Etken maddenin emilimini artırır. Yeni hücre oluşumunu harekete geçirir. Çizgi ve kırışıklıkları azaltır.,https://static.ticimax.cloud/cdn-cgi/image/width=76,quality=85/53520/uploads/urunresimleri/buyuk/natural-peel-med-100-ml-7f1316.jpeg,CİLT BAKIM ÜRÜNLERİ > TEMİZLEME > ,MSB,TL9.715,00
Natural Peel med - 30 ml,Yaklaşık %10 asit oranına sahip tolere edilebilir, etkili ve doğal meyve asidi düzeni. Ölü deri döküntülerini giderir. Cildin yapısını düzeltir. Etken maddenin emilimini artırır. Yeni hücre oluşumunu harekete geçirir. Çizgi ve kırışıklıkları azaltır.,https://static.ticimax.cloud/cdn-cgi/image/width=76,quality=85/53520/uploads/urunresimleri/buyuk/natural-peel-med-30-ml-4230-8.jpeg,CİLT BAKIM ÜRÜNLERİ > TEMİZLEME > ,MSB,TL4.735,00
NDCELL Anti-Wrinkle Cream 50 ML,Anti-Wrinkle krem boyun ve dekolte için bakım kremidir. Boyun ve dekoltede meydana gelen kırışıklık, gevşeme ve nemsizlik belirtilerini önlemeye yardımcı olmak için hazırlanmış, bölgenin pürüzsüzleştirilmesine destek olan yoğun içerikli bakım kremi. Güçlü yapısı ile gözle görülür güçlü etkiler sunmaya yardımcı olur.,https://static.ticimax.cloud/cdn-cgi/image/width=76,quality=85/53520/uploads/urunresimleri/buyuk/ndcell-anti-wrinkle-cream-50-ml-49cf-a.jpeg,CİLT BAKIM ÜRÜNLERİ > KREM > ,GENOSYS,
NDCELL Anti-Wrinkle Serum 30 ML,Anti-Wrinkle serum, boyun ve dekoltede meydana gelen yaşlanma belirtilerinin önlenmesine yardımcı olan yoğun etkili serum.,https://static.ticimax.cloud/cdn-cgi/image/width=76,quality=85/53520/uploads/urunresimleri/buyuk/ndcell-anti-wrinkle-serum-30-ml--be10-.jpeg,CİLT BAKIM ÜRÜNLERİ > SERUM > ,GENOSYS,
Neck & Chest Lift 21- 200 ml,Cilt bariyer fonksiyonunu iyileştirir ve ışığın neden olduğu cilt yaşlanmasına karşı koruma sağlar. Cildin elastikiyetini/sıkılığını güçlendirir ve kırışıklıkları içten dolgunlaştırır. Nemlendirir ve nem dengesini düzenler. Hücre yenilenmesini uyarır ve cilt fonksiyonlarını yeniden etkinleştirir ve yeniden etkinleştirir.,https://static.ticimax.cloud/cdn-cgi/image/width=76,quality=85/53520/uploads/urunresimleri/buyuk/neck-chest-lift-21-200-ml-ac579a.jpeg,21 TRANSDERMAL,TL16.177,00
NECK Recovery 50 ML,Boyun ve dekolte bölgesindeki sarkıkları ve yaşlanmış cildi germek, sıkılaştırmak ve ciltteki buruşuklukları önlemeye yardımcı olmak için benzersiz bir gelişmiş cilt sıkılaştırıcı glikoprotein kompleksi ile formüle edilmiştir.,https://static.ticimax.cloud/cdn-cgi/image/width=76,quality=85/53520/uploads/urunresimleri/buyuk/neck-recovery-50-ml-65-545.jpeg,CİLT BAKIM ÜRÜNLERİ > KREM > ,PH FORMULA,
NeckPerfect Complex 50 GR,Neckperfect Complex, hedeflenen botanikler ve son derece güçlü antioksidanlar ile güçlendirilmiş, boynunuzu, çene çizginizi ve dekoltenizi daha kalkık, gergin ve belirgin görünecek şekilde dönüştüren kremdir.,https://static.ticimax.cloud/cdn-cgi/image/width=76,quality=85/53520/uploads/urunresimleri/buyuk/neckperfect-complex-50-gr-e-9143.jpeg,CİLT BAKIM ÜRÜNLERİ > SERUM > ,IS CLINICAL,TL4.663,00
Neofound Serum 30 ML,Cildi aydınlatmak, sıkılaştırmak ve pürüzsüzleştirmek için tasarlanmıştır. Cildin tonunu, elastikiyetini ve parlaklığını artırır.,https://static.ticimax.cloud/cdn-cgi/image/width=76,quality=85/53520/uploads/urunresimleri/buyuk/neofound-serum-30-ml-7793-4.jpeg,CİLT BAKIM ÜRÜNLERİ > SERUM > ,NEOFOUND,TL3.900,00
Niaouli Aromatic Care 15ML,Faydaları: Yağlı ciltler başta olmak üzere tüm cilt tiplerine uygun aromatik bakım Mat görünüm kazandırma etkisiyle gece boyunca arındıran bakım İçeriğinde matlaştırıcı yağlar bulundurur. Gözle görülür şekilde arınmış bir cilt yaratır. Siyah nokta görünümünü engellemeye yardımcı olur. Kullanımı: Gece. İşaret parmağınızı kullanarak; yanaklar, alın ve çeneye 4 damla uygulayın. Avucunuzu ısıttıktan sonra ürünü cildinize uygulayın. Botanik İçerikler: Niauoli, Ylang Ylang, Portakal, Lavanta, Gül, Selvi, Biberiye, Okatiptüs,https://static.ticimax.cloud/cdn-cgi/image/width=76,quality=85/53520/uploads/urunresimleri/buyuk/niaouli-aromatic-care-15ml-74-4f4.jpeg,CİLT BAKIM ÜRÜNLERİ > BAKIM YAĞI > ,DARPHIN,TL2.429,00
Night & Day Collagen - 30 ml,Çözünür kolajenlere dayanan, çok yönlü etkiye sahip bakım ve yapılandırıcı serum. Night & Day Collagen Doğal çözünür kolajen ile nem emilimini ve nem tutma özelliğini oldukça geliştirir. Kırışık derinliğini azaltır. Esnekliği artırır ve sıkılaştırır. (Amino asit) enerji ve daha güçlü bir bağışıklık sağlar. İçeriğindeki Hydrolite-5 ile nemi yoğun bir şekilde bağlayan, çizgileri incelten, dolaylı bir şekilde bakım sağlayan özelliğe sahip glikol.,https://static.ticimax.cloud/cdn-cgi/image/width=76,quality=85/53520/uploads/urunresimleri/buyuk/night-day-collagen-30-ml--44f1-.jpeg,CİLT BAKIM ÜRÜNLERİ > SERUM > ,MSB,TL5.969,00
Night Nutri-Plus 50 ML,Kuru ve nemsiz ciltler için olağanüstü bir Anti-Aging bakımı. Yaşlanma belirtilerini, elastikiyet kaybını önler. Zengin ve kremsi dokusu cildi yeniden dolgunlaştırır, epidermisin üst katmanlarını nemlendirir ve çizgileri yumuşatır. Yoğun yenileme etkisine sahiptir,https://static.ticimax.cloud/cdn-cgi/image/width=76,quality=85/53520/uploads/urunresimleri/buyuk/night-nutri-plus-50-ml-7f11-4.jpeg,CİLT BAKIM ÜRÜNLERİ > KREM > ,BELLEFONTAINE S.,
Night Oil - 2x15 ML,Hoş ve yumuşak bir cilt hissi sağlayan yoğun ve besleyici yüz yağı.,https://static.ticimax.cloud/cdn-cgi/image/width=76,quality=85/53520/uploads/urunresimleri/buyuk/night-oil-2x15-ml-5a41-4.jpeg,CİLT BAKIM ÜRÜNLERİ > BAKIM YAĞI > ,MBR,TL8.513,00
NO SUN 50 ML,Güneşin zararlı etkilerine karşı mineral filtreler ile yüksek güneş koruması sağlar. Cilt toleransının artmasına ve cildin foto yaşlanmaya karşı korunmasına destek olur. Kimyasal filtre içermez.,https://static.ticimax.cloud/cdn-cgi/image/width=76,quality=85/53520/uploads/urunresimleri/buyuk/no-sun-50-ml--8931-.jpeg,CİLT BAKIM ÜRÜNLERİ > GÜNEŞ KORUMA > ,ESTHEDERM,TL1.649,00
Normalizing Lipid & Sebum Care - 30 ml,Gençlik aknelerine ve yaşlılık aknelerine meyilli karma ve yağlı ciltler için uzun vadeli etkileri olan yoğun aktif içerikli ürün.,https://static.ticimax.cloud/cdn-cgi/image/width=76,quality=85/53520/uploads/urunresimleri/buyuk/normalizing-lipid-sebum-care-30-ml-cc-870.jpeg,CİLT BAKIM ÜRÜNLERİ > SERUM > ,MBR,TL5.420,00
Nu-Derm Blend Fx 57 GR,Nu-Derm Blend Fx, cildi aydınlatmaya ve aydınlatmaya yardımcı olmak için arbutin, antioksidanlar ve eksfoliyan ile özel olarak formüle edilmiş bir parlatıcı kremdir.,https://static.ticimax.cloud/cdn-cgi/image/width=76,quality=85/53520/uploads/urunresimleri/buyuk/nu-derm-blend-fx-57-gr-dea09-.jpeg,CİLT BAKIM ÜRÜNLERİ > KREM > ,OBAGI,TL4.703,00
Nu-Derm Clear Fx 57 GR,Nu-Derm Clear Fx, daha eşit daha sağlıklı görünen bir cilt ortaya çıkarmak için tasarlanmış ve doğala özdeş arbutin, antioksidanlarla özel olarak formüle edilmiş bir cilt parlatıcı kremdir.,https://static.ticimax.cloud/cdn-cgi/image/width=76,quality=85/53520/uploads/urunresimleri/buyuk/nu-derm-clear-fx-57-gr-21-c03.jpeg,CİLT BAKIM ÜRÜNLERİ > KREM > ,OBAGI,TL4.924,00
Nu-Derm Exfoderm 57 GR,Nu-Derm Exfoderm daha parlak bir cilt için çalışır ve eski, donuk deriyi eksfoliye ederek pürüzsüz bir hale getirir. Diğer ürünlerin cilde daha iyi nüfuz etmesini sağlar. Normalden kuruya veya hassas ciltler için tasarlanmıştır.,https://static.ticimax.cloud/cdn-cgi/image/width=76,quality=85/53520/uploads/urunresimleri/buyuk/nu-derm-exfoderm-57-gr-eb2-46.jpeg,CİLT BAKIM ÜRÜNLERİ > LOSYON > ,OBAGI,TL3.886,00
Nu-Derm Exfoderm Forte 57 GR,Nu-Derm Exfoderm Forte, gözle görülür şekilde daha pürüzsüz, daha parlak bir cilt için doğal yenilenmeyi teşvik ederken eski donuk cildi eksfoliye eder. İçeriğinde glikolik ve laktik asitler içeren hafif bir losyondur.,https://static.ticimax.cloud/cdn-cgi/image/width=76,quality=85/53520/uploads/urunresimleri/buyuk/nu-derm-exfoderm-forte-57-gr-0d-49b.jpeg,CİLT BAKIM ÜRÜNLERİ > LOSYON > ,OBAGI,TL4.328,00
Nu-Derm Foaming Gel 198 ML,Nu-Derm Foaming Gel, temiz ve taze bir cilt için makyajı ve günlük kirleri nazikçe temizler. Ciltteki fazla yağı gidererek cildin tazelenmiş ve yumuşak hissetmesini sağlar. Normalden yağlıya dönük ciltler için formüle edilmiştir.,https://static.ticimax.cloud/cdn-cgi/image/width=76,quality=85/53520/uploads/urunresimleri/buyuk/nu-derm-foaming-gel-198-ml-810801.jpeg,CİLT BAKIM ÜRÜNLERİ > YIKAMA JELİ > ,OBAGI,TL2.050,00
Nu-Derm Toner 198 ML,Nu-Derm Toner, cildinizin Ph dengesini korumaya yardımcı olur. Cildinizi temizledikten sonra kirleri ve ölü deriyi gidermek ve cildi uygun ürünlere hazırlamak için kullanılır.,https://static.ticimax.cloud/cdn-cgi/image/width=76,quality=85/53520/uploads/urunresimleri/buyuk/nu-derm-toner-198-ml-9090-e.jpeg,CİLT BAKIM ÜRÜNLERİ > TONİK > ,OBAGI,TL2.050,00
Nutri-Regeneration Mask 50 ML,Bu maske cildi besleyip ve enerji katarken gözle görülür şekilde yaşlanma belirtilerini yumuşatır. Epidermisin üst katmanlarında denge nemini koruyan, ifade çizgilerini ve kırışıklıkları düzelten bu maske, cildin yenilenmesini destekler. Olgun ciltere tavsiye edilir,https://static.ticimax.cloud/cdn-cgi/image/width=76,quality=85/53520/uploads/urunresimleri/buyuk/nutri-regeneration-mask-50-ml-e9495e.jpeg,CİLT BAKIM ÜRÜNLERİ > MASKE > ,BELLEFONTAINE S.,
Nutrient Regenerating Night Cream 50 ML,Zengin formülünün içerdiği maddeler dokuların gevşemesinin yanı sıra dehidrasyon ve cilt yaşlanmasını da etkili bir şekilde önleyerek besler, canlandırır ve yeniler.,https://static.ticimax.cloud/cdn-cgi/image/width=76,quality=85/53520/uploads/urunresimleri/buyuk/nutrient-regenerating-night-cream-50-m-4-a2f6.jpeg,CİLT BAKIM ÜRÜNLERİ > KREM > ,BELLEFONTAINE S.,
Nutrient-Charged Water Gel 50 ML,Yağsız, su bazlı yapısı ve içeriğindeki besleyici vitamin, peptit ve mineral karışımı ile cilt bariyerini güçlendirir, cilde nemli, dolgun ve pürüzsüz bir görünüm verir.,https://static.ticimax.cloud/cdn-cgi/image/width=76,quality=85/53520/uploads/urunresimleri/buyuk/nutrient-charged-water-gel-50-ml-7fab34.jpeg,CİLT BAKIM ÜRÜNLERİ > JEL > ,MURAD,TL4.600,00
Obagi 360 Retinol 0.5 28 GR,Cilt tonunu, dokusunu iyileştirmeye ve kusurları en aza indirmeye yardımcı olan zarif bir retinol formülüdür. Cilt rengini ve dokusunu iyileştirmek için tasarlanmış ürünlerde popüler olan A Vitamini bileşikleri ve Retinoid'e sahiptir.,https://static.ticimax.cloud/cdn-cgi/image/width=76,quality=85/53520/uploads/urunresimleri/buyuk/obagi-360-retinol-0.5-28-gr-471b-b.jpeg,CİLT BAKIM ÜRÜNLERİ > KREM > ,OBAGI,TL5.340,00
Obagi Retinol 1.0 28 GR,Daha akıllıca çalışmak için tasarlanan bu yumuşatıcı krem bazlı formülle cildinizi yenileyin, zorlaştırmayın. Son derece etkili retinol kremimiz, ince çizgilerin ve kırışıklıkların görünümünü en aza indirmek için bileşenleri yavaş yavaş ve nazikçe serbest bırakan ve cilt yaşlanmasının gözle görülür belirtilerini en az tahrişle en aza indirmeye yardımcı olmak için cilt yenilenmesini destekleyen hapsedilmiş bir retinol dağıtım sistemi ile tasarlanmıştır.,https://static.ticimax.cloud/cdn-cgi/image/width=76,quality=85/53520/uploads/urunresimleri/buyuk/obagi-retinol-1.0-28-gr--94ac-.jpeg,CİLT BAKIM ÜRÜNLERİ > KREM > ,OBAGI,TL6.070,00
Oil & Pore Control Mattifier SPF45 50 ML,Hafif yapıdaki SPF'li nemlendirici, gözenek görünümünü anında %54 azaltır ve 10 saat boyunca yağ, parlaklık ve gözenek kontrolü sağlar. Sebum emici mikroküreler, ciltteki kusurları matlaştırmaya ve pürüzsüzleştirmeye yardımcı olur. Avokado ve Afrika Sarı Ağacı Kabuğu Özleri, zamanla gözenek boyutunu ve fazla yağı gözle görünür şekilde azaltırken nemlendirici etkisiyle kuruluğu önler. İçeriğindeki; Patentli Oil-Control Complex® ile fazla yağ üretimini kontrol altına alır, nemi cilde hapseder ve cildi uzun süre matlaştırır. Söğüt Özü ile akne oluşumunu kontrol altına alır, Argan Özü ile cildi yumuşatır ve pürüzsüzleştirir.,https://static.ticimax.cloud/cdn-cgi/image/width=76,quality=85/53520/uploads/urunresimleri/buyuk/oil-pore-control-mattifier-spf45-50-ml-3-4459.jpeg,CİLT BAKIM ÜRÜNLERİ > KREM > ,MURAD,TL4.025,00
Oil Control Pads (60 Pads),Yağlı cilt sorunlarına karşı çok etkili bu ürün gözenek görünümü azaltmak ve yüzey yağlarını en aza indirgemek için özel tasarlanmıştır. Kullanıma hazır pedler halinde ve pratik bir üründür.,https://static.ticimax.cloud/cdn-cgi/image/width=76,quality=85/53520/uploads/urunresimleri/buyuk/oil-control-pads-60-pads-58d245.jpeg,CİLT BAKIM ÜRÜNLERİ > TONİK > ,ZO SKIN HEALTH,TL3.600,00
Oil Free Matte SPF30+ 50 ML,Geniş Spektrumlu güneş koruyucu, yağlı, sivilceye eğilimli ciltlerde zamansız cilt yaşlanmasını ve parlamayı önlemeye yardımcı olur. Hafif yapıda, ultra-ince formül, gelişmiş bir içerik kompleksi olan Çinko Glukonat, Kafein, Niyasinamid, Biyotin ve Maya Özü içerir. Yağ emiciler tüm gün cildin mat görünmesini sağlarken, ciltte kalın bir tabaka oluşturmadan yağdan parlamayı engeller. İnce yapılı formül, cildi yaşlandıran UV ışığa karşı korur.,https://static.ticimax.cloud/cdn-cgi/image/width=76,quality=85/53520/uploads/urunresimleri/buyuk/oil-free-matte-spf30-50-ml--b41d-.jpeg,CİLT BAKIM ÜRÜNLERİ > GÜNEŞ KORUMA > ,DERMALOGICA,TL3.060,00
Oil Shield Uv Defense SPF50 30 ML,Tüm cilt tipleri için uygun, yüksek korumalı, hafif ve leke bırakmayan özel formülü sayesinde parlama karşıtı güneş koruyucu. Geniş spektrumlu UVA&UVB koruması.,https://static.ticimax.cloud/cdn-cgi/image/width=76,quality=85/53520/uploads/urunresimleri/buyuk/oil-shield-uv-defense-spf50-30-ml-938-88.jpeg,CİLT BAKIM ÜRÜNLERİ > GÜNEŞ KORUMA > ,SKINCEUTICALS,TL2.500,00
Oil to Foam Total Cleanser 250 ML,Bu yağdan köpüğe dönüşen temizleyici, tek bir adımda makyajı, güneş koruyucuları ve birikimleri ciltten arındırır ve ultra temiz, sağlıklı görünen bir cilt oluşturur. Makyajı ve cildi temizleme özelliğine sahip çift işlevli temizleyici içerdiği altın renkli Yalancı İğde Yağı ile yağ-gel kıvamındadır; makyajı, sebumu (yağı) ve güneş koruyucu tabakalarını ciltten çözmek için cilde masaj yaparak uygulayın. Bir su damlası bile bu jel-yağı zengin buluta benzeyen yoğun bir köpüğe dönüştürerek, ciltte kalan birikimleri temizler. Bitkisel kaynaklı prebiyotik içeren bu köpüren temizleyici, ciltte anında yumuşak ve pürüzsüz bir his bırakır.,https://static.ticimax.cloud/cdn-cgi/image/width=76,quality=85/53520/uploads/urunresimleri/buyuk/oil-to-foam-total-cleanser-250-ml-5a3caf.jpeg,CİLT BAKIM ÜRÜNLERİ > TEMİZLEME > ,DERMALOGICA,TL2.760,00
Oil-Control Normalizing Serum 30 ML,Yağ fazlalığını azaltır, cildi arındırır, iltihap giderici ve antiseptik etkisi ile cildi rahatlatır.,https://static.ticimax.cloud/cdn-cgi/image/width=76,quality=85/53520/uploads/urunresimleri/buyuk/oil-control-normalizing-serum-30-ml-548d-4.jpeg,CİLT BAKIM ÜRÜNLERİ > SERUM > ,BELLEFONTAINE S.,
Optimal Lift Serum - 30 ml,Özellikle alın ve göz çevresindeki kırışıklıkları önlemek, derin olanlar da dahil olmak üzere mevcut kırışıklıkları hafifletmek ve azaltmak için multi-aktif yüz serumu.,https://static.ticimax.cloud/cdn-cgi/image/width=76,quality=85/53520/uploads/urunresimleri/buyuk/optimal-lift-serum-30-ml-ebf85a.jpeg,CİLT BAKIM ÜRÜNLERİ > SERUM > ,MBR,TL9.873,00
Orange Blossom Aromatic Care 15ML,Faydaları: Tüm cilt tiplerine uygun aromatik bakım Ciltteki ton eşitliğini sağlamaya, aydınlık ve berrak görünüm kazandırmaya yardımcı olur. Kullanımı: Gece. İşaret parmağınızı kullanarak; yanaklar, alın ve çeneye 4 damla uygulayın. Avucunuzu ısıttıktan sonra ürünü cildinize uygulayın. Botanik İçerikler: Neroli, Lavanta, Melekotu, Ylang Ylang, Papatya, Limon, Havuç, Aspir, Yaban mersini, Kızılcık, Susam, Ayçiçeği, Jojoba,https://static.ticimax.cloud/cdn-cgi/image/width=76,quality=85/53520/uploads/urunresimleri/buyuk/orange-blossom-aromatic-care-15ml-9fbe-f.jpeg,CİLT BAKIM ÜRÜNLERİ > BAKIM YAĞI > ,DARPHIN,TL3.119,00
Outsmart Blemish Clarifying Treatment 50 ML,Hassasiyet ve kuruluğa neden olmadan 1 haftada sivilce ve siyah nokta görünümünü azaltır, cildin sebum dengesini sağlar.,https://static.ticimax.cloud/cdn-cgi/image/width=76,quality=85/53520/uploads/urunresimleri/buyuk/outsmart-blemish-clarifying-treatment--086-f0.jpeg,CİLT BAKIM ÜRÜNLERİ > SERUM > ,MURAD,TL4.025,00
Over Night Peeling - 50 ml,Erkeğin sert cildi için derinlemesine temizleme ürünü. Fazla kornifikasyonu ve sebum birikintilerini gevşetir.,https://static.ticimax.cloud/cdn-cgi/image/width=76,quality=85/53520/uploads/urunresimleri/buyuk/over-night-peeling-50-ml-6d7e7f.jpeg,CİLT BAKIM ÜRÜNLERİ > PEELING > ,MBR,TL5.592,00
Overnight Bright Sleeping Cream 50 ML,Mat görünen ciltleri uyurken canlandırmaya, daha aydınlık daha duru bir görünüme kavuşturmaya yardımcı olur. A, B3, C ve E Vitamini içeren, Saf Kutup Kaynak Suyu ve Hyaluronik Asitle güçlenen yağsız %91 doğal formülü ile tüm cilt tiplerinin kullanımına uygundur.,https://static.ticimax.cloud/cdn-cgi/image/width=76,quality=85/53520/uploads/urunresimleri/buyuk/overnight-bright-sleeping-cream-50-ml-98-3f3.jpeg,CİLT BAKIM ÜRÜNLERİ > KREM > ,LUMENE,TL1.160,00
Overnight Refiner - 50 ml,Meyve ve glikolik asit bazlı derin etkili cilt arındırıcı jel, hassas ve tahrişe meyilli ciltlerde bile dikkate değer ölçüde eşit bir doku sağlar.,https://static.ticimax.cloud/cdn-cgi/image/width=76,quality=85/53520/uploads/urunresimleri/buyuk/overnight-refiner-50-ml-b0013e.jpeg,CİLT BAKIM ÜRÜNLERİ > JEL > ,MBR,TL5.643,00
Oxygen Recovery 72h Hydra Gel Mask 150 ML,72 saate varan uzun süreli nem desteği ile susuz kalmış ciltleri anında canlandırmayı, tazelemeyi, sağlıklı ve dolgun bir görünüme kavuşturmayı destekler. Saf Kutup Kaynak Suyu ve Organik Huş Ağacı Özünün yanı sıra Kutup Kızılcığı, Kekreyemiş Özleri ve ciltte oksijen desteğine yardımcı mineraller içeren %95 doğal formülü ve ferahlatan jel yapısı ile tüm cilt tiplerinin kullanımına uygundur.,https://static.ticimax.cloud/cdn-cgi/image/width=76,quality=85/53520/uploads/urunresimleri/buyuk/oxygen-recovery-72h-hydra-gel-mask-150-f8b8-4.jpeg,CİLT BAKIM ÜRÜNLERİ > MASKE > ,LUMENE,TL930,00
Oxygenic Gel Pack & Essence Powder 10 Pack.,Bu profesyonel jel maske, cildi oksidatif strese karşı korumak ve hücresel solunumu arttırmak için özel olarak formüle edilmiştir. Maske, koyu lekelerin oluşmasını önler ve mevcut lekelerin rengini açmasını destekler. Ayrıca kan dolaşımını iyileştirir ve yüzün hatlarını şekillendirir. Bu ürün, erken yaşlanma belirtileri olan her cilt tipi için uygundur.,https://static.ticimax.cloud/cdn-cgi/image/width=76,quality=85/53520/uploads/urunresimleri/buyuk/oxygenic-gel-pack-essence-powder-10-pa-f3-c69.jpeg,CİLT BAKIM ÜRÜNLERİ > MASKE > ,FORLLED,
Pearly White Perfection Serum 30 ML,Bu serum tüm ciltere uygun olan, donuk ve yorgun görünümü etkili bir şekilde azaltırken cildi aydınlatır. Botanik bileşen kompleksi sayesinde cildi nemlendirir ve yaşlanma belirtilerini yumuşatır. Anında parlak ve aydın bir cilt.,https://static.ticimax.cloud/cdn-cgi/image/width=76,quality=85/53520/uploads/urunresimleri/buyuk/pearly-white-perfection-serum-30-ml-54-b07.jpeg,CİLT BAKIM ÜRÜNLERİ > SERUM > ,BELLEFONTAINE S.,
Peptide Gel Mask (1 Adet),Hidrojel formunda cildi onarmaya yardımcı peptit içerikli maskedir. Kırışıkların önlenmesine, cildin nemlenmesine destek olur. Çözünür hidrojel sistemi; sıcaklık arttıkça fiziksel jel yapısı daha da salınır.,https://static.ticimax.cloud/cdn-cgi/image/width=76,quality=85/53520/uploads/urunresimleri/buyuk/peptide-gel-mask-1-ad.-8a3dd8.jpeg,CİLT BAKIM ÜRÜNLERİ > MASKE > ,GENOSYS,
Perfect Lip-ID - 7,5 ml,Yenileyici, nemlendirici ve yoğun bakım sağlayan, hoş bir taze etkiye sahip dudak balsamı.,https://static.ticimax.cloud/cdn-cgi/image/width=76,quality=85/53520/uploads/urunresimleri/buyuk/perfect-lip-id-75-ml--c44a-.jpeg,CİLT BAKIM ÜRÜNLERİ > DUDAK BAKIMI > ,MBR,TL4.481,00
Perfect Liquid Mask 1 x 20 ml,Çok zorlu cildin karmaşık bakım ihtiyaçlarını hızlı, kolay ve verimli bir şekilde karşılayan olağanüstü, yenilikçi bir sıvı maske.,https://static.ticimax.cloud/cdn-cgi/image/width=76,quality=85/53520/uploads/urunresimleri/buyuk/perfect-liquid-mask-1-x-20-ml-0e5d7b.jpeg,CİLT BAKIM ÜRÜNLERİ > MASKE > ,MBR,TL1.359,00
Perfect Liquid Mask 8 x 20 ml,Çok zorlu cildin karmaşık bakım ihtiyaçlarını hızlı, kolay ve verimli bir şekilde karşılayan olağanüstü, yenilikçi bir sıvı maske.,https://static.ticimax.cloud/cdn-cgi/image/width=76,quality=85/53520/uploads/urunresimleri/buyuk/perfect-liquid-mask-8-x-20-ml-a-1d68.jpeg,CİLT BAKIM ÜRÜNLERİ > MASKE > ,MBR,TL9.510,00
Perfect Liquid Mask - 6xBlister, 1x30 ml,Çok zorlu cildin karmaşık bakım ihtiyaçlarını hızlı, kolay ve verimli bir şekilde karşılayan olağanüstü, yenilikçi bir sıvı maske.,https://static.ticimax.cloud/cdn-cgi/image/width=76,quality=85/53520/uploads/urunresimleri/buyuk/perfect-liquid-mask-6xblister-1x30-ml-2-4324.jpeg,CİLT BAKIM ÜRÜNLERİ > MASKE > ,MBR,TL11.601,00
Perfect Shape Serum 200 ML,https://static.ticimax.cloud/cdn-cgi/image/width=76,quality=85/53520/uploads/urunresimleri/buyuk/perfect-shape-serum-200-ml-d9d4f8.jpeg,CİLT BAKIM ÜRÜNLERİ > SERUM > ,
PerfecTint Powder SPF 40 Beige (brush with 2 qty 3.5 g e 0.12 oz. powder cartridges) 3,5 GR,PerfectTint Powder SPF 40, ciltte kusursuz bir yüzey oluşturmak için gözeneklerin görünümünü en aza indirirken ve yüzey yağını emerken, cildin yaşlanma belirtilerine karşı korunmasına yardımcı olmak için ipeksi pürüzsüz geniş spektrumlu kapsama alanı sağlayan toz pudradır.,https://static.ticimax.cloud/cdn-cgi/image/width=76,quality=85/53520/uploads/urunresimleri/buyuk/perfectint-powder-spf-40-beige-brush-w-2f908f.jpeg,CİLT BAKIM ÜRÜNLERİ > GÜNEŞ KORUMA > ,IS CLINICAL,TL3.300,00
PerfecTint Powder SPF 40 Bronze (brush with 2 qty 3.5 g e 0.12 oz. powder cartridges) 3,5 GR,PerfectTint Powder SPF 40, ciltte kusursuz bir yüzey oluşturmak için gözeneklerin görünümünü en aza indirirken ve yüzey yağını emerken, cildin yaşlanma belirtilerine karşı korunmasına yardımcı olmak için ipeksi pürüzsüz geniş spektrumlu kapsama alanı sağlayan toz pudradır.,https://static.ticimax.cloud/cdn-cgi/image/width=76,quality=85/53520/uploads/urunresimleri/buyuk/perfectint-powder-spf-40-bronze-brush--9f3286.jpeg,CİLT BAKIM ÜRÜNLERİ > GÜNEŞ KORUMA > ,IS CLINICAL,TL3.300,00
PerfecTint Powder SPF 40 Cream (brush with 2 qty 3.5 g e 0.12 oz. powder cartridges) 3,5 GR,PerfectTint Powder SPF 40, ciltte kusursuz bir yüzey oluşturmak için gözeneklerin görünümünü en aza indirirken ve yüzey yağını emerken, cildin yaşlanma belirtilerine karşı korunmasına yardımcı olmak için ipeksi pürüzsüz geniş spektrumlu kapsama alanı sağlayan toz pudradır.,https://static.ticimax.cloud/cdn-cgi/image/width=76,quality=85/53520/uploads/urunresimleri/buyuk/perfectint-powder-spf-40-cream-brush-w-ec-b29.jpeg,CİLT BAKIM ÜRÜNLERİ > GÜNEŞ KORUMA > ,IS CLINICAL,TL3.300,00
PerfecTint Powder SPF 40 Ivory (brush with 2 qty 3.5 g e 0.12 oz. powder cartridges) 3,5 GR,PerfectTint Powder SPF 40, ciltte kusursuz bir yüzey oluşturmak için gözeneklerin görünümünü en aza indirirken ve yüzey yağını emerken, cildin yaşlanma belirtilerine karşı korunmasına yardımcı olmak için ipeksi pürüzsüz geniş spektrumlu kapsama alanı sağlayan toz pudradır.,https://static.ticimax.cloud/cdn-cgi/image/width=76,quality=85/53520/uploads/urunresimleri/buyuk/perfectint-powder-spf-40-ivory-brush-w-99-4c8.jpeg,CİLT BAKIM ÜRÜNLERİ > GÜNEŞ KORUMA > ,IS CLINICAL,TL3.300,00
PERFORMING MOISTURE CREAM 50 ML,Bu krem, özellikle hassas ciltler için önerilen, özel nemlendirme özelliklerine sahip aktif bileşenler içerir. Tahriş olmuş ve gerilmiş cildi rahatlatır ve yatıştırır, ışıltı verir.,https://static.ticimax.cloud/cdn-cgi/image/width=76,quality=85/53520/uploads/urunresimleri/buyuk/performing-moisture-cream-50-ml--bc28b.jpeg,CİLT BAKIM ÜRÜNLERİ > KREM > ,MARGY'S,TL5.550,00
PERFORMING RECOVERY COMPLEX 30 ML,Cildi nemlendirerek ve pürüzsüzleştirerek parlaklığı anında güçlendirir, cildi taze ve parlak bırakır. Cilde ışıltılı bir görünüm için gerekli besinleri sağlar.,https://static.ticimax.cloud/cdn-cgi/image/width=76,quality=85/53520/uploads/urunresimleri/buyuk/performing-recovery-complex-30-ml--d60a9.jpeg,CİLT BAKIM ÜRÜNLERİ > SERUM > ,MARGY'S,TL5.900,00
PhFormula Crystal Eyes,Crystal Eyes, kırışıklıkları yumuşatan, nem veren ve gece boyunca sonuç veren gelişmiş kırışıklık karşıtı teknoloji ile tasarlanmıştır. Seçilen pHformula Eye Recovery / Serumlar ile birlikte uygulanması tavsiye edilir. 12 saat sinerjik etki mekanizması vardır. Gece yenilenmesini destekler. Yorgun görünümü hafifletir ve cildi nemlendir. Kırışıklık görünümünü yumuşatmaya, sarkan cilt görünümü sıkı bir görünüme kavuşturur. Göz altı torbaları ve koyu halkaların görünümünü azaltır, cilt onarım süreçlerini destekler, cilt tonunu aydınlatır.,https://static.ticimax.cloud/cdn-cgi/image/width=76,quality=85/53520/uploads/urunresimleri/buyuk/ph-formula-crystal-eyes-1c-a52.jpeg,CİLT BAKIM ÜRÜNLERİ > KREM > ,PH FORMULA,
Phloretin 30 ML + HA Intensifier 15 ML (Kadife Çanta Hediyeli),Yaşlanma Karşıtı Bakım Rutini,https://static.ticimax.cloud/cdn-cgi/image/width=76,quality=85/53520/uploads/urunresimleri/buyuk/phloretin-30-ml-ha-intensifier-15-ml-k-261e9a.jpg,CİLT BAKIM ÜRÜNLERİ > SET > ,SKINCEUTICALS,TL7.550,00
Phloretin 30 ML + Resveratrol 15 ML (El Yapımı Çanta Hediyeli),SkinCeuticals olarak, bilimde ve yaşamda sürdürülebilirliği destekliyoruz.,https://static.ticimax.cloud/cdn-cgi/image/width=76,quality=85/53520/uploads/urunresimleri/buyuk/phloretin-30-ml-resveratrol-15-ml-el-y-1ae-4a.jpeg,CİLT BAKIM ÜRÜNLERİ > SET > ,SKINCEUTICALS,TL7.550,00
PHOTO REGUL 50 ML,Cildi güneşin zararlarından korurken yararlı etkilerinden faydalanmayı sağlayarak eşit dağılımlı güzel bir bronzluğa kavuşmaya yardımcı olur. Lekelerin zamanla görünürlüğünün azalmasına ve renk eşitsizliklerinin dengelenmesine destek olur. Akışkan dokudadır.,https://static.ticimax.cloud/cdn-cgi/image/width=76,quality=85/53520/uploads/urunresimleri/buyuk/photo-regul-50-ml-c02f62.jpeg,CİLT BAKIM ÜRÜNLERİ > GÜNEŞ KORUMA > ,ESTHEDERM,TL1.579,00
PHOTO REVERSE 50 ML,Hiperpigmentasyon sorunlu ciltler için leke oluşumunu azaltmaya ve önlemeye yardımcı olur. Yüksek güneş koruması içerir.,https://static.ticimax.cloud/cdn-cgi/image/width=76,quality=85/53520/uploads/urunresimleri/buyuk/photo-reverse-50-ml-8cf50-.jpeg,CİLT BAKIM ÜRÜNLERİ > GÜNEŞ KORUMA > ,ESTHEDERM,TL1.649,00
PHOTO REVERSE CREAM IN STICK 10 GR,Güneş altında dahi cildinizi koyu leke ve renk eşitsizliklerine karşı korumaya ve koyu lekelerin oluşumunu en aza indirmeye yardımcı olur. Foto yaşlanmaya karşı cildi korumaya destek olur. Daha eşit tonlu, aydınlık ve nemli bir cilt görünümüne sahip olmanıza yardımcı olur. Stick formu sayesinde kolay taşınabilir özelliğe sahiptir. Şeffaf forma sahiptir.,https://static.ticimax.cloud/cdn-cgi/image/width=76,quality=85/53520/uploads/urunresimleri/buyuk/photo-reverse-cream-in-stick-10-gr-9e-868.jpeg,CİLT BAKIM ÜRÜNLERİ > GÜNEŞ KORUMA > ,ESTHEDERM,TL1.869,00
PHYTIC (TC) SERUM 30 ML,Stres, UV ışınları ve kirlilik nedeniyle ortaya erken yaşlanma belirtilerinde; ilk oluşan kırışıklıklar, ince çizgiler, kahverengi lekeler oluşumu gibi problemleri ciltlerde kullanılır, Akne eğilimli ciltler için anti-aging bakım sağlar. Tüm cilt tipleri için uygundur. Özellikle kentsel bölgelerde, oksidatif stres altındaki ciltler için idealdir. Ciltteki sebumu dengelediği için akne ve yağlı ciltlerde etkilidir. Sebum az üretiliyorsa normal seviyelere yükseltir, sebum fazla üretiliyorsa normal seviyelere indirmeyi sağlar.,https://static.ticimax.cloud/cdn-cgi/image/width=76,quality=85/53520/uploads/urunresimleri/buyuk/phytic-tc-serum-30-ml-b5592-.jpeg,CİLT BAKIM ÜRÜNLERİ > SERUM > ,ALPHASCIENCE,TL2.000,00
PHYTIC (TC) SERUM 8 ML,Stres, UV ışınları ve kirlilik nedeniyle ortaya erken yaşlanma belirtilerinde; ilk oluşan kırışıklıklar, ince çizgiler, kahverengi lekeler oluşumu gibi problemleri ciltlerde kullanılır, Akne eğilimli ciltler için anti-aging bakım sağlar. Tüm cilt tipleri için uygundur. Özellikle kentsel bölgelerde, oksidatif stres altındaki ciltler için idealdir. Ciltteki sebumu dengelediği için akne ve yağlı ciltlerde etkilidir. Sebum az üretiliyorsa normal seviyelere yükseltir, sebum fazla üretiliyorsa normal seviyelere indirmeyi sağlar.,https://static.ticimax.cloud/cdn-cgi/image/width=76,quality=85/53520/uploads/urunresimleri/buyuk/phytic-tc-serum-8-ml-d-a546.jpeg,CİLT BAKIM ÜRÜNLERİ > SERUM > ,ALPHASCIENCE,TL650,00
Phyto Corrective Masque 60 ML,Phyto Corrective Maske, hyalüronik asit, yatıştırıcı dipepeptite sahip bitkisel özlü içeriği ile cilt hassasiyetlerine karşı cildi pürüzsüzleştirir ve yeniler. Kullanıldığı anda uygulama alanını rahatlatır, hassasiyeti azaltır, cildin doğal ışıltısını ve pürüzsüzlüğünün geri kazanılmasını sağlar.,https://static.ticimax.cloud/cdn-cgi/image/width=76,quality=85/53520/uploads/urunresimleri/buyuk/phyto-corrective-masque-60-ml-8-44ee.jpeg,CİLT BAKIM ÜRÜNLERİ > MASKE > ,SKINCEUTICALS,TL3.700,00
Phyto Corrective Serum 30 ML,Phyto Correct; hyalüronik asit ve bitkisel kaynaklı içerikler ile zenginleştirilmiş bu ürün yatıştırıcı etkisi ile hassas ciltler için ideal bir nem serumudur. Ayrıca cilt tonu eşitsizliğinin görünümünü azaltmaya yardımcı olarak, cilde temiz, parlak ve ferah bir görünüm kazandırır.,https://static.ticimax.cloud/cdn-cgi/image/width=76,quality=85/53520/uploads/urunresimleri/buyuk/phyto-corrective-serum-30-ml-b56a-4.jpeg,CİLT BAKIM ÜRÜNLERİ > SERUM > ,SKINCEUTICALS,TL3.700,00
Phyto-Nature Firming Serum 40 ML,Marka,https://static.ticimax.cloud/cdn-cgi/image/width=76,quality=85/53520/uploads/urunresimleri/buyuk/phyto-nature-firming-serum-40-ml-9dc-46.jpeg,CİLT BAKIM ÜRÜNLERİ > SERUM > ,DERMALOGICA,TL7.400,00
Phyto-Nature Oxygen Cream 50 ML,Hafif yapıdaki bu likit krem nemlendirici, nemlendirici fitoaktifler ile yaşlanan cilde yeni bir nefes olur. Bu canlandırıcı günlük krem cildi sıkılaştırır, dolgunlaştırır ve nemlendirir. İçerdiği Kurtbağrı Tohumundan elde edilen bitkisel özler ile birlikte Glikojen ve Latin Çiçeği, cildin üst tabakalarını nemlendirip cildin nefes almasına yardımcı olur, cilt yüzeyinin daha pürüzsüz ve canlı görünmesini sağlar. Ürünün bu etkileri 1 hafta gibi kısa bir zaman içinde fark edilmeye başlanır.,https://static.ticimax.cloud/cdn-cgi/image/width=76,quality=85/53520/uploads/urunresimleri/buyuk/phyto-nature-oxygen-cream-50-ml--e1f9d.jpg,CİLT BAKIM ÜRÜNLERİ > KREM > ,DERMALOGICA,TL6.540,00
PI.Gene Blue Sun UV Cool Essence SPF50+ 40 ML,Zengin formülü ve yüksek UV koruma derecesine sahip olan bu güneş koruyucu krem, güneşin cilt üzerindeki istenmeyen tüm etkilerinden cildi korur. Niacinamide, madecassic asit, 6 farklı boyutlu hyaluronik asit ve düşük moleküler ağırlıklı peptid kompleksleriyle cildi güneşten korur, cilt tonunu düzenler, nemlendirir ve yatışmasını sağlar.,https://static.ticimax.cloud/cdn-cgi/image/width=76,quality=85/53520/uploads/urunresimleri/buyuk/blue-sun-uv-cool-essence-spf50pa-40-ml-f-f7df.jpeg,CİLT BAKIM ÜRÜNLERİ > GÜNEŞ KORUMA > ,PI GENE,TL975,00
PI.Gene Bright O2 Bubble Clean Shaper 100 ML,Kendiliğinden köpürme özelliğine sahip olan PI.Gene Jel Temizleyici, cildinizin daha fazla oksijen alarak derinlemesine temizlenmesi için tasarlandı. Gözenekler arasına sıkışmış kirleri ve fazla sebumu ciltten temizlerken, cildi aydınlık ve nemli bir biçimde bırakır.,https://static.ticimax.cloud/cdn-cgi/image/width=76,quality=85/53520/uploads/urunresimleri/buyuk/pi.gene-bright-o2-bubble-clean-shaper--a091a-.jpeg,CİLT BAKIM ÜRÜNLERİ > TEMİZLEME > ,PI GENE,TL1.500,00
PI.Gene Complete Clear Foaming Cleanser 200 ML,Hem yağda hem de suda çözülebilen kirleri tek seferde çıkartabilen PI.Gene Complete Clear Foaming Cleanser, cildin temizlenme safhasından sonra dengede ve nemli kalmasını sağlar.,https://static.ticimax.cloud/cdn-cgi/image/width=76,quality=85/53520/uploads/urunresimleri/buyuk/pi.gene-complete-clear-foaming-cleanse-056-9f.jpeg,CİLT BAKIM ÜRÜNLERİ > KÖPÜK > ,PI GENE,TL890,00
PI.Gene PHA Peeling Powder Wash 45 ML,PI.Gene'nin sunduğu bu oldukça pratik temizleme ürünü, ölü katmanın ciltten kaldırılmasına ve cilt üzerinde oluşan pürüzlerin giderilmesine yardımcı olur. 1,5 gramlık 30 adet keseden oluşan PI. Gene PHA Powder Wash, kolay taşınabilir formuyla da her yerde sizinle.,https://static.ticimax.cloud/cdn-cgi/image/width=76,quality=85/53520/uploads/urunresimleri/buyuk/pi.gene-pha-peeling-powder-wash-45-ml-4e28-b.jpeg,CİLT BAKIM ÜRÜNLERİ > TEMİZLEME > ,PI GENE,TL1.350,00
Pigment Normalizing Gel Serum - 30 ml,Yüksek dozajlı beyazlatma konsantresi. Beta-White yenilikçi beyazlatma - Peptidi. Rengin fark edilir şekilde açılması. Ciltteki pigment yapısını azaltır. Cildin sonradan koyulaşmasını önler. Cildin pigment oluşumunu bloke eder. Vitamin E ile nemi bağlar ve serbest radikallere karşı cildi korur.,https://static.ticimax.cloud/cdn-cgi/image/width=76,quality=85/53520/uploads/urunresimleri/buyuk/pigment-normalizing-gel-serum-30-ml-d05e-4.jpeg,CİLT BAKIM ÜRÜNLERİ > SERUM > ,MSB,TL7.855,00
Pigment Normalizing Gel Serum - 50 ml,Yüksek dozajlı beyazlatma konsantresi. Beta-White yenilikçi beyazlatma - Peptidi. Rengin fark edilir şekilde açılması. Ciltteki pigment yapısını azaltır. Cildin sonradan koyulaşmasını önler. Cildin pigment oluşumunu bloke eder. Vitamin E ile nemi bağlar ve serbest radikallere karşı cildi korur.,https://static.ticimax.cloud/cdn-cgi/image/width=76,quality=85/53520/uploads/urunresimleri/buyuk/pigment-normalizing-gel-serum-50-ml-e4488-.jpeg,CİLT BAKIM ÜRÜNLERİ > SERUM > ,MSB,TL12.508,00
PINCEAU POUR SERUM DE TEINT (Yuz Fircasi),Cilt bakım rutininizi kolaylaştırmak için Biologique Recherche onaylı yüz fırçası.,https://static.ticimax.cloud/cdn-cgi/image/width=76,quality=85/53520/uploads/urunresimleri/buyuk/pinceau-pour-serum-de-teint-yuz-fircas-dd-4ec.jpeg,CİLT BAKIM ÜRÜNLERİ > DİĞER > ,BIOLOGIQUE R.,
Pink Magic Serum 45 ML,Güçlü lifting etkili konsantre serum. Bitkisel kaynaklı hafif dokusu olan krem, gelişmiş biyoteknoloji sayesinde, cildin nemlendirilmesine destek olurken aynı zamanda cildin daha canlı ve parlak görünmesine yardımcı olur.,https://static.ticimax.cloud/cdn-cgi/image/width=76,quality=85/53520/uploads/urunresimleri/buyuk/pink-magic-serum-45-ml-9-b283.jpeg,CİLT BAKIM ÜRÜNLERİ > SERUM > ,THERADERM,
Piontech Volume Tox Original Peptide Essence 100 ML,İçeriğindeki Peptid Complex sayesinde yaşlanma belirtilerine karşı cildin güçlü bir savunma oluşturmasını destekleyen Piontech Peptide Essence, ince çizgilerin önlenmesi ve derin kırışıklık görünümlerinin azaltılmasını hedefler,https://static.ticimax.cloud/cdn-cgi/image/width=76,quality=85/53520/uploads/urunresimleri/buyuk/piontech-volume-tox-original-peptide-e--df25-.jpeg,CİLT BAKIM ÜRÜNLERİ > SERUM > ,PI GENE,TL3.650,00
PLATYSMA MASQUE 14 ML,Platysma, benzersiz şekli ve çene altındaki alana göre uyarlanmış esnek dokusu ile yerçekimi önleyici ve pitoz önleyici maskenin faydalarını tek adımda birleştirir. Desteğin sıkılaştırıcı aktif maddelerle birleşen mekanik etkisi yüz masajına benzer ve cildi sıkılaştırır. Yüz hacimleri daha uyumlu ve yüz hatları ortaya çıkar.,https://static.ticimax.cloud/cdn-cgi/image/width=76,quality=85/53520/uploads/urunresimleri/buyuk/platysma-masque-14-ml-63-9d0.jpeg,CİLT BAKIM ÜRÜNLERİ > MASKE > ,BIOLOGIQUE R.,
Point Age Reverse 20 ML,Peptit içerikli anti-aging krem. Cildin yaşlanmaya karşı görünür bulguları önlemeye yardımcı olan ve cildin sıkılığını ve elastikiyetini artıran bir peptit ve botanik bileşen içeren bir kokteylden faydalanılır. Antioksidanların bileşimi, yaşlanmanın ve güneş hasarının görünümünü önlemeye yardımcı olur.,https://static.ticimax.cloud/cdn-cgi/image/width=76,quality=85/53520/uploads/urunresimleri/buyuk/point-age-reverse-20-ml-8-84fb.jpeg,CİLT BAKIM ÜRÜNLERİ > KREM > ,PH FORMULA,
Point Age Reverse 50 ML,Peptit içerikli anti-aging krem. Cildin yaşlanmaya karşı görünür bulguları önlemeye yardımcı olan ve cildin sıkılığını ve elastikiyetini artıran bir peptit ve botanik bileşen içeren bir kokteylden faydalanılır. Antioksidanların bileşimi, yaşlanmanın ve güneş hasarının görünümünü önlemeye yardımcı olur.,https://static.ticimax.cloud/cdn-cgi/image/width=76,quality=85/53520/uploads/urunresimleri/buyuk/point-age-reverse-50-ml--9846-.jpeg,CİLT BAKIM ÜRÜNLERİ > KREM > ,PH FORMULA,
Point Extra Firm 20 ML,Peptit içerikli güçlü sıkılaştırıcı krem. Cilt yapısının sıkılaşmasına yardımcı olur. Cildin daha sıkı ve sağlıklı görünmesini destekler. İnce çizgilerin ve kırışıklıkların görünümünü önlemeye yardımcı olur,https://static.ticimax.cloud/cdn-cgi/image/width=76,quality=85/53520/uploads/urunresimleri/buyuk/point-extra-firm-20-ml-ab0f-2.jpeg,CİLT BAKIM ÜRÜNLERİ > KREM > ,PH FORMULA,
Point Extra Firm 50 ML,Peptit içerikli güçlü sıkılaştırıcı krem. Cilt yapısının sıkılaşmasına yardımcı olur. Cildin daha sıkı ve sağlıklı görünmesini destekler. İnce çizgilerin ve kırışıklıkların görünümünü önlemeye yardımcı olur,https://static.ticimax.cloud/cdn-cgi/image/width=76,quality=85/53520/uploads/urunresimleri/buyuk/point-extra-firm-50-ml-d36-a1.jpeg,CİLT BAKIM ÜRÜNLERİ > KREM > ,PH FORMULA,
Point Multi Protect 20 ML,Peptit içerikli güçlü koruyucu krem. Güneşten korumaya sahip olan Point Multi Protect Cream, yaşlanma karşıtı etki ile cildi nemlendirip besleye yardımcıdır. Cildinizi onarır, nemlendir ve korur.,https://static.ticimax.cloud/cdn-cgi/image/width=76,quality=85/53520/uploads/urunresimleri/buyuk/point-multi-protect-20-ml-c1-921.jpeg,CİLT BAKIM ÜRÜNLERİ > KREM > ,PH FORMULA,
Point Multi Protect 50 ML,Peptit içerikli güçlü koruyucu krem. Güneşten korumaya sahip olan Point Multi Protect Cream, yaşlanma karşıtı etki ile cildi nemlendirip besleye yardımcıdır. Cildinizi onarır, nemlendir ve korur.,https://static.ticimax.cloud/cdn-cgi/image/width=76,quality=85/53520/uploads/urunresimleri/buyuk/point-multi-protect-50-ml--bf3f-.jpeg,CİLT BAKIM ÜRÜNLERİ > KREM > ,PH FORMULA,
Poly-Vitamin Serum 15 ML,Poly-Vitamin Serum, yaşlanan ve hasarlı cildin daha sağlıklı, daha canlı bir görünümüne sahip olabilmesi için tüm cilt tipleri için yoğun ve canlandırıcı formüllü serumdur.,https://static.ticimax.cloud/cdn-cgi/image/width=76,quality=85/53520/uploads/urunresimleri/buyuk/poly-vitamin-serum-15-ml--ab07-.jpeg,CİLT BAKIM ÜRÜNLERİ > SERUM > ,IS CLINICAL,TL3.058,00
Poly-Vitamin Serum 30 ML,Poly-Vitamin Serum, yaşlanan ve hasarlı cildin daha sağlıklı, daha canlı bir görünümüne sahip olabilmesi için tüm cilt tipleri için yoğun ve canlandırıcı formüllü serumdur.,https://static.ticimax.cloud/cdn-cgi/image/width=76,quality=85/53520/uploads/urunresimleri/buyuk/poly-vitamin-serum-30-ml-783-48.jpeg,CİLT BAKIM ÜRÜNLERİ > SERUM > ,IS CLINICAL,TL4.875,00
Porescreen SPF40+ 30 ML,Çok amaçlı bu güneş koruyucu SPF40 koruması ile gözeneklerin belirgin görünümünü azaltırken, cildi pürüzsüzleştirici makyaj bazı benzeri bir etki ve hafif bir renk tonu ile cildin daha parlak ve ışıltılı görünmesini sağlar.,https://static.ticimax.cloud/cdn-cgi/image/width=76,quality=85/53520/uploads/urunresimleri/buyuk/porescreen-spf40-30-ml-f6-a69.jpeg,CİLT BAKIM ÜRÜNLERİ > GÜNEŞ KORUMA > ,DERMALOGICA,TL2.760,00
Post Recovery Cream 100 ML,Nemlendirmeye ve yenilemeye yardımcı bakım kremi. Büyük bir özenle cildin hassasiyetini hidrate ederek, cilt yenileme bakım işlemlerinden sonra kullanılır.,https://static.ticimax.cloud/cdn-cgi/image/width=76,quality=85/53520/uploads/urunresimleri/buyuk/post-recovery-cream-100-ml-f44882.jpeg,CİLT BAKIM ÜRÜNLERİ > KREM > ,PH FORMULA,
Post Recovery Cream 50 ML,Nemlendirmeye ve yenilemeye yardımcı bakım kremi. Büyük bir özenle cildin hassasiyetini hidrate ederek, cilt yenileme bakım işlemlerinden sonra kullanılır.,https://static.ticimax.cloud/cdn-cgi/image/width=76,quality=85/53520/uploads/urunresimleri/buyuk/post-recovery-cream-50-ml-a8a15-.jpeg,CİLT BAKIM ÜRÜNLERİ > KREM > ,PH FORMULA,
POST Recovery Plus 50ML,Cildinizi yenilemeye yardımcı, zengin içerikli, cildinizin savunmasını güçlendiren bakım kremi. Cilt bariyerini güçlendiren probiyotik lizatları barındırır.,https://static.ticimax.cloud/cdn-cgi/image/width=76,quality=85/53520/uploads/urunresimleri/buyuk/post-recovery-plus-50ml--44a4-.jpeg,CİLT BAKIM ÜRÜNLERİ > KREM > ,PH FORMULA,
POST-PROCEDURE SPA RETAIL SET,3 x Regenerating Mask Treatment, 1 x Restoring Perfection SPF50 15 ml, 1 x Regenera II 15 ml,1 x Moisturizing Booster 10 ml,https://static.ticimax.cloud/cdn-cgi/image/width=76,quality=85/53520/uploads/urunresimleri/buyuk/post-procedure-spa-retail-set-d64-0d.jpeg,CİLT BAKIM ÜRÜNLERİ > SET > ,VALMONT,TL13.000,00
Potent Retinol Complex Serum 30 ML,Saf Retinol 0.3%,https://static.ticimax.cloud/cdn-cgi/image/width=76,quality=85/53520/uploads/urunresimleri/buyuk/potent-retinol-complex-serum-30-ml--42e9-.jpeg,CİLT BAKIM ÜRÜNLERİ > SERUM > ,NEOSTRATA,TL5.110,00
Powerbright Dark Spot Serum 30 ML,Koyu renk lekelerin görünümünü günler içinde azaltmaya başlayın: bu gelişmiş serum, düzensiz pigmentasyon görünümünü hızla azaltmaya başlar ve zamanla cilt tonunu eşitlemek için çalışmaya devam eder. Light-diffusing teknoloji, tek bir uygulamadan sonra bile düzensiz pigmentasyon görünümünü dengelemeye başlar ve zamanla koyu renk lekelerin azalmasına yardımcı olmak için güçlü Niyasinamid ve Hekzilrezorsinol ile çalışmaya devam eder. Beta Glukanlar açısından zengin ve güçlü bir içerik olan Shiitake Mantarı, cildi aydınlatırken, adaptojenik Ashwagandha cildi pürüzsüzleştirir ve antioksidan faydalar sağlar. Siyah Frenk Üzümü Yağı ve Şakayık Çiçeği cildin doğal parlaklığını ve ışıltısını artırmaya yardımcı olur. Cildi koruyucu aktif maddeler, hava kirliliği ile tetiklenen koyu renk lekelere karşı cildi korumaya yardımcı olur,https://static.ticimax.cloud/cdn-cgi/image/width=76,quality=85/53520/uploads/urunresimleri/buyuk/powerbright-dark-spot-serum-30-ml-af06e9.jpeg,CİLT BAKIM ÜRÜNLERİ > SERUM > ,DERMALOGICA,TL5.200,00
Powerbright Moisturizer SPF50+ 50 ML,SPF içeren bu günlük nemlendirici, koyu renk lekelere karşı cildi korumaya yardımcı olur. SPF 50 ve cildi nemlendirici Yalancı Safran Yağı içeren bu nemlendirici, içerdiği Kahverengi Yosun ile hava kirliliğinin neden olduğu oksidatif stresle savaşmaya yardımcı olur. Niyasinamid, düzensiz pigmentasyon görünümünü azaltmaya ve cilt tonunu dengelemeye yardımcıdır. Ultra nemlendirici Hyaluronik Asit, bitki bazlı bir polisakkarit ile çalışarak cildin nem bariyerini güçlendirmeye ve ince çizgilerin görünümünü azaltmaya yardımcı olur Meyan Kökü Özü ve Bisabolol cildi rahatlatmaya yardımcıdır.,https://static.ticimax.cloud/cdn-cgi/image/width=76,quality=85/53520/uploads/urunresimleri/buyuk/powerbright-moisturizer-spf50-50-ml-6-439f.jpg,CİLT BAKIM ÜRÜNLERİ > GÜNEŞ KORUMA > ,DERMALOGICA,TL3.700,00
Powerbright Overnight Cream 50 ML,Siz uyurken düzensiz cilt tonuna bakım yapar: Bu besleyici gece kremi, cildin nemini geri kazanmasını sağlar ve cildin ışıltısını ve parlaklığını yeniden yapılandırmaya yardımcı olur. Niyasinamid ve Hekzilrezorsinol, C Vitamini ile birlikte koyu renk lekelerin görünümünün azalmasına yardımcı olur. Balkabağı Enzimi cilt dokusunu pürüzsüzleştirir ve cildi yumuşatır. Antioksidan bakımından zengin Yaban Mersini ve Ahududu Tohumu yağları, cildi hava kirliliğinden kaynaklanan serbest radikallerin zararlı etkilerine karşı korumaya yardımcı olur ve cilde esansiyel yağ asitlerini sağlayarak cildi nemlendirir ve ince çizgilerin görünümünü azaltmaya yardımcı olur. Meyankökü Özü cildi rahatlatmaya yardımcı olur.,https://static.ticimax.cloud/cdn-cgi/image/width=76,quality=85/53520/uploads/urunresimleri/buyuk/powerbright-overnight-cream-50-ml-004-97.jpg,CİLT BAKIM ÜRÜNLERİ > KREM > ,DERMALOGICA,TL4.300,00
Precleanse 150 ML,Derin temizleme sağlayan yağ, makyajı ve birikimleri ciltten temizler. Daha temiz ve sağlıklı görünen bir cilt için Çift Temizleme rutinine PreCleanse ile ulaşın. Aşırı sebumu (yağ), güneş koruyucularını, suya dayanıklı makyajı, çevresel kirleri ve gün içinde ciltte biriken ürün kalıntılarının cilt yüzeyinden atılmasını sağlar. Yağlı cilt durumları için uygundur.,https://static.ticimax.cloud/cdn-cgi/image/width=76,quality=85/53520/uploads/urunresimleri/buyuk/precleanse-150-ml-1f06-5.jpeg,CİLT BAKIM ÜRÜNLERİ > TEMİZLEME > ,DERMALOGICA,TL2.160,00
PreCleanse 30 ML,Derin temizleme sağlayan yağ, makyajı ve birikimleri ciltten temizler. Daha temiz ve sağlıklı görünen bir cilt için Çift Temizleme rutinine PreCleanse ile ulaşın. Aşırı sebumu (yağ), güneş koruyucularını, suya dayanıklı makyajı, çevresel kirleri ve gün içinde ciltte biriken ürün kalıntılarının cilt yüzeyinden atılmasını sağlar. Yağlı cilt durumları için uygundur.,https://static.ticimax.cloud/cdn-cgi/image/width=76,quality=85/53520/uploads/urunresimleri/buyuk/precleanse-30-ml--5b60-.jpeg,CİLT BAKIM ÜRÜNLERİ > TEMİZLEME > ,DERMALOGICA,TL650,00
Predermine Sculpting Night Cream 50ML,Faydaları:,https://static.ticimax.cloud/cdn-cgi/image/width=76,quality=85/53520/uploads/urunresimleri/buyuk/predermine-sculpting-night-cream-50ml-55-19e.jpeg,CİLT BAKIM ÜRÜNLERİ > KREM > ,DARPHIN,TL5.415,00
Predermine Wrinkle Repair Serum 30ML,Faydaları:,https://static.ticimax.cloud/cdn-cgi/image/width=76,quality=85/53520/uploads/urunresimleri/buyuk/predermine-wrinkle-repair-serum-30ml-f-5cd0.jpeg,CİLT BAKIM ÜRÜNLERİ > SERUM > ,DARPHIN,TL5.999,00
PREPARATION U.V. 50 ml,Préparation U.V. doğal bronzlaşma sürecini desteklemek ve cildinizi güneş ışığına maruz kalmaya hazır hale getirmek için bir dizi doğal ve bitkilerle tasarlanmıştır. Serbest radikallerle mücadele ederek cilt yaşlanmasını yavaşlatmaya yardımcı olur.,https://static.ticimax.cloud/cdn-cgi/image/width=76,quality=85/53520/uploads/urunresimleri/buyuk/preparation-u.v.-50-ml-b4a2-4.jpeg,CİLT BAKIM ÜRÜNLERİ > GÜNEŞ KORUMA > ,BIOLOGIQUE R.,
PRIMARY CREAM 50ML - UHT PAKET,Tüm cilt tipleri özellikle hassas ciltler için mutlaka sahip olunması gereken dengeleyici krem. Bugün cilt sağlığını koruyarak yarının güzelliğini garanti eden günlük kullanıma uygun krem. Minimal koruyucularla UHT'de formüle edilmiştir. Yatıştırıcı ve rahatlatıcı olan bu temel krem, uzun süreli güzellik için cildi güçlendirir. Yanma, gerginlik ve karıncalanmayı giderir, kızarıklığı azaltır. Cilt sağlığına ve mutluluğuna kavuşur. Traş sonrası yanmasını yatıştırırken insanın en iyi arkadaşıdır. Tüm cilt tipleri için uygundur.,https://static.ticimax.cloud/cdn-cgi/image/width=76,quality=85/53520/uploads/urunresimleri/buyuk/primary-cream-50ml-uht-paket--8cd5-.jpeg,CİLT BAKIM ÜRÜNLERİ > KREM > ,VALMONT,TL6.200,00
PRIMARY POMADE 50ML,Yatıştırır, yeniler ve onarır. Bir merhem gibi cildi anında ve yoğun bir şekilde besler. Son teknoloji sayesinde, inanılmaz derecede ince dokusu cilde hızlı bir şekilde nüfuz ederek kuru veya tahriş olmuş bölgeleri gözle görülür şekilde iyileştirir. Lipitleri yeniler, cildin koruyucu bariyer işlevini geri kazandırır ve ultra kuru cildi yumuşatır. Cilt daha pürüzsüz, daha esnek ve rahattır. Başta en kuru olanlar olmak üzere tüm cilt tipleri için uygundur.,https://static.ticimax.cloud/cdn-cgi/image/width=76,quality=85/53520/uploads/urunresimleri/buyuk/primary-pomade-50ml-10f-0d.jpeg,CİLT BAKIM ÜRÜNLERİ > KREM > ,VALMONT,TL8.700,00
PRIMARY SERUM 30ML - UHT PAKET,Yapısal veya tahrişe bağlı kızarıklıktan sıkıntı yaşayan insanlar için PRIMARY SERUM hızlı ve etkili bir çözüm sunar. Bu son derece rekonstrüktif ve rejeneratif serum mikrosirkülasyonu düzenler ve sağlıklı görünen bir tenin iyileşmesine yardımcı olur. Kızarıklık görünümü daha az görünür ve cilt daha parlak ve daha az şişkin görünür.,https://static.ticimax.cloud/cdn-cgi/image/width=76,quality=85/53520/uploads/urunresimleri/buyuk/primary-serum-30ml-uht-paket-4338-a.jpeg,CİLT BAKIM ÜRÜNLERİ > SERUM > ,VALMONT,TL6.500,00
PRIMARY SOLUTION 20ML - UHT PAKET,Kusurlar için hedefe yönelik bakım - hassas ciltler için 4 günde gözle görülür şekilde iyileşen herhangi bir cilt acil durumu için hızlı çözüm. Minimal koruyucularla UHT'de formüle edilmiştir. Cildin en iyi arkadaşı! Bu özel bakım serumu, sivilce ve pullardan minör lezyonlara kadar tüm kusurların görünümünü kontrol eder ve en aza indirir. İltihap belirtilerini yatıştırır, rahatsızlığı ve ağrıyı giderir, lekeleri hafifletir. Cilt dengesine kavuşurken kusurların görünümü hızla azalır. Tüm cilt tipleri için uygundur.,https://static.ticimax.cloud/cdn-cgi/image/width=76,quality=85/53520/uploads/urunresimleri/buyuk/primary-solution-20ml-uht-paket-a736-4.jpeg,CİLT BAKIM ÜRÜNLERİ > SERUM > ,VALMONT,TL6.100,00
PRIMARY VEIL 150 ML,Prebiyotik ve probiyotik desteği. Cildin ekosistemi için temel dengeleme eylemi. Sağlık ve esenlik, güzelliğin en büyük geliştiricileridir. Bu sütsü emülsiyon, tahriş olmuş cildi anında tazeler ve rahatlatır. Bağışıklık savunmasını güçlendirir ve cildi korumak için gerekli olan hidrolipidik filmin yeniden oluşturulmasına yardımcı olur. Doku gözle görülür şekilde iyileştirilir, cilt korunur, pürüzsüzleştirilir ve rahatlar. Tüm cilt tipleri için uygundur, özellikle en narin olanlar.,https://static.ticimax.cloud/cdn-cgi/image/width=76,quality=85/53520/uploads/urunresimleri/buyuk/primary-veil-150-ml-caf-4f.jpeg,CİLT BAKIM ÜRÜNLERİ > BAKIM SPREYİ > ,VALMONT,TL3.800,00
PRIME 24 HOUR 50 ML,Yaşlanmayı geciktirmede ilk eylem, İlk yaşlanma belirtilerine karşı korur. Rakipsiz bir enerji kaynağı olan bu çok amaçlı krem cildi nemlendirir, canlandırır ve pürüzsüzleştirir. Nemlendirici enerji ve güzellik! Bu evrensel krem, cildin yüzeyini nemlendirirken hücre canlılığını uyaran enerji verici bir komplekse sahiptir. Dokusu hem ince hem de zengindir ve çoğu cilt için uygundur. Anında emilerek faydalarla dolu koruyucu bir örtü bırakır.,https://static.ticimax.cloud/cdn-cgi/image/width=76,quality=85/53520/uploads/urunresimleri/buyuk/prime-24-hour-50-ml--41f4-.jpeg,CİLT BAKIM ÜRÜNLERİ > KREM > ,VALMONT,TL7.300,00
PRIME B CELLULAR 30 ML,Hücre yenilenmesini artıran bileşen kompleksi ile yaşlanma karşıtı enerji kaynağı. Yaşlanmanın ilk belirtileriyle savaşmak için ideal bakım! Bu serum, canlanmış cilt için gerekli tüm unsurları sağlar. Yaşlanma belirtileri, kırışıklıklar ve ince çizgilerle mücadele etmek için doğal mekanizmaları güçlendirir. Canlanan cilt, gözle görülür şekilde daha pürüzsüz ve daha esnektir. İçten dışa yenilenmiş, dayanıklı bir cilt için kırışıklıklar ve ince çizgiler gözle görülür şekilde en aza indirilir. Tüm cilt tipleri için, özellikle parlaklığını canlılığını kaybetmiş ciltler için uygundur.,https://static.ticimax.cloud/cdn-cgi/image/width=76,quality=85/53520/uploads/urunresimleri/buyuk/prime-b-cellular-30-ml-aa8bf9.jpeg,CİLT BAKIM ÜRÜNLERİ > SERUM > ,VALMONT,TL7.300,00
PRIME LIP REPAIR 15 ML,Besler, onarır ve korur. Yoğun besleyiciliği ile kuruluğa karşı savaşarak dudakları pürüzsüz tutar. Gülümseme kazansın! Bu emülsiyon, dudakları besleyerek ve nemlendirerek - hava durumu ve yaşlanma belirtileri gibi - dış etkenlere karşı savaşır. Dudaklar yumuşak, ipeksi bir doku kalır.,https://static.ticimax.cloud/cdn-cgi/image/width=76,quality=85/53520/uploads/urunresimleri/buyuk/prime-lip-repair-15-ml-e57-fd.jpeg,CİLT BAKIM ÜRÜNLERİ > DUDAK BAKIMI > ,VALMONT,TL4.800,00
PRIME REGENERA I 50 ML,Cildi canlandırır ve enerji ile besler. Bu krem, esnek ve gözle görülür dolgun bir cilt için hücre yenilenmesini teşvik eder.Zengin ve besleyici PRIME REGENERA I krem, ilk yaşlanma belirtileri olan, tonu ve parlaklığı olmayan ciltler için uygundur. CELLULAR PRIME COMPLEX konsantrasyonu cildin elastikiyetini ve dengesini desteklerken oksijenlenmesini de teşvik eder. Zengin ve besleyici dokusu donuk, mat ve yorgun ciltler için uygundur.,https://static.ticimax.cloud/cdn-cgi/image/width=76,quality=85/53520/uploads/urunresimleri/buyuk/prime-regenera-i-50-ml-8b52-c.jpeg,CİLT BAKIM ÜRÜNLERİ > KREM > ,VALMONT,TL8.000,00
PRIME REGENERA II 50 ML,Aşırı kuru ve hasar görmüş cildi onarır. Ara sıra veya günlük bakım için, bu ultra zengin krem besler, onarır ve yatıştırır. Bu ultra zengin balsam, cildi yoğun bir şekilde onarır ve kalıcı etkilerle besler. Günlük stres, kuruluk ve uyarılma karşısında rahatlık ve esenlik getirir. Rahatlamış cilt daha esnek ve yatıştırılmış görünür. Kırışıklıklar ve tahriş gözle görülür şekilde azalır. Sürekli kuru ve cansız ciltler için temel günlük bakım,https://static.ticimax.cloud/cdn-cgi/image/width=76,quality=85/53520/uploads/urunresimleri/buyuk/prime-regenera-ii-50-ml-b8a1fb.jpeg,CİLT BAKIM ÜRÜNLERİ > KREM > ,VALMONT,TL8.850,00
PRIME RENEWING PACK 75 ML + JUST BLOOM SAMPLE 2 ML,Yüz hatlarını rahatlatır ve parlaklığı yeniden canlandırır. Valmont'tan Photoshop efekti! Temel bir cilt bakımı ikonu olan bu krem maske, birkaç dakika içinde cildi tazeleyip kırışıklıkları doldurarak yorgunluk belirtilerini giderir. Valmont’un dünya çapında en çok satan ürünüdür. İnce, krem benzeri bir dokuya sahip Prime Renewing Pack maskesi, yaşlanma, yorgunluk ve ince çizgileri dakikalar içinde siler. Cildi tazelerken kırışıklıklar ve yaşlanma belirtileriyle savaşır. Cilt parlak görünür, pürüzsüzleşir, kırışıklıklar azalır ve hafifler. Bu akıllı maske, tüm cilt tiplerine ve tüm kullanımlara uyum sağlar.,https://static.ticimax.cloud/cdn-cgi/image/width=76,quality=85/53520/uploads/urunresimleri/buyuk/prime-renewing-pack-75-ml-just-bloom-s-fe-36b.jpeg,CİLT BAKIM ÜRÜNLERİ > MASKE > ,VALMONT,TL9.200,00
PRIME RENEWING PACK 40 YEARS EDITION,Prime Renewing Pack 40. Years Edition,https://static.ticimax.cloud/cdn-cgi/image/width=76,quality=85/53520/uploads/urunresimleri/buyuk/prime-renewing-pack-40-years-edition-322-89.jpeg,https://static.ticimax.cloud/cdn-cgi/image/width=76,quality=85/53520/uploads/urunresimleri/buyuk/prime-renewing-pack-40-years-edition-1c9-88.png,CİLT BAKIM ÜRÜNLERİ > MASKE > ,VALMONT,TL7.800,00
PRIMING WITH A HYDRATING FLUID 150 ML,Mikro damlacıklar cildi su ve bitki özleriyle doldurur. Nazik bir uyanış! Bu mist, mikrodiffüzyon yoluyla yüze ve vücuda anında nem sağlar. Bir sabah güzellik ritüelini başlatmak için ya da öğle saatlerinde tazelenmek için kullanılır, cildi ferahlatır ve makyajı sabitler. Spreylendiğinde cilt esnekliğini ve parlaklığını geri kazanır. Tüm cilt tiplerini yumuşatan ve güzelleştiren nemlendiricidir.,https://static.ticimax.cloud/cdn-cgi/image/width=76,quality=85/53520/uploads/urunresimleri/buyuk/priming-with-a-hydrating-fluid-150-ml-c3-3c1.jpeg,CİLT BAKIM ÜRÜNLERİ > BAKIM SPREYİ > ,TL5.000,00
Prisma Protect SPF30+ 50 ML,Işıkla aktive olan çoklu işleve sahip nemlendirici geniş spektrumlu koruma sağlarken gelecekte oluşabilecek cilt hasarların görünümüne karşı koruma sağlar. Akıllı dron teknolojisi ışık ile aktive olarak cildin doğal parlaklığını arttırmaya yardımcı olur. Gelişmiş antioksidan teknolojisi cildi hava kirliliğinin olumsuz etkilerine karşı korur. Geniş Spektrumlu SPF30 UV hasarına karşı koruma sağlarken Adaçayı biyo-fermenti cilt tonunu aydınlatmaya yardımcı olur. Gelişmiş nem mıknatısları, gözle görülür şekilde pürüzsüz bir cilt için gün boyu nemlendirme sağlar.,https://static.ticimax.cloud/cdn-cgi/image/width=76,quality=85/53520/uploads/urunresimleri/buyuk/prisma-protect-spf30-50-ml-bfa9ac.jpeg,CİLT BAKIM ÜRÜNLERİ > GÜNEŞ KORUMA > ,DERMALOGICA,TL3.060,00
Pro-Collagen Banking Serum 30 ML,30 yaşından itibaren her yıl %1 daha az kolajen üretiyoruz ve çevresel faktörler, kirlilik, beslenme ve güneşe maruz kalma gibi etkenler cildimizdeki kolajenin bozulmasına katkıda bulunuyor. Bu serum, cildin kolajenini bugün korumaya ve muhafaza etmeye yardımcı olur, böylece ileriki zamanlar için cildi destekler – cildi nemlendirerek cildin görünür bir şekilde dolgun, daha parlak olmasını ve gelecekte olabilecek ince çizgilerin görünümünü azaltmaya yardımcı olur. Jelden-serum kıvamına dönüşen bu ürün, kullanımı kolay bir pompa ile cilt üstünde kayarcasına kolay bir şekilde cilde sürülür. Güçlü Pro-Collagen Preservation Complex, Kolajen Amino Asitleri, Karnozin Dipeptid ve antioksidanlardan oluşan yenilikçi karışım ile kolajenin bozulmasına sebep olan serbest radikalllere karşı kolajeni korumaya yardımcı olur. Rahatlatıcı Jojoba Esteri ve Poliglutamik Asit cildi nem ile besleyerek cilde daha sıkı ve dolgun bir görünüm sağlar.,https://static.ticimax.cloud/cdn-cgi/image/width=76,quality=85/53520/uploads/urunresimleri/buyuk/pro-collagen-banking-serum-30-ml-5-0742.jpeg,CİLT BAKIM ÜRÜNLERİ > SERUM > ,DERMALOGICA,TL4.700,00
Pro-Heal Serum Advance+ 15 ML,Pro-Heal Serum Advance+, üstün bir Zeytin Yaprağı Özü formu ve saf E ve A Vitaminleri ile birleştirilmiş bilimsel olarak gelişmiş L-Askorbik Asitimizi (C Vitamini) içerir,https://static.ticimax.cloud/cdn-cgi/image/width=76,quality=85/53520/uploads/urunresimleri/buyuk/pro-heal-serum-advance-15-ml-020-db.jpeg,CİLT BAKIM ÜRÜNLERİ > SERUM > ,IS CLINICAL,TL4.027,00
Pro-Heal Serum Advance+ 30 ML,Pro-Heal Serum Advance+, üstün bir Zeytin Yaprağı Özü formu ve saf E ve A Vitaminleri ile birleştirilmiş bilimsel olarak gelişmiş L-Askorbik Asitimizi (C Vitamini) içerir,https://static.ticimax.cloud/cdn-cgi/image/width=76,quality=85/53520/uploads/urunresimleri/buyuk/pro-heal-serum-advance-30-ml-5-8b99.jpeg,CİLT BAKIM ÜRÜNLERİ > SERUM > ,IS CLINICAL,TL6.697,00
Problem Control Cream (PCC) 50 ML,Yağlı ve karma ciltler için bakım kremi, günlük kullanıma uygun yağsız bir kremdir. Cildin aşırı yağ üretimini düzenlemeye yardımcı olur. İçerisindeki çinko PCA ile sebumu dengeler. Poliglutamik asit ile cildi nemlendirmeye ve cilt elastikiyetini geliştirmeyi sağlar.,https://static.ticimax.cloud/cdn-cgi/image/width=76,quality=85/53520/uploads/urunresimleri/buyuk/pcc-problem-control-cream-50-ml-820b-c.jpeg,CİLT BAKIM ÜRÜNLERİ > KREM > ,GENOSYS,
Problem Control Serum (PCS) 30 ML,Cildinizin pH’ına uyumlu aşırı sebum üretimini düzenlemeyi sağlar. İçerisindeki çinko PCA ile sebumu dengeler. Poliglutamik asit ile cildi nemlendirmeyi ve cilt elastikiyetini destekler ayrıca içeriğinde fermente balkabağı özütü bulunur.,https://static.ticimax.cloud/cdn-cgi/image/width=76,quality=85/53520/uploads/urunresimleri/buyuk/pcs-problem-control-serum--a28f-.jpeg,CİLT BAKIM ÜRÜNLERİ > SERUM > ,GENOSYS,
Professional-C %30 Microdermabrasion Polish + Masque 80 GR,Güçlü bir %30 C Vitamini infüzyonu için cildi eksfoliye eden ve hazırlayan, çarpıcı biçimde daha pürüzsüz, daha parlak ve daha genç görünen bir cilt ortaya çıkaran 2'si 1 arada çok amaçlı cilt parlatıcı maskedir.,https://static.ticimax.cloud/cdn-cgi/image/width=76,quality=85/53520/uploads/urunresimleri/buyuk/professional-c-30-microdermabrasion-po-3b4981.jpeg,CİLT BAKIM ÜRÜNLERİ > MASKE > ,OBAGI,TL7.356,00
Professional-C Serum %10,C vitamininden üretilen %10 Professional-C Serum ile ışıltınızı bir sonraki seviyeye taşıyın. %10 oranında L-Askorbik Asit ile yapılan bu güçlü günlük antioksidan serum, ince çizgilerin, kırışıklıkların ve foto yaşlanmanın önüne geçer, aynı zamanda serbest radikalleri ve çevresel stres faktörlerini nötralize etmek için çalışır.,https://static.ticimax.cloud/cdn-cgi/image/width=76,quality=85/53520/uploads/urunresimleri/buyuk/professional-c-serum-10-b-25db.jpeg,CİLT BAKIM ÜRÜNLERİ > SERUM > ,OBAGI,TL3.337,00
Professional-C Serum %15,C vitamininden üretilen %15 Professional-C Serum ile ışıltınızı bir sonraki seviyeye taşıyın. %15 oranında L-Askorbik Asit ile yapılan bu güçlü günlük antioksidan serum, ince çizgilerin, kırışıklıkların ve foto yaşlanmanın önüne geçer, aynı zamanda serbest radikalleri ve çevresel stres faktörlerini nötralize etmek için çalışır.,https://static.ticimax.cloud/cdn-cgi/image/width=76,quality=85/53520/uploads/urunresimleri/buyuk/professional-c-serum-15-8-b8b3.jpeg,CİLT BAKIM ÜRÜNLERİ > SERUM > ,OBAGI,TL4.180,00
Professional-C Serum %20,C vitamininden üretilen %20 Professional-C Serum ile ışıltınızı bir sonraki seviyeye taşıyın. %20 oranında L-Askorbik Asit ile yapılan bu güçlü günlük antioksidan serum, ince çizgilerin, kırışıklıkların ve foto yaşlanmanın önüne geçer, aynı zamanda serbest radikalleri ve çevresel stres faktörlerini nötralize etmek için çalışır.,https://static.ticimax.cloud/cdn-cgi/image/width=76,quality=85/53520/uploads/urunresimleri/buyuk/professional-c-serum-20--49cc-.jpeg,CİLT BAKIM ÜRÜNLERİ > SERUM > ,OBAGI,TL5.300,00
Protection 50 Sport SPF50+ 156 ML,Yüz ve vücut için suya dirençli (80 dakika) Geniş Spektrumlu güneş koruyucu. Bu ince yapılı güneş koruması, cildi UV ışınlardan ve çevresel hasarlardan uzun süre korumaya yardımcı olur. İçerdiği Oleozom mikrokürecikleri SPF etkisini arttırmaya ve uzun süreli güneş ışığına maruz kalma sonucu oluşan nem kaybına karşı korumaya yardımcıdır. İnce yapıdaki formülü ile hasarları nötralize etmeye ve yapışkan bir his bırakmadan cildi nemlendirmeye yardımcı olur.,https://static.ticimax.cloud/cdn-cgi/image/width=76,quality=85/53520/uploads/urunresimleri/buyuk/protection-50-sport-spf50-156-ml-45c-4a.jpeg,CİLT BAKIM ÜRÜNLERİ > GÜNEŞ KORUMA > ,DERMALOGICA,TL2.350,00
PROTECTION U.V. CORPS SPF25 150ml,%100 doğal filtrelerin yenilikçi kombinasyonu, Protection U.V. Corps SPF 25, cildi güneşe karşı etkili bir şekilde korur. Güneş ışınlarının [UVA + UVB + görünür ışık + kızılötesi] %100'ünü hedefleyen Triple Shield Complex© teknolojisi ile cildi güneşten korur. Ayrıca nemlendirici ve yenileyici aktif maddelerce zengin formülü cildin yaşlanmasını ve kurumasını önlemeye yardımcı olur. Suya dayanıklılık, ışığa dayanıklılık, dermatolojik olarak test edilmiştir.,https://static.ticimax.cloud/cdn-cgi/image/width=76,quality=85/53520/uploads/urunresimleri/buyuk/protection-u.v.-corps-spf25-150ml-9-6d4d.jpeg,CİLT BAKIM ÜRÜNLERİ > GÜNEŞ KORUMA > ,BIOLOGIQUE R.,
PROTECTION U.V. SPF25 50 ml,Epidermisi UVA, UVB ve kızılötesi ışınların zararlı etkilerinden korumaya yardımcı olan doğal bir filtre kompleksine sahiptir. Yaşlanmayı geciktirici, yatıştırıcı ve nemlendirici aktif maddeler açısından zengin olan bu formül aynı zamanda cildin foto yaşlanmaya karşı korunmasına yardımcı olur.,https://static.ticimax.cloud/cdn-cgi/image/width=76,quality=85/53520/uploads/urunresimleri/buyuk/protection-u.v.-spf25-50-ml-5ae318.jpeg,CİLT BAKIM ÜRÜNLERİ > GÜNEŞ KORUMA > ,BIOLOGIQUE R.,
PROTECTION U.V. SPF50 50 ml,Protection U.V. krem SPF 50,% 100 doğal filtrelerin kombinasyonu sayesinde cildi güneşin zararlarından etkili bir şekilde korur. Triple Shield Complex © teknolojisi, cildin bütünlüğünü koruyarak kapsamlı koruma sağlamak için güneş radyasyonunun tüm spektrumlarından korurur.,https://static.ticimax.cloud/cdn-cgi/image/width=76,quality=85/53520/uploads/urunresimleri/buyuk/protection-u.v.-spf50-50-ml-3c8-0d.jpeg,CİLT BAKIM ÜRÜNLERİ > GÜNEŞ KORUMA > ,BIOLOGIQUE R.,
Pure C TX Serum 30 ML,Üstün antioksidan içeriği olan bu serum %13 L-Askorbik Asit ve uzun süreli etki Sarımsı rengini yoğun antioksidan içeriklerden alır. Cilt kuruluğunu giderme, elastikiyeti artırma, lekeleri görünümünü geriletme ve kırışıklıkların görünümünü azaltmayı destekler.,https://static.ticimax.cloud/cdn-cgi/image/width=76,quality=85/53520/uploads/urunresimleri/buyuk/pure-c-tx-serum-30-ml-6-9619.jpeg,CİLT BAKIM ÜRÜNLERİ > SERUM > ,THERADERM,
Pure Calm Collection,Sakinleştirici botanik bileşenler, süper antioksidanlar ve güçlü nemlendirme ile paketlenmiş Pure Calm Koleksiyonu, daha sağlıklı, daha genç görünen bir cilt için kızarık veya zayıflamış cilt görünümünü nazikçe yatıştırır.,https://static.ticimax.cloud/cdn-cgi/image/width=76,quality=85/53520/uploads/urunresimleri/buyuk/pure-calm-collection-f1841-.jpeg,CİLT BAKIM ÜRÜNLERİ > KIT PROGRAM > ,IS CLINICAL,TL8.478,00
Pure Clarity Collection,Pure Clarity Collection, ciltteki lekelerin, sivilcelerin, genişlemiş gözeneklerin görünümünü en aza indirmek ve tıkanmış cildin arındırılmasını sağlamak için en net ten renginize kavuşmanızı sağlayacak bakım setidir.,https://static.ticimax.cloud/cdn-cgi/image/width=76,quality=85/53520/uploads/urunresimleri/buyuk/pure-clarity-collection-6-a42e.jpeg,CİLT BAKIM ÜRÜNLERİ > KIT PROGRAM > ,IS CLINICAL,TL8.054,00
PURE CLEANSING GEL 150 ML,Ciltte gergin bir his bırakmadan, cildin fazla yağdan ve kirden arınmasına yardımcı olur.,https://static.ticimax.cloud/cdn-cgi/image/width=76,quality=85/53520/uploads/urunresimleri/buyuk/pure-cleansing-gel-150-ml-c-8fcd.jpeg,CİLT BAKIM ÜRÜNLERİ > TEMİZLEME > ,ESTHEDERM,TL1.019,00
Pure Perfection 100 N Face Cream Smooth 100 - 50 ml,Cilt bakımına en yüksek beklentileri veren herkes için olağanüstü etkili yaşlanma karşıtı bakım. İpeksi krem, hassas cildi tahriş etmeden tüm epidermal ve dermal hücre fonksiyonlarını fark edilir şekilde aktive eder.,https://static.ticimax.cloud/cdn-cgi/image/width=76,quality=85/53520/uploads/urunresimleri/buyuk/pure-perfection-100-n-face-cream-smoot-91ed-d.jpeg,CİLT BAKIM ÜRÜNLERİ > KREM > ,MBR,TL24.787,00
Pure Perfection 100 N Mask Cream Smooth 100 - 30 ml,Cildi her yönden şımartan yoğun besleyici bir maske.,https://static.ticimax.cloud/cdn-cgi/image/width=76,quality=85/53520/uploads/urunresimleri/buyuk/pure-perfection-100-n-mask-cream-smoot-77-b09.jpeg,CİLT BAKIM ÜRÜNLERİ > MASKE > ,MBR,TL16.987,00
Pure Radiance Collection,Pure Radiance Koleksiyonu ile koyu lekelerin, lekelerin ve donukluğun görünümünü en aza indirin. Bu karışım, sağlıklı cildin optimal görünümünü desteklerken nazikçe pul pul dökecektir.,https://static.ticimax.cloud/cdn-cgi/image/width=76,quality=85/53520/uploads/urunresimleri/buyuk/pure-radiance-collection-c06-9a.jpeg,CİLT BAKIM ÜRÜNLERİ > KIT PROGRAM > ,IS CLINICAL,TL10.779,00
Purifying Foam Gel 125ML,Yağlı ciltler için temizleyici,https://static.ticimax.cloud/cdn-cgi/image/width=76,quality=85/53520/uploads/urunresimleri/buyuk/purifying-foam-gel-125ml-6-169a.jpeg,CİLT BAKIM ÜRÜNLERİ > TEMİZLEME > ,DARPHIN,TL1.345,00
PURIFYING PACK 50 ML,Cildi temizler, arındırır ve matlaştırır. Bu eşsiz maske derinlemesine temizler, yumuşak, arınmış cildi zarif bir görünümle ortaya çıkarır. Cilt yüzeyinde biriken kirleri dakikalar içinde ciltte kurutma yapmadan emer. Sebum üretimini dengeler, gözenekleri sıkılaştırır ve cildin genel dokusunu iyileştirir. Rafine ve matlaştırılmış cilt, ışıltılı ve canlanmış görünür. Tüm cilt tipleri için uygundur, özellikle karma ve düzensizliklere meyilli.,https://static.ticimax.cloud/cdn-cgi/image/width=76,quality=85/53520/uploads/urunresimleri/buyuk/purifying-pack-50-ml--ea643.jpeg,CİLT BAKIM ÜRÜNLERİ > MASKE > ,VALMONT,TL5.400,00
Quick & Clean Eye Make Up Remover - 150 ml,Nazikçe ve güvenilir bir şekilde temizler,https://static.ticimax.cloud/cdn-cgi/image/width=76,quality=85/53520/uploads/urunresimleri/buyuk/quick-clean-eye-make-up-remover-150-ml-9f73-4.jpeg,CİLT BAKIM ÜRÜNLERİ > TEMİZLEME > ,MSB,TL2.580,00
Radiance⁺ Intense C-Boost Mela-Even Cream 25 ML,Leke problemine yönelik özel formüle edilmiş antioksidan vitaminle C ve E vitaminleri ile tirozinazı bloke ederek keratinositlere melanin transferine engel olur. Böylece eşitsiz cilt tonu ve foto hasarlı lekeli ciltlerde etkili bir bakım sağlar.,https://static.ticimax.cloud/cdn-cgi/image/width=76,quality=85/53520/uploads/urunresimleri/buyuk/radiance-intense-c-boost-mela-even-cre-ac4-9a.jpeg,CİLT BAKIM ÜRÜNLERİ > KREM > ,ENVIRON,
Radiance⁺ Multi Botanical Mela Prep Lotion 60 ML,Eşitsiz cilt tonu ve görünür güneş hasarını düzeltmek için tasarlanmış bir üründür. Canlı ve parlak bir cilt tonu sağlar.,https://static.ticimax.cloud/cdn-cgi/image/width=76,quality=85/53520/uploads/urunresimleri/buyuk/radiance-multi-botanical-mela-prep-lot-ec25da.jpeg,CİLT BAKIM ÜRÜNLERİ > LOSYON > ,ENVIRON,
Radiance⁺ Vita Botanical Mela Fade Serum System 30 ML,Bu ürün eşitsiz cilt tonu ve görünür güneş hasarını düzelterek canlı ve eşitlenmiş ve lekelerden arınmış bir cilt tonu elde edilmesini sağlar.,https://static.ticimax.cloud/cdn-cgi/image/width=76,quality=85/53520/uploads/urunresimleri/buyuk/radiance-vita-botanical-mela-fade-seru-a6-f83.jpeg,CİLT BAKIM ÜRÜNLERİ > SERUM > ,ENVIRON,
Radiant Energizing Serum 50 ML,Yağlı ve karma ciltlerin Anti-oksidan etkisini arttırır, cildi nemlendirir ve hücresel yenilemeyi destekler,https://static.ticimax.cloud/cdn-cgi/image/width=76,quality=85/53520/uploads/urunresimleri/buyuk/radiant-energizing-serum-50-ml-64511a.jpeg,CİLT BAKIM ÜRÜNLERİ > SERUM > ,BELLEFONTAINE S.,
Radical Night Repair 60 ML,Homojen bir cilt yapısı için çalışır, yaşlanma belirtilerine karşı etkilidir. Formülündeki 1% retinol ile cildin yapısını ve rengini düzeltir.,https://static.ticimax.cloud/cdn-cgi/image/width=76,quality=85/53520/uploads/urunresimleri/buyuk/radical-night-repair-60-ml-d8e84a.jpeg,CİLT BAKIM ÜRÜNLERİ > KREM > ,ZO SKIN HEALTH,TL8.700,00
Rapid Collagen Infusion 30 ML,Hızlı etkili formülü ve içerdiği Kolajen Aminoasit ile cilt yüzeyine etki ederek cildi anında onarmaya ve cildin daha sağlıklı görünmesine yardımcı olur. Cildin nem seviyesini dengelemeyi destekler.,https://static.ticimax.cloud/cdn-cgi/image/width=76,quality=85/53520/uploads/urunresimleri/buyuk/rapid-collagen-infusion-30-ml--4c66-.jpeg,CİLT BAKIM ÜRÜNLERİ > SERUM > ,MURAD,TL7.310,00
Rapid Dark Spot Correcting Serum 30 ML,İçeriğindeki Murad’a özel patentli Resorsinol Teknolojisi ile koyu lekelerin ve ton farklılıklarının görünümünün yoğunluğunu gözle görülür şekilde azaltır. Her yaşta tüm cilt tipleri için uygun formülü ile henüz yüzeye ulaşmamış lekelerin görünür hale gelmesini engeller. Daha aydınlık, daha eşit bir cilt için hücre yenilenme döngüsünü destekler.,https://static.ticimax.cloud/cdn-cgi/image/width=76,quality=85/53520/uploads/urunresimleri/buyuk/rapid-dark-spot-correcting-serum-30-ml-0e-8f6.jpeg,CİLT BAKIM ÜRÜNLERİ > SERUM > ,MURAD,TL6.820,00
Rapid Relief Spot Treatment 15 ML,Güçlü formülü ile 4 saatte sivilceleri kurutmaya ve kızarıklığı görünümünü azaltmaya yardımcı olur. İçeriğindeki Salisilik Asit ile gözenekleri arındırmayı ve cildi pürüzsüzleştirmeyi destekler. Çam ve Kekik Özleri içeren patentli kompleksi ile akneye neden olan bakteriler ile savaşırken cildin yağ dengesini korumaya yardımcı olur. Cildin daha aydınlık görünmesine ve rahatlamasına destek olur.,https://static.ticimax.cloud/cdn-cgi/image/width=76,quality=85/53520/uploads/urunresimleri/buyuk/rapid-relief-spot-treatment-15-ml-f91b8d.jpeg,CİLT BAKIM ÜRÜNLERİ > JEL > ,MURAD,TL2.135,00
Rapid Relief Sulfur Mask 74 ml,Mikro formüllü içerikler ile gözeneklere nüfuz ederek derinlemesine arındırmaya, temizleyerek rahatlatmaya ve cildi pürüzsüz bir görünüme kavuşturmaya yardımcı olur. İçeriğindeki Sülfür cildi arındırırken onarmayı; Salisilik Asit cilt yüzeyini pürüzsüzleştirmeyi, Kaolin Kili ve Çinko fazla yağı emerken sebumu dengelemeyi, Doğal Peat Özü nemlendirmeyi destekler. Ciltteki yağı anında %92 oranında azaltır, sadece 3 kullanımdan sonra akneleri ve 6 kullanımdan sonra kızarıklığı azalttığı klinik olarak kanıtlanmıştır.,https://static.ticimax.cloud/cdn-cgi/image/width=76,quality=85/53520/uploads/urunresimleri/buyuk/rapid-relief-sulfur-mask-74-ml-fc-782.jpeg,CİLT BAKIM ÜRÜNLERİ > MASKE > ,MURAD,TL3.615,00
Ratania Cream 50 ML,Yağlı, karma ve sivilceye meyilli ciltlerin en temel özelliği, cilt altındaki yağ bezlerinin salgıladığı sebum miktarının fazla olmasıdır. Birçok farklı nedenle tetiklenen bu durum cildin sivilcelenmesine, erken yaşta sarkmasına, matlaşmasına ve kalınlaşmasına sebebiyet verir. Cildin sebum dengesini kontrol altında tutmak cilt sağlığı açısından oldukça önemlidir.,https://static.ticimax.cloud/cdn-cgi/image/width=76,quality=85/53520/uploads/urunresimleri/buyuk/ratania-cream-50-ml-5d2a-4.jpeg,CİLT BAKIM ÜRÜNLERİ > KREM > ,NATURE MIND,
Recovery Crème 50 ML,Kuru ve hassas ciltler için özel geliştirilmiş zengin formüllü bir krem. İnce çizgi ve kırışıklıkları engellemek için retinol, cildi nemlendirip pürüzsüzleştirmek için seramid içerir.,https://static.ticimax.cloud/cdn-cgi/image/width=76,quality=85/53520/uploads/urunresimleri/buyuk/recovery-cr-me-50-ml-124-00.jpeg,CİLT BAKIM ÜRÜNLERİ > KREM > ,ZO SKIN HEALTH,TL6.100,00
Refining Serene Make-Up Base 50 ML,Tüm cilt yapıları için mükemmel bir makyaj sabitleyici. Epidermisin üst katmanlarına canlılık ve nemlendirme getirerek cilt dokusunu iyileştirir.,https://static.ticimax.cloud/cdn-cgi/image/width=76,quality=85/53520/uploads/urunresimleri/buyuk/refining-serene-make-up-base-50-ml-fd61a2.jpeg,CİLT BAKIM ÜRÜNLERİ > KREM > ,BELLEFONTAINE S.,
REGEN (Hx) 30 ML,Medikal uygulamalar sonrası kullanım; Hyalüronik Asit dolguları, botoks, PRP, peeling, lazer, radyofrekans, kriyoterapi, PDT, elektrokoagülasyon gibi estetik işlemlerden sonra cilt kalitesinin iyileştirilmesinde kullanılır. işlem sonrası cildin yenilenmesi ve onarılmasına yardımcı olur. Hassasiyet oluşturan durumlarda kullanım; Kış aylarında soğuğa maruz kalmanın ciltte oluşturduğu hassasiyet ile yaz aylarında görülen güneş yanığı gibi durumlarda da cildin hızla onarılmasına ve yatıştırılmasını destekler.,https://static.ticimax.cloud/cdn-cgi/image/width=76,quality=85/53520/uploads/urunresimleri/buyuk/regen-hx-30-ml-e9a46-.jpeg,CİLT BAKIM ÜRÜNLERİ > KREM > ,ALPHASCIENCE,TL950,00
REGENERATING MASK TREATMENT 5'Lİ,Cildi anında pürüzsüzleştirir, yatıştırır ve nemlendirir 30 dakikalık canlandırıcı maske. Valmont uzmanlığının bir simgesi olan bu maske, cildi onarıcı, dermo-tensör kolajen ile aşılamak için en son tıbbi verileri kullanır. Sadece 30 dakika içinde dokuyu yoğun şekilde nemlendirir, yatıştırır ve dolgunlaştırır, kırışıklıkları ve ince çizgileri düzeltir. Yüzünüze ışıltılı tazelik verir.,https://static.ticimax.cloud/cdn-cgi/image/width=76,quality=85/53520/uploads/urunresimleri/buyuk/regenerating-mask-treatment-5li-7fe66-.jpeg,CİLT BAKIM ÜRÜNLERİ > MASKE > ,VALMONT,TL18.000,00
REGENERATING MASK TREATMENT SINGLE,Cildi anında pürüzsüzleştirir, yatıştırır ve nemlendirir 30 dakikalık canlandırıcı maske. Valmont uzmanlığının bir simgesi olan bu maske, cildi onarıcı, dermo-tensör kolajen ile aşılamak için en son tıbbi verileri kullanır. Sadece 30 dakika içinde dokuyu yoğun şekilde nemlendirir, yatıştırır ve dolgunlaştırır, kırışıklıkları ve ince çizgileri düzeltir. Yüzünüze ışıltılı tazelik verir.,https://static.ticimax.cloud/cdn-cgi/image/width=76,quality=85/53520/uploads/urunresimleri/buyuk/regenerating-mask-treatment-single-1-6b52.jpeg,CİLT BAKIM ÜRÜNLERİ > MASKE > ,VALMONT,TL4.200,00
Regular Cleaner 21 - 100 ml,Bileşenleri: Inositol, Allantoin, Lactic Acid, Sugar Tenside, Panthenol, Arginine, Pentavitin,https://static.ticimax.cloud/cdn-cgi/image/width=76,quality=85/53520/uploads/urunresimleri/buyuk/regular-cleaner-21-100-ml--97d2-.jpeg,CİLT BAKIM ÜRÜNLERİ > ,21 TRANSDERMAL,TL4.685,00
Regular Full-Time Care 21 - 50 ml,Cilde esneklik kazandıran dengeleyici bakım kremi. Özellikler; Yağ salgısını düzenleyerek cildin yağ oranını dengeler. Cilt görünümünü düzeltir, cildi pürüzsüzleştirir ve enfeksiyonları önler. Cilt yenilenmesini destekler. Cildi daha dirençli hale getirir. Nem oranını düzenler. Uygulama; Gündüz ve akşam, cildi temizledikten ve serum uyguladıktan sonra Regular Full-Time Care 21 ‘i yüzünüze hafifçe masaj yaparak uygulayın.,https://static.ticimax.cloud/cdn-cgi/image/width=76,quality=85/53520/uploads/urunresimleri/buyuk/regular-full-time-care-21-50-ml-04-630.jpeg,CİLT BAKIM ÜRÜNLERİ > ,21 TRANSDERMAL,TL7.115,00
Regular Refiner 21 - 100 ml,Canlanmış, pürüzsüz ve ışıltılı bir cilt için dengeli enzim, meyve asidi bazlı etkili bir cilt temizleyici. Hassas bir şekilde cildin üst katmanından nanometrik boyuttaki yağ tabakasını arındırır. Cilt görünümünü arıtır ve parlatır.,https://static.ticimax.cloud/cdn-cgi/image/width=76,quality=85/53520/uploads/urunresimleri/buyuk/regular-refiner-21-100-ml--984d-.jpeg,CİLT BAKIM ÜRÜNLERİ > ,21 TRANSDERMAL,TL6.368,00
Regular Serum 21 - 30 ml,Mikronize hyalüronik asit içeren yoğun ve ferahlatıcı genel bakım serumu. Kırışıklık karşıtı etkisiyle cildi sıkılaştırır ve dolgun bir görünüm verir. Özellikler; Cilt dokusunu destekler ve dolgun bir görünüm verir. Daha sıkı ve esnek bir cilt sağlar. Nem oranını dengeler. Kırışıklık oluşumunu önler. Uygulama; Gündüz ve akşam, cildi temizledikten sonra Regular Serum 21 ’i tüm yüzünüze yayarak uygulayın.,https://static.ticimax.cloud/cdn-cgi/image/width=76,quality=85/53520/uploads/urunresimleri/buyuk/regular-serum-21-30-ml-51df94.jpeg,CİLT BAKIM ÜRÜNLERİ > ,21 TRANSDERMAL,TL6.368,00
Regulating - Black Clearing Mask 75 ML,Yağlı ciltler için bambu kömürü içeren özel bir maskedir. Salisilik asit, Sorbitol ve Kaolin içeren güçlü içeriği ile yağı temizler, cildin daha temiz, berrak ve lekesiz görünmesine yardımcı olur.,https://static.ticimax.cloud/cdn-cgi/image/width=76,quality=85/53520/uploads/urunresimleri/buyuk/regulating-black-clearing-mask-75-ml-2-9f95.jpeg,CİLT BAKIM ÜRÜNLERİ > MASKE > ,SCHRAMMEK,TL2.950,00
Regulating - Blemish Balm Classic 15 ML,Tahriş olmuş, kızarmış ve aşırı yağlı ciltler için özel bir bakım sunan popüler bir BB kremidir. Kızarıklık ve yağlanma ile savaşır, dengeli renk tonları ile bunları örter.,https://static.ticimax.cloud/cdn-cgi/image/width=76,quality=85/53520/uploads/urunresimleri/buyuk/regulating-blemish-balm-classic-15-ml-a6f-6b.jpeg,CİLT BAKIM ÜRÜNLERİ > BB KREM > ,SCHRAMMEK,TL1.350,00
Regulating - Blemish Balm Classic 40 ML,Tahriş olmuş, kızarmış ve aşırı yağlı ciltler için özel bir bakım sunan popüler bir BB kremidir. Kızarıklık ve yağlanma ile savaşır, dengeli renk tonları ile bunları örter.,https://static.ticimax.cloud/cdn-cgi/image/width=76,quality=85/53520/uploads/urunresimleri/buyuk/regulating-blemish-balm-classic-40-ml-b2-cdd.jpeg,CİLT BAKIM ÜRÜNLERİ > BB KREM > ,SCHRAMMEK,TL2.700,00
Regulating - Blemish Balm Honey 15 ML,Tahriş olmuş, kızarmış ve aşırı yağlı ciltler için özel bir bakım sunan popüler bir BB kremidir. Kızarıklık ve yağlanma ile savaşır, dengeli renk tonları ile bunları örter.,https://static.ticimax.cloud/cdn-cgi/image/width=76,quality=85/53520/uploads/urunresimleri/buyuk/regulating-blemish-balm-honey-15-ml-e93541.jpeg,CİLT BAKIM ÜRÜNLERİ > BB KREM > ,SCHRAMMEK,TL1.350,00
Regulating - Blemish Balm Honey 40 ML,Tahriş olmuş, kızarmış ve aşırı yağlı ciltler için özel bir bakım sunan popüler bir BB kremidir. Kızarıklık ve yağlanma ile savaşır, dengeli renk tonları ile bunları örter.,https://static.ticimax.cloud/cdn-cgi/image/width=76,quality=85/53520/uploads/urunresimleri/buyuk/regulating-blemish-balm-honey-40-ml-f90982.jpeg,CİLT BAKIM ÜRÜNLERİ > BB KREM > ,SCHRAMMEK,TL2.700,00
Regulating - Blemish Balm Light 15 ML,Tahriş olmuş, kızarmış ve aşırı yağlı ciltler için özel bir bakım sunan popüler bir BB kremidir. Kızarıklık ve yağlanma ile savaşır, dengeli renk tonları ile bunları örter.,https://static.ticimax.cloud/cdn-cgi/image/width=76,quality=85/53520/uploads/urunresimleri/buyuk/regulating-blemish-balm-light-15-ml-93c9-d.jpeg,CİLT BAKIM ÜRÜNLERİ > BB KREM > ,SCHRAMMEK,TL1.350,00
Regulating - Blemish Balm Light 40 ML,Tahriş olmuş, kızarmış ve aşırı yağlı ciltler için özel bir bakım sunan popüler bir BB kremidir. Kızarıklık ve yağlanma ile savaşır, dengeli renk tonları ile bunları örter.,https://static.ticimax.cloud/cdn-cgi/image/width=76,quality=85/53520/uploads/urunresimleri/buyuk/regulating-blemish-balm-light-40-ml-a77c-4.jpeg,CİLT BAKIM ÜRÜNLERİ > BB KREM > ,SCHRAMMEK,TL2.700,00
Regulating - Clear Skin Silver Fluid 50ML,Mikro gümüş partiküllerle dolu olan bu akne solüsyonu cildinizin daha net, daha mat ve normalize edilmiş bir şekilde görünmesini sağlar. Cilde antibakteriyel, sebum dengeleyici ve nemlendirici özellikler sunar.,https://static.ticimax.cloud/cdn-cgi/image/width=76,quality=85/53520/uploads/urunresimleri/buyuk/regulating-clear-skin-silver-fluid-50m-86970-.jpeg,CİLT BAKIM ÜRÜNLERİ > SERUM > ,SCHRAMMEK,TL2.100,00
Regulating - Clearing Face Tonik 200 ML,Regulating - Clearing Face Tonic, cilt tonunu aydınlatan ve eşitleyen bir toniktir. Niasinamid ve süksinik asit gibi yenilikçi bileşenler içerir, cildi kurutmaz ve sebum üretimini düzenler.,https://static.ticimax.cloud/cdn-cgi/image/width=76,quality=85/53520/uploads/urunresimleri/buyuk/regulating-clearing-face-tonik-200-ml-6852e4.jpeg,CİLT BAKIM ÜRÜNLERİ > TONİK > ,SCHRAMMEK,TL1.830,00
Regulating - Deep Pore Cleanser 200 ML,Normal ve yağlı ciltler için ideal, cildi kurutmadan ve sıkılaştırarak temizleyen bir üründür. Cildi yumuşatır ve cildinizin ipeksi bir görünüme kavuşmanıza yardım eder.,https://static.ticimax.cloud/cdn-cgi/image/width=76,quality=85/53520/uploads/urunresimleri/buyuk/regulating-deep-pore-cleanser-200-ml-af6bd8.jpeg,CİLT BAKIM ÜRÜNLERİ > TEMİZLEME SÜTÜ > ,SCHRAMMEK,TL1.800,00
Regulating - Enzyme Regulating Cream & Peeling 75 ML,Güçlü içeriği sayesinde hem günlük bakım kremi hem de peeling olabilir uygulanabilir. Ölü hücleri temizler, cildi yatıştırır ve düzgün bur görünüme ulaşmasına yardımcı olur.,https://static.ticimax.cloud/cdn-cgi/image/width=76,quality=85/53520/uploads/urunresimleri/buyuk/regulating-enzyme-regulating-cream-pee-9c7b0a.jpeg,CİLT BAKIM ÜRÜNLERİ > PEELING > ,SCHRAMMEK,TL2.500,00
Regulating - Gel Super Purifiant 50 ML,Yağlı ve normal ciltler için jel formunda temizleyicidir. Cildin gözeneklerini arındırır, temizler ve kızarıklıkları azaltır. Özellikle erkekler için idealdir çünkü traş köpüğü görevinde de kullanılabilir.,https://static.ticimax.cloud/cdn-cgi/image/width=76,quality=85/53520/uploads/urunresimleri/buyuk/regulating-gel-super-purifiant-50-ml-8-b268.jpeg,CİLT BAKIM ÜRÜNLERİ > YIKAMA JELİ > ,SCHRAMMEK,TL2.465,00
Regulating - İmpurity Control (7*2ml),Yağlı ve geniş gözenekli ciltler için özel üretilen bir ampuldür. Cildin gözeneklerini temizler, ölü tabaka oluşumunu önler. İçeriğindeki Imindinyl antioksidan etkisi sunarken, salisilik asit ise keratin tabakasını ciltten atar. Niacinamide ise hassasiyeti azaltır.,https://static.ticimax.cloud/cdn-cgi/image/width=76,quality=85/53520/uploads/urunresimleri/buyuk/regulating-impurity-control-72ml-5911e-.jpeg,CİLT BAKIM ÜRÜNLERİ > SERUM > ,SCHRAMMEK,TL2.025,00
Regulating - Pure Skin Cleansing Foam 100 ML,Kadifemsi yumuşaklıkta, cildinizdeki makyaj ve kiri nazikçe temizleyen bir köpük. İçeriğindeki beyaz nilüfer çiçeği ve bambu ekstresi ile cildin gözeneklerini derinlemesine temizler, ağır kir parçacıklarını, yağlı kalıntıları ve makyajı ciltten atar.,https://static.ticimax.cloud/cdn-cgi/image/width=76,quality=85/53520/uploads/urunresimleri/buyuk/regulating-pure-skin-cleansing-foam-10-8-49d6.jpeg,CİLT BAKIM ÜRÜNLERİ > KÖPÜK > ,SCHRAMMEK,TL1.800,00
Regulating - Purifying Vital Balm 40 ML,Olgun ve yağlı ciltler için cildi hem dengeleyen hem de nemlendiren bir ürün. Kırışıklık giderici bir fonksiyonu da vardır. Normaseb, mikro gümüş partikülleri ile sebum dengeleyici ve iltihap önleyici etki de gösterir.,https://static.ticimax.cloud/cdn-cgi/image/width=76,quality=85/53520/uploads/urunresimleri/buyuk/regulating-purifying-vital-balm-40-ml-a795-4.jpeg,CİLT BAKIM ÜRÜNLERİ > KREM > ,SCHRAMMEK,TL3.600,00
Regulating - Special Regulating Cream 15 ML,Karma, yağlı ve gözenekleri dolu ciltler için dengeleyici bir bakım kremidir. İçeriğinde yer alan bioaktif cam tozu ile yağlı cildin parlamasını engeller. Ciltteki yağlı bölgeler dengelenir, komedon oluşumuna yardımcı olur.,https://static.ticimax.cloud/cdn-cgi/image/width=76,quality=85/53520/uploads/urunresimleri/buyuk/regulating-special-regulating-cream-15--8b75-.jpeg,CİLT BAKIM ÜRÜNLERİ > KREM > ,SCHRAMMEK,TL955,00
Regulating - Special Regulating Cream 50 ML,Karma, yağlı ve gözenekleri dolu ciltler için dengeleyici bir bakım kremidir. İçeriğinde yer alan bioaktif cam tozu ile yağlı cildin parlamasını engeller. Ciltteki yağlı bölgeler dengelenir, komedon oluşumuna yardımcı olur.,https://static.ticimax.cloud/cdn-cgi/image/width=76,quality=85/53520/uploads/urunresimleri/buyuk/regulating-special-regulating-cream-50-a-4a52.jpeg,CİLT BAKIM ÜRÜNLERİ > KREM > ,SCHRAMMEK,TL2.850,00
Rejuvans Cleansing Gel - Yağlı Cilt 150 ML,Cildi tahriş etmeden ve hassasiyet yaratmadan derinlemesine temizler, yeniler, sıkılaştırır ve nemlendirir. Cildi yatıştırmaya yardımcı olur. İritasyon yapmaz. Alkolsüzdür.,https://static.ticimax.cloud/cdn-cgi/image/width=76,quality=85/53520/uploads/urunresimleri/buyuk/rejuvans-cleansing-gel-yagli-cilt-150--9c26-c.jpeg,CİLT BAKIM ÜRÜNLERİ > YIKAMA JELİ > ,REJUVANS,TL1.450,00
Rejuvenating Day Cream 50 ML,Bu gündüz kremi, biyo-teknolojik maddeleri, özellikle olgun ve cansız ciltler olmak üzere tüm cilt yapılarına uygundur. Cildi canlandırırken, nem katar ve dış etkenlere karşı korur. Daha esnek ve sıkı bir cilt. Ayrıca, makyajın gücünü artırmaya yardımcı olur ve sabitler.,https://static.ticimax.cloud/cdn-cgi/image/width=76,quality=85/53520/uploads/urunresimleri/buyuk/rejuvenating-day-cream-50-ml-a-fb26.jpeg,CİLT BAKIM ÜRÜNLERİ > KREM > ,BELLEFONTAINE S.,
Rejuvi ''A'' Asta Enhancing Serum 15 GR,Anti-aginge yön veren yeni mucizevi içerik Astaxanthin içeren bu ürün tüm açılardan güçlü bir anti-aging serumdur.,https://static.ticimax.cloud/cdn-cgi/image/width=76,quality=85/53520/uploads/urunresimleri/buyuk/rejuvi-a-asta-enhancing-serum-15-gr--4cc0-.jpeg,CİLT BAKIM ÜRÜNLERİ > SERUM > ,REJUVI,TL3.500,00
Rejuvi ''N'' Bio Rejuvenating Complex 30 ML,%72 Deionized water, %7 Avokado yağı, Palmitoyl tetrapeptide-7, Palmitoyl oligopeptide ve Ceramide-2 (Dermaxyl ve Matrixyl 3000) gibi 7 çeşit biyolojik peptid ve Argireline içerir.,https://static.ticimax.cloud/cdn-cgi/image/width=76,quality=85/53520/uploads/urunresimleri/buyuk/rejuvi-n-bio-rejuvenating-complex-30-m-e-7f85.jpeg,CİLT BAKIM ÜRÜNLERİ > KREM > ,REJUVI,TL3.500,00
Rejuvi ''P'' Solution For Acne Skin 10 ML,%71 Deionized water, %3 Sodyum laktat, %2,5 Glikolik asit, Üre peroksit ve Çinko sülfat içerir. Bu güçlü solüsyon cilde hızlıca penetre olur; lokal aknelerin yoğunlaşmasını engeller ve kurutur.,https://static.ticimax.cloud/cdn-cgi/image/width=76,quality=85/53520/uploads/urunresimleri/buyuk/rejuvi-p-solution-for-acne-skin-10-ml-5e48-e.jpeg,CİLT BAKIM ÜRÜNLERİ > LOSYON > ,REJUVI,TL2.500,00
Rejuvi ''W'' Lightening Serum 30 ML,%74 Deionized water, %8 Buğday tohumu ekstresi, %5 Magnezyum askorbil fosfat, %1,5 Arbutin, %1,5 Ascophyllum nodosum ve Meyan kökü ekstresi ve içerir.,https://static.ticimax.cloud/cdn-cgi/image/width=76,quality=85/53520/uploads/urunresimleri/buyuk/rejuvi-w-lightening-serum-30-ml-e27-ae.jpeg,CİLT BAKIM ÜRÜNLERİ > SERUM > ,REJUVI,TL3.500,00
Rejuvi ''Y'' Renewal Gel 30 ML,Olgun ve anti-aging ihtiyacı olan tüm ciltler tarafından kullanılmaktadır. %92 Aloe vera, %3 Papatya ekstresi, Beta-glukan, Kinetin, EGF (Epidermal Büyüme Faktörü) ve bitkisel ekstreler içermektedir.,https://static.ticimax.cloud/cdn-cgi/image/width=76,quality=85/53520/uploads/urunresimleri/buyuk/rejuvi-y-renewal-gel-30-ml-10d-2a.jpeg,CİLT BAKIM ÜRÜNLERİ > JEL > ,REJUVI,TL3.500,00
Rejuvi ''A'' Night Gel 45 GR,Lekeli, akneli ve anti-aging ihtiyacı olan tüm ciltler tarafından kullanılabilecek çok yönlü bir üründür. %41 Deionized water, %30 Aloe vera, %1,5 Shea butter, %1,2 Ginseng ekstresi, %0,7 Vitamin A kompleksi ve zengin bitkisel ekstreler içermektedir.,https://static.ticimax.cloud/cdn-cgi/image/width=76,quality=85/53520/uploads/urunresimleri/buyuk/rejuvi-a-night-gel-45-gr-fa177-.jpeg,CİLT BAKIM ÜRÜNLERİ > JEL > ,REJUVI,TL3.150,00
Rejuvi ''A'' Renewal Complex 30 ML,Hassas ciltler dahil tüm ciltler tarafından anti-aging amacı ile kullanılır.,https://static.ticimax.cloud/cdn-cgi/image/width=76,quality=85/53520/uploads/urunresimleri/buyuk/rejuvi-a-renewal-complex-30-ml-d2c572.jpeg,CİLT BAKIM ÜRÜNLERİ > SERUM > ,REJUVI,TL3.500,00
Rejuvi ''A'' Retinly Serum 30 ML,Yaşlanma belirtilerini savuşturmak için vitaminlerle zenginleştirilmiş bir tedavi olan Rejuvi ''A'' Retinyl Serum ile yaşlanma karşıtı rejiminizi güçlendirin. Konsantre miktardaki A vitamini, kolajenin yenilenmesini destekler, cildin elastikiyetini artırır ve ayrıca kırışıklıkları ve ince çizgileri agresif bir şekilde hedefler. C ve E Vitaminleri antioksidanlar sağlar, cildinizi aydınlatır ve cildinizin inkar edilemez derecede yumuşak ve esnek, genç bir ışıltıya sahip olmasını sağlar.,https://static.ticimax.cloud/cdn-cgi/image/width=76,quality=85/53520/uploads/urunresimleri/buyuk/rejuvi-a-retinly-serum-30-ml-d0-9c0.jpeg,CİLT BAKIM ÜRÜNLERİ > SERUM > ,REJUVI,TL3.500,00
Rejuvi ''B'' Moisturizing Lotion 100 ML,Normal ve yağlı ciltler tarafından kullanımı önerilen hafif formda güçlü nemlendirme etkisine sahip bir üründür.,https://static.ticimax.cloud/cdn-cgi/image/width=76,quality=85/53520/uploads/urunresimleri/buyuk/rejuvi-b-moisturizing-lotion-100-ml--a5ea5.jpeg,CİLT BAKIM ÜRÜNLERİ > LOSYON > ,REJUVI,TL2.800,00
Rejuvi ''B'' Skin Moisturizer Cream 50 GR,Normal, hassas ve yağlı ciltlere özel 3 formu ile en etkin güzellik sırlarını Rejuvi teknolojisi ile birleştirerek sunan güçlü bir nemlendiricidir.,https://static.ticimax.cloud/cdn-cgi/image/width=76,quality=85/53520/uploads/urunresimleri/buyuk/rejuvi-b-skin-moisturizer-cream-50-gr-063d7c.jpeg,CİLT BAKIM ÜRÜNLERİ > KREM > ,REJUVI,TL2.800,00
Rejuvi ''F'' Facial Wash 200 ML,Yağlı, parlak, karma, akneli ve gözenekli ciltler için derinlemesine temizleme sunan köpük formunda bir temizleyicidir.,https://static.ticimax.cloud/cdn-cgi/image/width=76,quality=85/53520/uploads/urunresimleri/buyuk/rejuvi-f-facial-wash-200-ml-a14e-9.jpeg,CİLT BAKIM ÜRÜNLERİ > KÖPÜK > ,REJUVI,TL1.650,00
Rejuvi ''G'' Aha Cream Sensitive 50 GR,Normal ve hassas ciltlere özel 2 formu ile anti-aging ve cilt yenileme etkisi sunan benzersiz bir üründür.,https://static.ticimax.cloud/cdn-cgi/image/width=76,quality=85/53520/uploads/urunresimleri/buyuk/rejuvi-g-aha-cream-sensitive-50-gr-dde7d-.jpeg,CİLT BAKIM ÜRÜNLERİ > KREM > ,REJUVI,TL3.500,00
Rejuvi ''G'' Aha Cream 50 GR,Normal ve hassas ciltlere özel 2 formu ile anti-aging ve cilt yenileme etkisi sunan benzersiz bir üründür.,https://static.ticimax.cloud/cdn-cgi/image/width=76,quality=85/53520/uploads/urunresimleri/buyuk/rejuvi-g-aha-cream-50-gr-af2-4e.jpeg,CİLT BAKIM ÜRÜNLERİ > KREM > ,REJUVI,TL3.500,00
Rejuvi ''G'' Aha Serum 30 ML,Yağlı, akneli ve gözenekli ciltler tarafından kullanılabilen çok yönlü ve etkin bir serumdur. %71 Deionized water ve %7 Glikolik asit içermekte olup aynı zamanda bitkisel ekstreler ile de zenginleştirilmiştir.,https://static.ticimax.cloud/cdn-cgi/image/width=76,quality=85/53520/uploads/urunresimleri/buyuk/rejuvi-g-aha-serum-30-ml-1-7f25.jpeg,CİLT BAKIM ÜRÜNLERİ > SERUM > ,REJUVI,TL3.500,00
Rejuvi ''H'' Skin Healing Gel 150 ML,Ciltte oluşan doku hasarının giderilmesi ve sakinleştirilmesi amacı ile tüm ciltler tarafından kullanılabilen çok yönlü bir üründür.,https://static.ticimax.cloud/cdn-cgi/image/width=76,quality=85/53520/uploads/urunresimleri/buyuk/rejuvi-h-skin-healing-gel-150-ml-3-4330.jpeg,CİLT BAKIM ÜRÜNLERİ > JEL > ,REJUVI,TL1.650,00
Rejuvi ''H'' Super Soothing Cream 10 GR,Doku zedelenmelerinde dokuyu sakinleştirir, onarır ve nemlendirir. %39 Aloe vera, %36 Shea butter, %14 Deionized water, %4 Suma ekstresi ve %1,5 Vitamin E içerir.,https://static.ticimax.cloud/cdn-cgi/image/width=76,quality=85/53520/uploads/urunresimleri/buyuk/rejuvi-h-super-soothing-cream-10-gr-8da452.jpeg,CİLT BAKIM ÜRÜNLERİ > KREM > ,REJUVI,TL1.350,00
Rejuvi ''H'' Super Soothing Lotion 100 ML,Doku zedelenmelerinde dokuyu sakinleştirir, onarır ve nemlendirir. %50 Deionized water, % 5 Aloe vera , %4 Shea butter, %3 Suma ekstresi, Gliserin ve Arnica ekstresi ve Allantoin içerir.,https://static.ticimax.cloud/cdn-cgi/image/width=76,quality=85/53520/uploads/urunresimleri/buyuk/rejuvi-h-super-soothing-lotion-100-ml-7b-4fe.jpeg,CİLT BAKIM ÜRÜNLERİ > LOSYON > ,REJUVI,TL1.350,00
Rejuvi ''K'' Facial Cleanser 200 ML,Normal ciltler için ciltte hassasiyet yaratmadan, derinlemesine temizleme sunan jel formunda bir temizleyicidir.,https://static.ticimax.cloud/cdn-cgi/image/width=76,quality=85/53520/uploads/urunresimleri/buyuk/rejuvi-k-facial-cleanser-200-ml-37-49c.jpeg,CİLT BAKIM ÜRÜNLERİ > JEL > ,REJUVI,TL1.650,00
Rejuvi ''N'' Night Cream 50 GR,Normal ve kuru ciltler için tavsiye edilen bu ekstra nemlendirici ürün cilt tarafından kolayca emilir. %69 Aloe vera, %10 Avokado yağı, %2 Gliserin, %1,5 Çuha çiçeği yağı, Ginseng ekstresi, Vitamin E ve C içerir.,https://static.ticimax.cloud/cdn-cgi/image/width=76,quality=85/53520/uploads/urunresimleri/buyuk/rejuvi-n-night-cream-50-gr--b889-.jpeg,CİLT BAKIM ÜRÜNLERİ > KREM > ,REJUVI,TL2.800,00
Rejuvi ''N'' Night Cream Dry 50 GR,Normal ve kuru ciltler için tavsiye edilen bu ekstra nemlendirici ürün cilt tarafından kolayca emilir. %69 Aloe vera, %10 Avokado yağı, %2 Gliserin, %1,5 Çuha çiçeği yağı, Ginseng ekstresi, Vitamin E ve C içerir.,https://static.ticimax.cloud/cdn-cgi/image/width=76,quality=85/53520/uploads/urunresimleri/buyuk/rejuvi-n-night-cream-dry-50-gr-474e-a.jpeg,CİLT BAKIM ÜRÜNLERİ > KREM > ,REJUVI,TL2.800,00
Rejuvi ''O'' Cleansing Milk 200 ML,Kuru, hassas ve olgun ciltleri irritasyona neden olmadan ve kurutmadan derinlemesine temizleyen krem formunda bir temizleyicidir.,https://static.ticimax.cloud/cdn-cgi/image/width=76,quality=85/53520/uploads/urunresimleri/buyuk/rejuvi-o-cleansing-milk-200-ml-f0a-54.jpeg,CİLT BAKIM ÜRÜNLERİ > TEMİZLEME SÜTÜ > ,REJUVI,TL1.650,00
Rejuvi ''P'' Normalizıng Cream 15 GR,%53 Deionized water, %2 Gliserin, %1 Üre peroksit, Çinko sülfat ve Çuha çiçeği yağı içerir.,https://static.ticimax.cloud/cdn-cgi/image/width=76,quality=85/53520/uploads/urunresimleri/buyuk/rejuvi-p-normalizing-cream-15-gr--4c7a-.jpeg,CİLT BAKIM ÜRÜNLERİ > KREM > ,REJUVI,TL2.500,00
Rejuvi ''P'' Normalizıng Cream Open 15 GR,%61 Deionized water, %3 Gliserin, Üre peroksit , Çinko sülfat ve Çuha çiçeği yağı içerir.,https://static.ticimax.cloud/cdn-cgi/image/width=76,quality=85/53520/uploads/urunresimleri/buyuk/rejuvi-p-normalizing-cream-open-15-gr-657876.jpeg,CİLT BAKIM ÜRÜNLERİ > KREM > ,REJUVI,TL2.500,00
Rejuvi ''P'' Skin Conditioner 30 ML,%57,5 Deionized water, %1 Salisilik a sit, B6 Vitamini ve Çinko sülfat içerir.,https://static.ticimax.cloud/cdn-cgi/image/width=76,quality=85/53520/uploads/urunresimleri/buyuk/rejuvi-p-skin-conditioner-30-ml-fd9038.jpeg,CİLT BAKIM ÜRÜNLERİ > KREM > ,REJUVI,TL2.500,00
Rejuvi ''Q'' Flavonoid Complex 30 ML,Rozaseli, telenjiektazili, hassas ve kızaran ciltler tarafından kullanılan bir üründür. %62 Vitamin P (Bioﬂavonoid), %17 Arnica ekstresi, %14 Tatlı badem yağı, %2 Vitamin K1, %2 Üzüm çekirdeği ekstresi ve Koenzim Q10 içerir.,https://static.ticimax.cloud/cdn-cgi/image/width=76,quality=85/53520/uploads/urunresimleri/buyuk/rejuvi-q-flavonoid-complex-30-ml-f4c4a6.jpeg,CİLT BAKIM ÜRÜNLERİ > SERUM > ,REJUVI,TL3.500,00
Rejuvi ''R'' Skin Refreshener 200 ML,Hassas, karma ve normal ciltler dahil tüm cilt tipleri tarafından kullanılabilen eşsiz etkilere sahip doğal bir toniktir.,https://static.ticimax.cloud/cdn-cgi/image/width=76,quality=85/53520/uploads/urunresimleri/buyuk/rejuvi-r-skin-refreshener-200-ml-ec5-48.jpeg,CİLT BAKIM ÜRÜNLERİ > TONİK > ,TL1.650,00
Rejuvi ''S'' Facial Sun Block SPF40 65 GR,Tüm cilt tipleri tarafından yüz bölgesinde kullanılabilen SPF40 değerinde güneş koruyucudur.,https://static.ticimax.cloud/cdn-cgi/image/width=76,quality=85/53520/uploads/urunresimleri/buyuk/rejuvi-s-facial-sun-block-spf40-65-gr-e6ce22.jpeg,CİLT BAKIM ÜRÜNLERİ > GÜNEŞ KORUMA > ,REJUVI,TL1.650,00
Rejuvi ''S'' Facial Sun Block SPF40 Tinted 65 GR,Tüm cilt tipleri tarafından yüz bölgesinde kullanılabilen SPF40 değerinde güneş koruyucudur.,https://static.ticimax.cloud/cdn-cgi/image/width=76,quality=85/53520/uploads/urunresimleri/buyuk/rejuvi-s-facial-sun-block-spf40-tinted-d93-89.jpeg,CİLT BAKIM ÜRÜNLERİ > GÜNEŞ KORUMA > ,REJUVI,TL1.650,00
Rejuvi ''T'' Bio Firming Gel 30 ML,Sarkmış ve sıkılığını kaybetmiş ciltler için anında sıkılaştırıcı ve toparlayıcı etki gösteren mucizevi bir üründür.,https://static.ticimax.cloud/cdn-cgi/image/width=76,quality=85/53520/uploads/urunresimleri/buyuk/rejuvi-t-bio-firming-gel-30-ml-6-1282.jpeg,CİLT BAKIM ÜRÜNLERİ > JEL > ,REJUVI,TL3.500,00
Rejuvi ''V'' Nourishing Cream 50 GR,Çok kuru ciltler için besleyici etkiler sunan muhteşem bir nemlendiricidir.,https://static.ticimax.cloud/cdn-cgi/image/width=76,quality=85/53520/uploads/urunresimleri/buyuk/rejuvi-v-nourishing-cream-50-gr-46d8-4.jpeg,CİLT BAKIM ÜRÜNLERİ > KREM > ,REJUVI,TL2.800,00
Rejuvi ''W'' Skin Whitening Cream 30 GR,%63 Deionized water, %10 Ayçiçeği ekstresi, %5 Buğday tohumu ekstresi %6 Kuşburnu ekstresi, Alfa arbutin, Meyan kökü ekstresi, Koenzim Q10 ve Vitamin E-C içerir.,https://static.ticimax.cloud/cdn-cgi/image/width=76,quality=85/53520/uploads/urunresimleri/buyuk/rejuvi-w-skin-whitening-cream-30-gr-a083-6.jpeg,CİLT BAKIM ÜRÜNLERİ > KREM > ,REJUVI,TL2.500,00
Rejuvi ''W'' Whitening Toner 100 ML,%82 Deionized water, %5 Buğday tohumu ekstresi, %2 Magnezyum askorbil fosfat, %1 Kojik asit ve Meyan kökü ekstresi içerir.,https://static.ticimax.cloud/cdn-cgi/image/width=76,quality=85/53520/uploads/urunresimleri/buyuk/rejuvi-w-whitening-toner-100-ml--8a30-.jpeg,CİLT BAKIM ÜRÜNLERİ > TONİK > ,REJUVI,TL2.500,00
Rejuvi ''X'' Cell Vitamin C Complex 30 ML,Cilt hücrelerinin yenilenmesi amacı ile tüm ciltler tarafından kullanılabilir.,https://static.ticimax.cloud/cdn-cgi/image/width=76,quality=85/53520/uploads/urunresimleri/buyuk/rejuvi-x-cell-vitamin-c-complex-30-ml-e-916f.jpeg,CİLT BAKIM ÜRÜNLERİ > SERUM > ,REJUVI,TL3.500,00
Rejuvi ''Y'' Light Moisturizer Cream 50 GR,Akneli, yağlı ve gözenek problemi olan genç ciltler başta olmak üzere neme ihtiyaç duyan tüm ciltler tarafından kullanılan su bazlı bir kremdir.,https://static.ticimax.cloud/cdn-cgi/image/width=76,quality=85/53520/uploads/urunresimleri/buyuk/rejuvi-y-light-moisturizer-cream-50-gr-49a3-1.jpeg,CİLT BAKIM ÜRÜNLERİ > KREM > ,REJUVI,TL2.500,00
Rejuvi ''Z'' Facial Contour Cream 50 GR,Yüz kontürünün şekillenmesi ve bölgesel yağlanmalardan kaynaklı sarkmaları toparlamak için tüm ciltler tarafından kullanılabilen krem formunda eşsiz bir üründür.,https://static.ticimax.cloud/cdn-cgi/image/width=76,quality=85/53520/uploads/urunresimleri/buyuk/rejuvi-z-facial-contour-cream-50-gr-4d9a-9.jpeg,CİLT BAKIM ÜRÜNLERİ > KREM > ,REJUVI,TL3.500,00
Rejuvi Exfoliating Mask 65 GR,Yağlı, olgun, lekeli ve gözenekli ciltlerin kullanımına uygundur.,https://static.ticimax.cloud/cdn-cgi/image/width=76,quality=85/53520/uploads/urunresimleri/buyuk/rejuvi-exfoliating-mask-65-gr-652-cd.jpeg,CİLT BAKIM ÜRÜNLERİ > MASKE > ,REJUVI,TL1.650,00
Rejuvi Facial Firming Mask 60 GR,Olgun, sarkmış, sıkılığını kaybetmiş ve anti-aging ihtiyacı olan ciltler tarafından tercih edilir. %54 Aloe vera, %7 Kaolin, %5,5 Çinko oksit, %4 Buğday tohumu ekstresi, Retinil palmitat ve Kinetin içerir.,https://static.ticimax.cloud/cdn-cgi/image/width=76,quality=85/53520/uploads/urunresimleri/buyuk/rejuvi-facial-firming-mask-60-gr-7cbfca.jpeg,CİLT BAKIM ÜRÜNLERİ > MASKE > ,TL1.650,00
Rejuvi Hydrating Mask 65 GR,Kil içermeyen bu maske özellikle çok kuru ve hassas ciltlerin nemlendirilmesi için uygundur.,https://static.ticimax.cloud/cdn-cgi/image/width=76,quality=85/53520/uploads/urunresimleri/buyuk/rejuvi-hydrating-mask-65-gr-b9248c.jpeg,CİLT BAKIM ÜRÜNLERİ > MASKE > ,REJUVI,TL1.650,00
Rejuvi Purifying Mask 65 GR,Özellikle yağlı ve gözenekli ciltler tarafından kullanımı tavsiye edilmektedir. % 54 Deionized water, %15 Bentonite, %13 Kaolin, %8 Çinko oksit, %1,5 Sülfür ve %1 Papain içerir.,https://static.ticimax.cloud/cdn-cgi/image/width=76,quality=85/53520/uploads/urunresimleri/buyuk/rejuvi-purifying-mask-65-gr-d51-4a.jpeg,CİLT BAKIM ÜRÜNLERİ > MASKE > ,REJUVI,TL1.650,00
Renewal Crème 50 ML,Tüm cilt tiplerinde kullanıma uygun retinol içerikli yenileyici ve hafif bir kremdir. Cildi nemlendirir, hassasiyeti azaltır ve cilt tonunu dengeler.,https://static.ticimax.cloud/cdn-cgi/image/width=76,quality=85/53520/uploads/urunresimleri/buyuk/renewal-cr-me-50-ml-d328f6.jpeg,CİLT BAKIM ÜRÜNLERİ > KREM > ,ZO SKIN HEALTH,TL6.100,00
Renewal Lip Complex 1,75 ML,Nemlendiren günlük dudak bakımı, dudakları yumuşatmaya ve beslemeye yardımcıdır. Dudakları Avakado Yağı, Shea Butter ve Kakao Çekirdek Yağı ile beslemek ve nemlendirmek için ihtiyaç duydukça uygulayın. Polipeptid, kontür çizgilerini azaltmaya ve serbest radikal hasar ile oluşmuş zamansız yaşlanma belirtilerini önlemeye yardımcı olur.,https://static.ticimax.cloud/cdn-cgi/image/width=76,quality=85/53520/uploads/urunresimleri/buyuk/renewal-lip-complex-175-ml-85ba8-.jpeg,CİLT BAKIM ÜRÜNLERİ > DUDAK BAKIMI > ,DERMALOGICA,TL1.650,00
Repairing Nutritive Night Cream 50 ML,Tüm ciltler için temel besleyici gece bakımı. Cilt yaşlanmasını gözle görülür şekilde yumuşatır, cildi nemlendirir ve onarır. Hatları pürüzsüzleştirirken yorgunlukla savaşır ve cildi canlandırır,https://static.ticimax.cloud/cdn-cgi/image/width=76,quality=85/53520/uploads/urunresimleri/buyuk/repairing-nutritive-night-cream-50-ml--9b18-.jpeg,CİLT BAKIM ÜRÜNLERİ > KREM > ,BELLEFONTAINE S.,
REPARATION U.V. 50 ml,Bitkilerden elde edilen nemlendirici, lipit yenileyici ve sakinleştirici etken maddeler açısından zengin formül sayesinde, Réparation U.V. Güneşe maruz kaldıktan sonra cildi yatıştırır ve yeniler.,https://static.ticimax.cloud/cdn-cgi/image/width=76,quality=85/53520/uploads/urunresimleri/buyuk/reparation-u.v.-50-ml-5f0-ac.jpeg,CİLT BAKIM ÜRÜNLERİ > GÜNEŞ KORUMA > ,BIOLOGIQUE R.,
Reparative Moisture Emulsion 50 GR,Reparative Moisture Emulsion, cildi pürüzsüzleştirici, nemlendirici, ince çizgilerin ve kırışıklıkların görünümünü azaltan, derin hidrasyon sağlayan, gençleştirici nemlendirici, bitkiler, peptitler ve güçlü antioksidanlar ile formüle edilmiş onarıcı nemlendirici kremdir.,https://static.ticimax.cloud/cdn-cgi/image/width=76,quality=85/53520/uploads/urunresimleri/buyuk/reparative-moisture-emulsion-50-gr-52b-70.jpeg,CİLT BAKIM ÜRÜNLERİ > KREM > ,IS CLINICAL,TL4.451,00
Replenishing Cleanser 150 ML,İçeriğindeki zengin amino asit, seramid, gliserin ve yararlı yağlar sayesinde cildi arındırırken nemin cilde hapsolmasını sağlar. Bu sayede uygulama sonrasında ciltte gerginlik hissi oluşmaz. Kremsi dokusu sayesinde kolayca köpürür ve yayılır. Ciltteki kir, fazla sebum ve uzun süre kalıcı makyajı temizler.,https://static.ticimax.cloud/cdn-cgi/image/width=76,quality=85/53520/uploads/urunresimleri/buyuk/replenishing-cleanser-150-ml-d-440c.jpeg,CİLT BAKIM ÜRÜNLERİ > KÖPÜK > ,SKINCEUTICALS,TL2.150,00
Restore - Bionic Face Cream 40 GR,İpeksi bir yüzeye sahip süper zengin, balsam benzeri krem, gergin cildin görünümünü yatıştırmak ve rahatlatmak için yoğun nemlendirme sağlar. Cildinizin dokusunu iyileştirirken, stresli cilt görünümünü canlandırmaya yardımcı olur.,https://static.ticimax.cloud/cdn-cgi/image/width=76,quality=85/53520/uploads/urunresimleri/buyuk/restore-bionic-face-cream-40-gr-8-ea51.jpeg,CİLT BAKIM ÜRÜNLERİ > KREM > ,NEOSTRATA,TL4.550,00
Restore - Bionic Face Serum 30 ML,Bu parlaklık ve dokulu yüz serumu, gelişmiş parlaklık, yoğun nemlendirme ve genel netlik dahil olmak üzere fotoyaşlanma belirtilerini düzeltmeye yardımcı olmak için formüle edilmiştir. Cildin nem bariyerini yenilemeye ve çevresel faktörlere karşı korumaya yardımcı olan güçlü bir antioksidan olan %10 Polihidroksi Asit (PHA) içerir.,https://static.ticimax.cloud/cdn-cgi/image/width=76,quality=85/53520/uploads/urunresimleri/buyuk/restore-bionic-face-serum-30-ml-8533-4.jpeg,CİLT BAKIM ÜRÜNLERİ > SERUM > ,NEOSTRATA,TL5.110,00
Restore - Bionic Lotion 200 ML,Bu hafif, tahriş edici olmayan losyon, yüz ve vücut için kuru, reaktif cildi yatıştırmak için tasarlanmıştır. Nemi çeken ve cilde bağlayan bir nemlendirici görevi gören güçlü bir %15 Polihidroksi Asit (PHA) karışımı ile formüle edilmiştir. Yüz ve vücuttaki pürüzlü, kuru cildi yumuşatmak, nazikçe pul pul dökmek için formüle edilmiştir ve çevresel faktörlere karşı korunmaya yardımcı olmak için onarıcı antioksidanlar sağlar.,https://static.ticimax.cloud/cdn-cgi/image/width=76,quality=85/53520/uploads/urunresimleri/buyuk/restore-bionic-lotion-200-ml-42f8-9.jpeg,CİLT BAKIM ÜRÜNLERİ > LOSYON > ,NEOSTRATA,TL4.410,00
Restore - Facial Cleanser 200 ML,Bu sabunsuz, köpürmeyen jel formülasyonu, cildi nazikçe temizler ve takip eden cilt bakımı aşamasını optimize etmek için cildi hazırlar. Cildin koruyucu nem bariyerini kurutmadan hafifçe pul pul döktüğü bilinen tahriş edici olmayan Polihidroksi Asit (PHA) ile formüle edilmiştir.,https://static.ticimax.cloud/cdn-cgi/image/width=76,quality=85/53520/uploads/urunresimleri/buyuk/restore-facial-cleanser-200-ml-beb95a.jpeg,CİLT BAKIM ÜRÜNLERİ > YIKAMA JELİ > ,NEOSTRATA,TL2.170,00
Restore - Redness Neutralizing Serum 29 GR,Leke oluşumunu engellemeyi hedefler ve lekeye meyilli cildi yatıştırır. NEOSTRATA BioCalm Kompleksi ile formüle edilmiş bu nemlendirici, serinletici yüz serumu ile kızarıklığa karşı mücadele edin. Bu kompleks, cildin nem bariyerini güçlendirdiği bilinen Polihidroksi Asit ve kuruyan çevresel stres faktörlerine karşı korumaya yardımcı olan antioksidan özler içerir.,https://static.ticimax.cloud/cdn-cgi/image/width=76,quality=85/53520/uploads/urunresimleri/buyuk/restore-redness-neutralizing-serum-29--b5309b.jpeg,CİLT BAKIM ÜRÜNLERİ > SERUM > ,NEOSTRATA,TL4.830,00
RESTORING PERFECTION UVB SPF50 30 ML,Yüksek koruma UVA / UVB güneş kremi Kolajeni etkinleştirmek için UV enerjisini yönlendirir Bu özel SPF 50 krem, koruyucu aktif bileşenlerle dolu yaşlanmayı geciktirici bir örtü oluşturur. Cildi koruyucu bir ışıltı ile sarar, aktif bileşenleri yenileyici ve onarıcı özelliklere sahiptir. UV ışınlarının etkisi altında, benzersiz Silisyum D² kompleksi, günlük güneş stresinin etkilerini telafi etmek için kolajen üretimini uyarır. Yıl boyu güneşte veya şehir ortamında ideal. Tüm cilt tipleri için uygundur.,https://static.ticimax.cloud/cdn-cgi/image/width=76,quality=85/53520/uploads/urunresimleri/buyuk/restoring-perfection-uvb-spf50-30-ml-218fab.jpg,CİLT BAKIM ÜRÜNLERİ > GÜNEŞ KORUMA > ,VALMONT,TL7.200,00
Resurface - Foaming Glycolic Wash 125 ML,Bu güçlü köpük temizleyici, cilt tonunu gözle görülür şekilde eşitlediği bilinen Glikolik Asit içerir ve tıkanmış gözenekleri temizlemeye ve cilt yüzeyini hafifçe pul pul dökmeye yardımcı olarak cildin yüzeyini yeniden oluşturmak için formüle edilmiştir ve cildi takip eden rejimin optimum faydaları için hazırlar.,https://static.ticimax.cloud/cdn-cgi/image/width=76,quality=85/53520/uploads/urunresimleri/buyuk/resurface-foaming-glycolic-wash-125-ml-dc02ad.jpeg,CİLT BAKIM ÜRÜNLERİ > KÖPÜK > ,NEOSTRATA,TL2.170,00
Resurface - Glycolic Renewal Serum 30 ML,Bu hafif serum, güçlü pürüzsüzleştirme ve yenileyici faydalar için cilt tarafından kolayca emilir. Bu yüksek etkili AHA antioksidan karışımı, cildin yüzey dokusunun görünümünü yenilemek için formüle edilmiş %10 Alfa Hidroksi Asit (AHA) ve antioksidanların güçlü bir kombinasyonunu içerir.,https://static.ticimax.cloud/cdn-cgi/image/width=76,quality=85/53520/uploads/urunresimleri/buyuk/resurface-glycolic-renewal-serum-30-ml--92e7-.jpeg,CİLT BAKIM ÜRÜNLERİ > SERUM > ,NEOSTRATA,TL5.110,00
Resurface - High Potency Cream 30 GR,Bu son derece güçlü, ipeksi krem, düzensiz cilt tonunun görünümünü azaltmak ve kümülatif UV ışınlarına maruz kalan cildin yenilenmesine ve canlanmasına yardımcı olurken gelecekteki hasarı önlemeye yardımcı olmak için formüle edilmiştir.,https://static.ticimax.cloud/cdn-cgi/image/width=76,quality=85/53520/uploads/urunresimleri/buyuk/resurface-high-potency-cream-30-gr-8bc348.jpeg,CİLT BAKIM ÜRÜNLERİ > KREM > ,NEOSTRATA,TL4.690,00
Resurface - Smooth Surface Daily Peel/Smooth Surface Glycolic Peel,Bu gelişmiş, evde kullanılan kimyasal peeling, günlük AHA cilt bakım rejiminin bir parçası olarak kullanıldığında cilt dokusunu iyileştirmek, cilt tonunu iyileştirmek, çizgi ve kırışıklıkların görünümünü, hatta gözle görülür renk bozulmalarını azaltmak, gözenekleri temizlemek ve cilt pürüzlülüğünü en aza indirmek için formüle edilmiştir.,https://static.ticimax.cloud/cdn-cgi/image/width=76,quality=85/53520/uploads/urunresimleri/buyuk/resurface-smooth-surface-daily-peelsmo-31bd08.jpeg,CİLT BAKIM ÜRÜNLERİ > PEELING > ,NEOSTRATA,TL4.410,00
Resurface - Ultra Smoothing Cream/Glycolic Renewal Smoothing Cream 40 GR,İpeksi, hafif doku arındırıcı yüz nemlendiricisi, cildin görünümünü pürüzsüzleştirir ve daha eşit bir ton oluşturmaya yardımcı olur. Ayrıca koyu lekeler, ince çizgiler, kırışıklıklar ve donukluk gibi gözle görülür yaşlanma belirtilerini azaltmak için Glikolik ve Sitrik Asitlerin %10 Alfa Hidroksi Asit (AHA) karışımına sahiptir.,https://static.ticimax.cloud/cdn-cgi/image/width=76,quality=85/53520/uploads/urunresimleri/buyuk/resurface-ultra-smoothing-creamglycoli-f-eb41.jpeg,CİLT BAKIM ÜRÜNLERİ > KREM > ,NEOSTRATA,TL4.410,00
Resurface - Ultra Smoothing Lotion/Glycolic Renewal Smoothing 200 ML,Bu hafif, peeling vücut losyonu ile yüzünüze, vücudunuza ve ellerinize gençlik katın. Bu vücut losyonu, gözle görülür şekilde daha pürüzsüz bir görünüm için cildin gençleşmesini desteklemek için Glikolik ve Sitrik Asitlerin %10 Alfa Hidroksi Asit karışımına sahiptir.,https://static.ticimax.cloud/cdn-cgi/image/width=76,quality=85/53520/uploads/urunresimleri/buyuk/resurface-ultra-smoothing-lotionglycol-44-993.jpeg,CİLT BAKIM ÜRÜNLERİ > LOSYON > ,NEOSTRATA,TL4.410,00
Resveratrol BE 30 ML,Resveratrol B E; Vitamin E ve baicalin ile zenginleştirilmiş gece antioksidan bakımıdır. Serbest radikalleri nötralize etmeye yardımcı olur. Yaşlanma belirtilerinin görünümünü ve sıkılık kaybını azaltır, cilde daha aydınlık bir görünüm sağlar.,https://static.ticimax.cloud/cdn-cgi/image/width=76,quality=85/53520/uploads/urunresimleri/buyuk/resveratrol-be-30-ml-bf-4af.jpeg,CİLT BAKIM ÜRÜNLERİ > SERUM > ,SKINCEUTICALS,TL7.550,00
Retexturing Activator 30 ML,Retexturing Activator, hyalüronik asit içeren formülü ile ince çizgi ve kırışıklıkların görünümünü azaltır ve cilde daha parlakı bir görünüm kazandırır.,https://static.ticimax.cloud/cdn-cgi/image/width=76,quality=85/53520/uploads/urunresimleri/buyuk/retexturing-activator-30-ml-63-483.jpeg,CİLT BAKIM ÜRÜNLERİ > SERUM > ,SKINCEUTICALS,TL4.150,00
Retinal ReSculpt Overnight Treatment 30 ml,Murad'ın yeni nesil serumu, farmasötik uygulamalarda kullanılan teknolojiden uyarlanmış bir dağıtım sistemi içinde kapsüllenmiş, A vitamininin en etkili formlarından biri olan retinal içerir. Geliştirilmiş stabilite ve cilt yüzeyinin derinliklerine hedeflenen uygulama ile bu yeni tedavi, boyun/gıdı sarkmasını kaldırarak (2 hafta), derin kırışıklıkları/crepey cildi yumuşatarak (2 hafta) ve cilt elastikiyetini artırarak (4 hafta) dönüştürücü sonuçlar yaratabilir. hepsi cildi esnek, yumuşak ve nemli hissettiren besleyici bir formülde.,https://static.ticimax.cloud/cdn-cgi/image/width=76,quality=85/53520/uploads/urunresimleri/buyuk/retinal-resculpt-overnight-treatment-3-3-4bc9.jpeg,CİLT BAKIM ÜRÜNLERİ > SERUM > ,MURAD,TL8.625,00
Retinol 0.3 30 ML,Cilde canlı bir görünüm kazandırır, gözenek görünümünü azaltır ve cilt tonunu eşitler. İnce çizgilerin ve kırışıklıkların görünümünü azaltır. Yenilenmiş formülü, güneşten hasar görmüş, cilt kusurları ve tıkalı gözenekleri olan ciltler için idealdir.,https://static.ticimax.cloud/cdn-cgi/image/width=76,quality=85/53520/uploads/urunresimleri/buyuk/retinol-0.3-30-ml-76d-b4.jpeg,CİLT BAKIM ÜRÜNLERİ > SERUM > ,SKINCEUTICALS,TL4.250,00
Retinol Care Serum 30 ML,Anti-aging, onarma, ihtiyacı olan ciltlerin bakımında kullanılır. Peeling, işlemi görmüş ciltlerde cildin yenilenmesini sağlar.,https://static.ticimax.cloud/cdn-cgi/image/width=76,quality=85/53520/uploads/urunresimleri/buyuk/retinol-care-serum-30-ml--48cf-.jpeg,CİLT BAKIM ÜRÜNLERİ > SERUM > ,THERADERM,
Retinol Clearing Oil 30 ML,Lipid baz ile güçlendirilmiş taşıma sistemi, cildi taklit eden Argan, Kuşburnu Çekirdeği ve Golden Jojoba Yağları fitolipidleri ile cildi besler. Yavaş salınımlı Retinol gece boyunca çalışarak cilt onarımını arttırır ve ince çizgilerin, kırışıklıkların ve hiperpigmentasyonun görünümünü azaltır. Salisilik Asit sivilceleri hedefleyerek cildi temizlemeye yardımcı olur.,https://static.ticimax.cloud/cdn-cgi/image/width=76,quality=85/53520/uploads/urunresimleri/buyuk/retinol-clearing-oil-30-ml-0b18ab.jpeg,CİLT BAKIM ÜRÜNLERİ > SERUM > ,DERMALOGICA,TL4.050,00
Retinol Skin Brightener %1 30 ML,Bu etkili retinol karışımı, cilt tonu eşitsizliğini ve yaşlılık lekelerini önleyip, daha parlak ve homojen bir cilt tonu için antioksidan koruma sağlar.,https://static.ticimax.cloud/cdn-cgi/image/width=76,quality=85/53520/uploads/urunresimleri/buyuk/retinol-skin-brightener-1-30-ml-0-b859.jpeg,CİLT BAKIM ÜRÜNLERİ > KREM > ,ZO SKIN HEALTH,TL4.000,00
Retinol Skin Brightener %1 50 ML,Bu etkili retinol karışımı, cilt tonu eşitsizliğini ve yaşlılık lekelerini önleyip, daha parlak ve homojen bir cilt tonu için antioksidan koruma sağlar.,https://static.ticimax.cloud/cdn-cgi/image/width=76,quality=85/53520/uploads/urunresimleri/buyuk/retinol-skin-brightener-1-50-ml-fdbbd-.jpeg,CİLT BAKIM ÜRÜNLERİ > KREM > ,ZO SKIN HEALTH,TL6.500,00
Retinol Youth Renewal Night Cream 50 ML,Amerika’nın 1 Numaralı Retinol Markası* İçeriğindeki patentli Retinol Tri-Active Teknolojisi ve zengin yapısı ile ince çizgi ve kırışıklıkların görünümünü gözle görülür biçimde azaltmaya yardımcı olur. Peptit bakımından zengin Kırmızı Yosun Özü ile cilt elastikiyetini arttırmayı ve yüz ovalini toparlamayı destekler. Cildi anında nemlendirmeye yardımcı olur. Cilde dolgun ve genç bir görünüm vermeyi destekler. Uyurken gençliğinizi geri kazanmanıza yardımcı olur. *Kaynak: The NPD Group, Inc. Based on U.S.,https://static.ticimax.cloud/cdn-cgi/image/width=76,quality=85/53520/uploads/urunresimleri/buyuk/retinol-youth-renewal-night-cream-50-m-4bb5-9.jpeg,CİLT BAKIM ÜRÜNLERİ > KREM > ,MURAD,TL7.230,00
Retinol Youth Renewal Serum 30 ML,*Amerika’nın 1 Numaralı Retinol Markası İçerdiği Retinol Tri-Active Teknolojisi, hızlı etkili bir retinoid, zamanla salınan bir retinol ve retinol güçlendiricinin tescilli bir kombinasyonu, çizgileri ve derin kırışıklıkları hızlı ve gözle görülür şekilde en aza indirir, cilt tonunu eşitler ve parlaklığı artırır. Swertia Çiçek Özü, cildin direncini artırarak sıkılığı ve elastikiyeti artırmaya yardımcı olur. Hyaluronik Asit Küreleri, cildi anında dolgunlaştırmak ve pürüzsüzleştirmek için nemi cildin yüzeyinin derinliklerine çeker.Cildin daha aydınlık ve sağlıklı görünmesini destekler. *Kaynak: The NPD Group, Inc. Based on U.S.,https://static.ticimax.cloud/cdn-cgi/image/width=76,quality=85/53520/uploads/urunresimleri/buyuk/retinol-youth-renewal-serum-30-ml-8eb95-.jpeg,CİLT BAKIM ÜRÜNLERİ > SERUM > ,MURAD,TL7.555,00
Retinol+ Emulsion 0.3 30 GR,Son derece aktif, hızlı etkili Retinol+ Emülsiyon 0.3, ince çizgilerin ve derin kırışıklıkların görünümünü azaltmaya yardımcı olmak için botanik kökenli Retinol'ü Bakuchiol, diğer güçlü bitkisel güçlendiriciler, antioksidanlar ve Ekstremozimlerin özel bir karışımıyla birleştiren hafif bir yüzey yenileme sağlar.,https://static.ticimax.cloud/cdn-cgi/image/width=76,quality=85/53520/uploads/urunresimleri/buyuk/retinol-emulsion-0-b9b-89.jpeg,CİLT BAKIM ÜRÜNLERİ > SERUM > ,IS CLINICAL,TL4.451,00
Retinol+ Emulsion 1.0 30 GR,Maksimum mukavemetli, hızlı etkili Retinol+ Emülsiyon 1.0, ince çizgilerin ve derin kırışıklıkların görünümünü azaltmaya yardımcı olmak için botanik kökenli Retinol'ü Bakuchiol, diğer güçlü botanik güçlendiriciler, antioksidanlar ve Extremozymes®'in özel bir karışımıyla birleştiren güçlü bir yüzey yenileme formülümüzdür. Pürüzsüz, ışıltılı bir cilt için cilt tonunu ve dokusunu düzenler.,https://static.ticimax.cloud/cdn-cgi/image/width=76,quality=85/53520/uploads/urunresimleri/buyuk/retinol-emulsion-1-6-b5cd.jpeg,CİLT BAKIM ÜRÜNLERİ > SERUM > ,IS CLINICAL,TL5.510,00
Revitalixir Recovery Serum 40 ML,Matlık, nemsizlik, ince çizgi ve kırışıklıklar, şişkinlik gibi stres nedeniyle oluşabilecek yaşlanma belirtilerinin görünümünü azaltmaya yardımcı olur. Nöropeptit,Kenevir, Diş Otu Özü Karışımı, Nikotinik Asit (Niacinamide) ve Kafein ile cilde anında tazelenmiş bir görünüm vermeyi destekler.,https://static.ticimax.cloud/cdn-cgi/image/width=76,quality=85/53520/uploads/urunresimleri/buyuk/revitalixir-recovery-serum-40-ml-5-d232.jpeg,CİLT BAKIM ÜRÜNLERİ > SERUM > ,MURAD,TL7.970,00
Rich Cream - 50 ml,Kuru ciltler için zengin, yoğun 24 saat kalıcı yüz kremi - erkek cildinin ek lipidlere ihtiyaç duyduğu kış aylarında da kullanılabilir. Bu kremamsı krem cildi anında rahatlatır, eksiklikleri giderir, cildin direncini güçlendirir, cilde elastikiyet kazandırır ve kalıcı bir rahatlık yaratır.,https://static.ticimax.cloud/cdn-cgi/image/width=76,quality=85/53520/uploads/urunresimleri/buyuk/rich-cream-50-ml--4cd3-.jpeg,CİLT BAKIM ÜRÜNLERİ > KREM > ,MBR,TL10.258,00
Rich Full-Time Care 21 - 50 ml,Kuru ciltler için yumuşatıcı zengin bakım kremi Özellikler; Cildi rahatlatır. Eşsiz bir esneklik sağlar. Kırışıkların görünümünü azaltır Hücrelerin daha sağlıklı olmasını sağlar. Cilde daha sıkı ve dolgun bir görünüm verir. Uygulama; Gündüz ve akşam, cildi temizledikten ve serum uyguladıktan sonra Rich Full-Time Care 21 ‘i yüzünüze hafifçe masaj yaparak uygulayın.,https://static.ticimax.cloud/cdn-cgi/image/width=76,quality=85/53520/uploads/urunresimleri/buyuk/rich-full-time-care-21-50-ml--33fa-.jpeg,CİLT BAKIM ÜRÜNLERİ > ,TL7.115,00
Rose Aromatic Care Hydra-Nourishing 15ML,Faydaları: Kuru ve çok kuru ciltler için nemlendirici Gül içeriğinin 3 farklı formu ile cildi besler ve derinlemesine nemlendirir. Cildi nem kaybına karşı korur. Doğal içeriği sayesinde cilt bariyerini güçlendirmeye yardımcı olur. Kullanımı: Gündüz. Uygun serumdan sonra uygulayın. Gece. Hydra-Nourishing Rose Aromatik bakımdan sonra uygulayın. Botanik İçerikler: Gül, Çuha çiçeği, çayır tohumu , Yaban mersini,https://static.ticimax.cloud/cdn-cgi/image/width=76,quality=85/53520/uploads/urunresimleri/buyuk/rose-aromatic-care-hydra-nourishing-15-98f9f-.jpeg,CİLT BAKIM ÜRÜNLERİ > KREM > ,DARPHIN,TL2.475,00
Rose Hydra-Nourishing Oil Cream 50ML,Faydaları:,https://static.ticimax.cloud/cdn-cgi/image/width=76,quality=85/53520/uploads/urunresimleri/buyuk/rose-hydra-nourishing-oil-cream-50ml-e-3f16.jpeg,CİLT BAKIM ÜRÜNLERİ > KREM > ,DARPHIN,TL2.605,00
Rozatrol 50 ML,Hassaslaşmış cilt için hazırlanmış ZO-RRS2™ içerikli bu serum, cildi normal haline getirmek ve erken yaşlanmayı önlemek için fazla olan yüzey yağlarını azaltır.,https://static.ticimax.cloud/cdn-cgi/image/width=76,quality=85/53520/uploads/urunresimleri/buyuk/rozatrol-50-ml--e179b.jpeg,CİLT BAKIM ÜRÜNLERİ > SERUM > ,ZO SKIN HEALTH,TL5.100,00
Salicylic Wash 140 ML,Cilt yüzeyinde biriken yağ fazlasını ciltten uzaklaştırmak ve genişlemiş gözenekleri temizlemek, lekeyi önlemek için kullanılır. Genişlemiş gözeneklerin sıkılaştırılmasına, temizlenmesine ve siyah nokta oluşumunun önlenmesini sağlar.,https://static.ticimax.cloud/cdn-cgi/image/width=76,quality=85/53520/uploads/urunresimleri/buyuk/salicylic-wash-140-ml-43e7d-.jpeg,CİLT BAKIM ÜRÜNLERİ > YIKAMA JELİ > ,THERADERM,
Seaweed Mask 250 ML,Zengin marina mineral içeriği ile cildi beslemeyi sağlar ve nemlendirir. Mat görünümlü kuru ciltler için idealdir.,https://static.ticimax.cloud/cdn-cgi/image/width=76,quality=85/53520/uploads/urunresimleri/buyuk/seaweed-mask-250-ml-5a-210.jpeg,CİLT BAKIM ÜRÜNLERİ > MASKE > ,THERADERM,
Sebum Clearing Masque 75 ML,Rahatlatıcı kil maske sivilceleri arındırmaya ve zamansız yaşlanma belirtilerini azaltmaya yardımcı olur. Yağ emici killer ciltte detoks etkisine yardımcı olurken Salisilik Asit gözenekleri tıkayan birikimleri temizler. Sakinleştirici içerikler, Yulaf ve Bisabolol sivilceden kaynaklanan cilt hassasiyetini rahatlatmaya yardımcı olur. Yalancı Safran Yağı ince nemsizlik çizgilerini azaltmaya yardımcı olur. Meyankökü ve Niyasinamid içeren bu maske, cilt tonunu düzenlemeye de yardımcı olur.,https://static.ticimax.cloud/cdn-cgi/image/width=76,quality=85/53520/uploads/urunresimleri/buyuk/sebum-clearing-masque-75-ml-e-b05c.jpeg,CİLT BAKIM ÜRÜNLERİ > MASKE > ,DERMALOGICA,TL2.335,00
SECRETS OF BEAUTY - DELICATE AREAS,V-NECK CREAM: Boyun ve dekolte kremi,https://static.ticimax.cloud/cdn-cgi/image/width=76,quality=85/53520/uploads/urunresimleri/buyuk/secrets-of-beauty-delicate-areas-cc8c0a.jpeg,CİLT BAKIM ÜRÜNLERİ > SET > ,VALMONT,TL13.800,00
SECRETS OF BEAUTY - MOTHER & DAUGHTER MOMENTS,Prime Renewing pack: Cildi anında yenileyen maske,https://static.ticimax.cloud/cdn-cgi/image/width=76,quality=85/53520/uploads/urunresimleri/buyuk/secrets-of-beauty-mother-daughter-mome-eab29-.jpeg,CİLT BAKIM ÜRÜNLERİ > SET > ,VALMONT,TL9.150,00
Sensitive - Calm Plus Amp. (7*2ml),Hassas , kızarık, nemsiz ciltler için cilde nemlendirme ve yatıştırıcı etki gösterir. Cildi kullanıldığı an rahatlatır ve kızarıklık görünümünü azaltır.,https://static.ticimax.cloud/cdn-cgi/image/width=76,quality=85/53520/uploads/urunresimleri/buyuk/sensitive-calm-plus-amp.-72ml-38e-c3.jpeg,CİLT BAKIM ÜRÜNLERİ > SERUM > ,SCHRAMMEK,TL2.025,00
Sensitive - ProbioSense 50 ML,ProbioSense, cildin mikrofolarısnı doğal dengesinde destekler. Çoklı koruma sağlar ve cilt tahrişlerini,kızarıklarını etkili bir şekilde yatıştırır. İçeriğinde Biotylis, Phyexcell, Mimosa, İnulin, E Vitamini, Hyaluronik Asit, Hodan yağı, A vitamini ve Shea yağı yer alır.,https://static.ticimax.cloud/cdn-cgi/image/width=76,quality=85/53520/uploads/urunresimleri/buyuk/sensitive-probiosense-50-ml-6efe2-.jpeg,CİLT BAKIM ÜRÜNLERİ > KREM > ,SCHRAMMEK,TL3.700,00
Sensitive - Rosea Calm Cream 50 ML,Kızarmış ve hassaslaşan ciltlere bakım sağlar ve cildin direncini arttırır. Yaban mersini, Düğün çiçeği, Mimoza, Üzüm çekirdeği yağı gibi güçlü bir bitkisel içeriğe sahiptir ve vitamin açısından zengin bir kremdir. Cildin dışarından kırmızı görünümünü hafifletir ve hassasiyeti azaltır,https://static.ticimax.cloud/cdn-cgi/image/width=76,quality=85/53520/uploads/urunresimleri/buyuk/sensitive-rosea-calm-cream-50-ml-4e00-8.jpeg,CİLT BAKIM ÜRÜNLERİ > KREM > ,SCHRAMMEK,TL2.950,00
Sensitive - Sensiderm Cleansing Solution 200 ML,3 görevi aynı anda gören(Temizleyici, Göz Makyaj Temizleyici ve Tonik), Mikel tekonolojisiyle üretilmiş bir üründür. Cildin daha aydınlık, yenilenmiş ve pürüssüz görünmesine yardımcı olur.,https://static.ticimax.cloud/cdn-cgi/image/width=76,quality=85/53520/uploads/urunresimleri/buyuk/sensitive-sensiderm-cleansing-solution-6888-4.jpeg,CİLT BAKIM ÜRÜNLERİ > LOSYON > ,SCHRAMMEK,TL2.100,00
Sensitive - Sensiderm Mask 75ml,İçeriğinde Kaplan çimi ekstresi, Çinko, Arpa posası ve özenle seçilmiş cild dostu lipidler, Fındık ve Avokado yağı bulunur. Doğal cilt bariyerinin güçlenmesine yardımcı olurken, cildi tazeler ve onarır.,https://static.ticimax.cloud/cdn-cgi/image/width=76,quality=85/53520/uploads/urunresimleri/buyuk/sensitive-sensiderm-mask-75ml-fd303c.jpeg,CİLT BAKIM ÜRÜNLERİ > MASKE > ,SCHRAMMEK,TL3.100,00
Sensitive - Sensiderm Stress Protect Cream 50 ML,Hassas ve çok kuru ciltler için ideal bir kremdir. İçerisinde doğal yağlar ve bitkisel ekstreler bulundurur. Ciltteki kaşıntı, gerginlik hissi gibi olumsuzlukları giderir ve ipeksi bir görünüm kazandırır. Rahatlayan cilt, kızarıklıklara elveda eder.,https://static.ticimax.cloud/cdn-cgi/image/width=76,quality=85/53520/uploads/urunresimleri/buyuk/sensitive-sensiderm-stress-protect-cre-1-44fa.jpeg,CİLT BAKIM ÜRÜNLERİ > KREM > ,SCHRAMMEK,TL3.900,00
Sensitive - Sensiderm Sun Cream SPF50+ 75 ML,Hassas ve kuru ciltler için SPF50 güneş koruma filtleri içen gümeş koruyucu kremdir. Zararlı UVA/UVB ışınlarından cildinizi korur ve sağlıklı bir cildi destekler.,https://static.ticimax.cloud/cdn-cgi/image/width=76,quality=85/53520/uploads/urunresimleri/buyuk/sensitive-sensiderm-sun-cream-spf50-75-2-b147.jpeg,CİLT BAKIM ÜRÜNLERİ > GÜNEŞ KORUMA > ,SCHRAMMEK,TL2.100,00
Sensitive Active Serum - 50 ml,Kalıcı bir nemlendirme için yüksek konsantreli serum. Biyolojik etkin polipeptitler, cildin daha sakin ve oldukça rahatlamış görülmesini sağlar. (7 bitki özü) cildi nemlendirici, cildi düzleştirici ve hafif kaşıntı giderici, anti-enflamatuar etkiye sahiptir. İçeriğinde bulunan İnositol ile hassas cildin dengesini yeniden kazandırır, kuru cildi nemlendirir. Nemi yoğun bir şekilde bağlayan özelliğe sahip glikol. İçeriğinde bulunan kıyı papatyası ile kızarıklığı önler, yoğun bir şekilde yatıştırır. Aşırı kuru, atopik ciltler içindir. Tahriş olmuş, kızarmış ciltler içindir. Anti bakteriyel, sakinleştirici, dengeleyici ve iltahap engelleyici özelliğe sahiptir. Doğal lipit bariyerini eski haline getirir.,https://static.ticimax.cloud/cdn-cgi/image/width=76,quality=85/53520/uploads/urunresimleri/buyuk/sensitive-active-serum-50-ml-c895-2.jpeg,CİLT BAKIM ÜRÜNLERİ > SERUM > ,MSB,TL6.595,00
Sensitive Cream - 50 ml,Hassas cildin uyumu için yenileyici ve dengeleyici bakım. Devedikeni ekstresi ile doğal yenilenme sürecini stimule eder, hasarları etkili bir şekilde onarır. Avakado yağı / Shea yağı ile mükemmel lipit beslemesi, olumsuz çevre koşullarından korur, cildin kurumasını önler. Papatya ve Bisabolol kompleksi ile dezenfektan ve yatıştırıcıdır. Allanton / D-Pantenol ile dengeleyici, anti-enflamatuar.,https://static.ticimax.cloud/cdn-cgi/image/width=76,quality=85/53520/uploads/urunresimleri/buyuk/sensitive-cream-50-ml-b-ca0c.jpeg,CİLT BAKIM ÜRÜNLERİ > KREM > ,MSB,TL7.401,00
Sensitive Enzyme - 50 ml,Hafif enzim kombinasyonuna dayanan, hassas cilt için yumuşak peeling. Cilt katmanları mekanik olarak zorlanmaya maruz kalmaz. Temizlenmiş cilt üzerine ince bir tabak sürülür (tercihen akşamları) 15 dk. bekletildikten sonra Balancing Sedative Gel Med ile nötrleştirilerek su ile arındırılır. Hassas ciltler ve aşırı kuru atopik ciltler içindir. İçeriğindeki Papain ile aşırı kalınlaşmaları itinayla yumuşatır. Doğal cilt yenilenmesini harekete geçirir. Sonrasında uygulanan etken maddelerin daha kolay nüfus etmesini sağlar. Daha düzgün bir cilt görünümü sağlar. Pirinçten elde edilen inositol kuru veya yağlı cildi dengeler. Cilt için enerji kaynağı olan Potasyum / Magnezyum / Kalsiyum içerir. Hafif anti-enflamatuar etkiye sahip, dengeleyici.,https://static.ticimax.cloud/cdn-cgi/image/width=76,quality=85/53520/uploads/urunresimleri/buyuk/sensitive-enzyme-50-ml-9dd3-2.jpeg,CİLT BAKIM ÜRÜNLERİ > PEELING > ,MSB,TL4.517,00
Sensitive Hydro Gel Serum - 30 ml,Yoğun yatıştırıcı ve nemlendirici jel. Yoğun nemlendirme. Düzleştirici & sıkılaştırıcı. (MSB Hyalüronik asit- biyoteknik yöntemle imal edilmiştir). İçeriğinde bulunan Pentavitin ile çok yüksek miktarda nemi muhafaza etme özelliğine sahiptir. Hyalüran yeni hücrelerin büyümesini tetikler. Cildin fizyolojik dengesini tekrar sağlar. Cildi anında rahatlatır. İçeriğinde bulunan Inositol ile kuru veya yağlı cildi dengeler.,https://static.ticimax.cloud/cdn-cgi/image/width=76,quality=85/53520/uploads/urunresimleri/buyuk/sensitive-hydro-gel-serum-30-ml-46fce2.jpeg,CİLT BAKIM ÜRÜNLERİ > SERUM > ,MSB,TL4.635,00
Sensitive Hydro Gel Serum - 50 ml,Yoğun yatıştırıcı ve nemlendirici jel. Yoğun nemlendirme. Düzleştirici & sıkılaştırıcı. (MSB Hyalüronik asit- biyoteknik yöntemle imal edilmiştir). İçeriğinde bulunan Pentavitin ile çok yüksek miktarda nemi muhafaza etme özelliğine sahiptir. Hyalüran yeni hücrelerin büyümesini tetikler. Cildin fizyolojik dengesini tekrar sağlar. Cildi anında rahatlatır. İçeriğinde bulunan Inositol ile kuru veya yağlı cildi dengeler.,https://static.ticimax.cloud/cdn-cgi/image/width=76,quality=85/53520/uploads/urunresimleri/buyuk/sensitive-hydro-gel-serum-50-ml-8758-4.jpeg,CİLT BAKIM ÜRÜNLERİ > SERUM > ,MSB,TL7.601,00
Sensitive Liquid Mask - 8xBlister, 1x30 ml,Aşırı hassas cildi bile anında rahatlatan yatıştırıcı sıvı maske. Cildi doğal dengesine geri getirir ve dış etkenlere karşı güçlendirir.,https://static.ticimax.cloud/cdn-cgi/image/width=76,quality=85/53520/uploads/urunresimleri/buyuk/sensitive-liquid-mask-8xblister-1x30-m-78d-ce.jpg,CİLT BAKIM ÜRÜNLERİ > MASKE > ,MBR,TL8.172,00
Sensitive Skin Sealer Cream - 50 ml,Tahrişe eğilimli ve çok kuru ciltler için yoğun besleyici yüz kremi. Cildi korur ve esnek hale getirir.,https://static.ticimax.cloud/cdn-cgi/image/width=76,quality=85/53520/uploads/urunresimleri/buyuk/sensitive-skin-sealer-cream-50-ml-50-99d.jpeg,CİLT BAKIM ÜRÜNLERİ > KREM > ,MBR,TL9.490,00
Serenity De-Sensitizing Serum 30 ML,Hassas ciltleri yatıştırırken kızarıklığı ve gerginlik hissini ortadan kaldırır. Yatıştırıcı ve nemlendirici etkiye sahiptir.,https://static.ticimax.cloud/cdn-cgi/image/width=76,quality=85/53520/uploads/urunresimleri/buyuk/serenity-de-sensitizing-serum-30-ml-d193-9.jpeg,CİLT BAKIM ÜRÜNLERİ > SERUM > ,BELLEFONTAINE S.,
Serum 10 - 30 ML,İnce çizgiler, kırşıklık ve kahverengi lekelerin görünümünü azaltır, daha sağlıklı bir cilt görünümünün oluşmasına zemin hazırlar. Hassas ciltlerin kullanımı için idealdir.,https://static.ticimax.cloud/cdn-cgi/image/width=76,quality=85/53520/uploads/urunresimleri/buyuk/serum-10-30-ml-c9a33b.jpeg,CİLT BAKIM ÜRÜNLERİ > SERUM > ,SKINCEUTICALS,TL4.700,00
SERUM 3R 30 ml,Sérum 3R, cilt yaşlanma belirtilerini yavaşlatmaya ve bunlarla mücadele etmeye yardımcı olarak yeniler, yeniden yapılandırır ve onarır.,https://static.ticimax.cloud/cdn-cgi/image/width=76,quality=85/53520/uploads/urunresimleri/buyuk/serum-3r-30-ml-f-0fa5.jpeg,CİLT BAKIM ÜRÜNLERİ > SERUM > ,BIOLOGIQUE R.,
SERUM A-GLYCA SERUM AUTHENTIQUE 30ml,Sérum A-Glyca, kırışıklıkların oluşmasına ve cildin yaşlanmasına neden olan glikasyon süreciyle mücadele eder. İçerik açısından zengin olan bu serum, glikasyonu tersine çeviren iyileştirici bir etkinin yanı sıra önleyici bir etkiye de sahiptir.,https://static.ticimax.cloud/cdn-cgi/image/width=76,quality=85/53520/uploads/urunresimleri/buyuk/serum-a-glyca-serum-authentique-30ml-93f-4a.jpeg,CİLT BAKIM ÜRÜNLERİ > SERUM > ,BIOLOGIQUE R.,
SERUM BIOSENSIBLE 30 ml,Biosensible Serum, cilt dokusunda sakinleştirici bir etki sağlamak için 11 aktif bileşenle formüle edilmiştir. Bu serumun günlük kullanımı ile kızarıklık azalır ve cilt gerçekten yatıştırılmış ve yumuşak kalır.,https://static.ticimax.cloud/cdn-cgi/image/width=76,quality=85/53520/uploads/urunresimleri/buyuk/serum-biosensible-30-ml-013257.jpeg,CİLT BAKIM ÜRÜNLERİ > SERUM > ,BIOLOGIQUE R.,
SERUM COLOSTRUM VG 30 ml,Cilt bariyerini güçlendirmeye yardımcı olmak için sıvı bir yastık görevi görecek yoğun bir lipid onarıcı tedavidir. Çekirdek formülü, eşsiz besleyici özellikler vererek yüzey kuruluğunun azaltılmasına ve ciltte derin nemin korunmasına yardımcı olur.,https://static.ticimax.cloud/cdn-cgi/image/width=76,quality=85/53520/uploads/urunresimleri/buyuk/serum-colostrum-vg-30-ml-8bb-b8.jpeg,CİLT BAKIM ÜRÜNLERİ > SERUM > ,BIOLOGIQUE R.,
Sérum de Teint N°1 30ml,Serus de teint, cildin nefes almasına izin verirken, doğal parlaklı sağlayan birleştirici cilt bakım ürünleridir. Sérums de teint cildi kalıcı olarak nemlendirir, aydınlatır, cildi birleştirir ve kusurların görünümünü en aza indirir. Yağlı ve komedojenik olmayan, silikon içermeyen formülü ile “sağlıklı bir ışıltı” etkisi sağlar.,https://static.ticimax.cloud/cdn-cgi/image/width=76,quality=85/53520/uploads/urunresimleri/buyuk/srum-de-teint-n1-30ml-1d-457.jpeg,CİLT BAKIM ÜRÜNLERİ > BB KREM > ,BIOLOGIQUE R.,
Sérum de Teint N°2 30ml,Serus de teint, cildin nefes almasına izin verirken, doğal parlaklı sağlayan birleştirici cilt bakım ürünleridir. Sérums de teint cildi kalıcı olarak nemlendirir, aydınlatır, cildi birleştirir ve kusurların görünümünü en aza indirir. Yağlı ve komedojenik olmayan, silikon içermeyen formülü ile “sağlıklı bir ışıltı” etkisi sağlar.,https://static.ticimax.cloud/cdn-cgi/image/width=76,quality=85/53520/uploads/urunresimleri/buyuk/srum-de-teint-n2-30ml-8bd-c9.jpeg,CİLT BAKIM ÜRÜNLERİ > BB KREM > ,BIOLOGIQUE R.,
Sérum de Teint N°3 30ml,Serus de teint, cildin nefes almasına izin verirken, doğal parlaklı sağlayan birleştirici cilt bakım ürünleridir. Sérums de teint cildi kalıcı olarak nemlendirir, aydınlatır, cildi birleştirir ve kusurların görünümünü en aza indirir. Yağlı ve komedojenik olmayan, silikon içermeyen formülü ile “sağlıklı bir ışıltı” etkisi sağlar.,https://static.ticimax.cloud/cdn-cgi/image/width=76,quality=85/53520/uploads/urunresimleri/buyuk/srum-de-teint-n3-30ml-91-4a7.jpeg,CİLT BAKIM ÜRÜNLERİ > BB KREM > ,BIOLOGIQUE R.,
Sérum de Teint N°4 30ml,Serus de teint, cildin nefes almasına izin verirken, doğal parlaklı sağlayan birleştirici cilt bakım ürünleridir. Sérums de teint cildi kalıcı olarak nemlendirir, aydınlatır, cildi birleştirir ve kusurların görünümünü en aza indirir. Yağlı ve komedojenik olmayan, silikon içermeyen formülü ile “sağlıklı bir ışıltı” etkisi sağlar.,https://static.ticimax.cloud/cdn-cgi/image/width=76,quality=85/53520/uploads/urunresimleri/buyuk/srum-de-teint-n4-30ml-ef-bba.jpeg,CİLT BAKIM ÜRÜNLERİ > BB KREM > ,BIOLOGIQUE R.,
Sérum de Teint N°5 30ml,Serus de teint, cildin nefes almasına izin verirken, doğal parlaklı sağlayan birleştirici cilt bakım ürünleridir. Sérums de teint cildi kalıcı olarak nemlendirir, aydınlatır, cildi birleştirir ve kusurların görünümünü en aza indirir. Yağlı ve komedojenik olmayan, silikon içermeyen formülü ile “sağlıklı bir ışıltı” etkisi sağlar.,https://static.ticimax.cloud/cdn-cgi/image/width=76,quality=85/53520/uploads/urunresimleri/buyuk/srum-de-teint-n5-30ml-c-2a3c.jpeg,CİLT BAKIM ÜRÜNLERİ > BB KREM > ,BIOLOGIQUE R.,
SERUM ERYTHROS 30 ml,Sérum Erythros, rosaceanın gözle görülür belirtilerini hedefleyen yedi aktif bileşenden oluşan bir kokteyldir. Görünür kızarıklık alanlarını azaltır, kırılan damarları cilt yüzeyinde daha az belirgin hale getirir ve karıncalanma hissini yatıştırır.,https://static.ticimax.cloud/cdn-cgi/image/width=76,quality=85/53520/uploads/urunresimleri/buyuk/serum-erythros-30-ml-98f94f.jpeg,CİLT BAKIM ÜRÜNLERİ > SERUM > ,BIOLOGIQUE R.,
SERUM GRAND MILLESIME 30 ML,Sérum Grand Millésime, yaşlanma belirtilerini yavaşlatmaya, kırışıklıkları ve ince çizgileri yumuşatmaya ve cildi canlandırmaya yardımcı olan çok sayıda yenileyici aktif bileşen içerir. Bu antioksidan cilt bakımı tedavisi, cildin doğal savunmasını korur ve güçlendirir.,https://static.ticimax.cloud/cdn-cgi/image/width=76,quality=85/53520/uploads/urunresimleri/buyuk/serum-grand-millesime-30-ml--4b36-.jpeg,CİLT BAKIM ÜRÜNLERİ > SERUM > ,BIOLOGIQUE R.,
SERUM MATRICIEL VISAGE 30 ml,Sérum Matriciel Visage, yüzün yapısını iyileştirmek ve daha dolgun hatlar kazandırmak için hedefe yönelik bir yüz bakımıdır. Bu anında gerginleştirici serum, yaşlanma belirtilerini gözle görülür şekilde azaltan sıkılaştırıcı bir etki ile cilt tonunu iyileştirir. Cilt üzerindeki yerçekimine karşı koymak ve yüz, yanaklar, gıdı, çene çizgisi ve boyun hatlarını yeniden dengelemek için formüle edilmiştir.,https://static.ticimax.cloud/cdn-cgi/image/width=76,quality=85/53520/uploads/urunresimleri/buyuk/serum-matriciel-visage-30-ml-1b05-a.jpeg,CİLT BAKIM ÜRÜNLERİ > SERUM > ,BIOLOGIQUE R.,
SERUM PIGM 400 30ml,Sérum PIGM 400, koyu lekelerin oluşmasını önlemek, mevcut pigmentasyon izlerinin görünümünü azaltmak ve cildi aydınlatmak ve eşitlemek için özel olarak formüle edilmiştir.,https://static.ticimax.cloud/cdn-cgi/image/width=76,quality=85/53520/uploads/urunresimleri/buyuk/serum-pigm-400-30ml-a6da08.jpeg,CİLT BAKIM ÜRÜNLERİ > SERUM > ,BIOLOGIQUE R.,
SERUM T.E.W.L. 30 ml,Sérum T.E.W.L. son derece yüksek konsantrasyonda değerli lipit takviye edici, onarıcı ve koruyucu yağlarla formüle edilmiştir. Aktif bileşenlerinin birleşik etkisi, güçlü bir kutanöz bariyeri geri yükler v, böylece cilt kendisini dış etkenlerden daha iyi koruyabilir.,https://static.ticimax.cloud/cdn-cgi/image/width=76,quality=85/53520/uploads/urunresimleri/buyuk/serum-t.e.w.l.-30-ml-9690-3.jpeg,CİLT BAKIM ÜRÜNLERİ > SERUM > ,BIOLOGIQUE R.,
SERUM YALL~O2 30 ml,Hidrasyonu artırmak için gerçek bir şok tedavisi olan Sérum Yall ~ 0 2 , ultra yüksek dozlarda hyaluronik asit ve antioksidan bitki özleri içerir. Bu yoğun nemlendirici bakım, cildin düzgün çalışması ve rahat hissetmesi için gereken nem miktarını sağlar.,https://static.ticimax.cloud/cdn-cgi/image/width=76,quality=85/53520/uploads/urunresimleri/buyuk/serum-yallo2-30-ml-48da-a.jpeg,CİLT BAKIM ÜRÜNLERİ > SERUM > ,BIOLOGIQUE R.,
Sesitive - Soothing SOS Fluid 50 ML,Cildin akut tahrişleri ve stres reaksiyonları için SOS anında bakım.,https://static.ticimax.cloud/cdn-cgi/image/width=76,quality=85/53520/uploads/urunresimleri/buyuk/sesitive-soothing-sos-fluid-50-ml-6d0c52.jpeg,CİLT BAKIM ÜRÜNLERİ > SERUM > ,SCHRAMMEK,TL4.200,00
Sheald Recovery Balm 60 GR,Sheald Recovery Balm, içeriğindeki iyileştirici bitkiler sayesinde kuru, hassas veya hasar görmüş cilde hidrasyon sağlayan, cildin işlevini destekleyen, gergin ve sıkıntılı cilde yardımcı olan nem açısından zengin koruyucu onarıcı balsam.,https://static.ticimax.cloud/cdn-cgi/image/width=76,quality=85/53520/uploads/urunresimleri/buyuk/sheald-recovery-balm-60-gr-1b0-43.jpeg,CİLT BAKIM ÜRÜNLERİ > KREM > ,IS CLINICAL,TL3.361,00
Sheer Fluid Broad-Spectrum Sunscreen SPF50 50 ML,Tüm cilt tipleri için doğal,şeffaf bitişli mineral sıvı güneş koruyucu. Antioksidan açısından zengin formül, cildi çevresel faktörlere karşı korur. UVA/UVB’ye karşı geniş spektrumlu koruma sağlar. Doğal melanin, yüksek enerjili (HEV) ışığın yaşlanma etkilerinden korur.,https://static.ticimax.cloud/cdn-cgi/image/width=76,quality=85/53520/uploads/urunresimleri/buyuk/sheer-fluid-broad-spectrum-sunscreen-s-5cc2-4.jpeg,CİLT BAKIM ÜRÜNLERİ > GÜNEŞ KORUMA > ,ZO SKIN HEALTH,TL3.700,00
SILK PLUS 30 ml,Nihai yumuşaklık iksiri olan Silk Plus serum, gün geçtikçe parlayan epidermisleri matlaştırır. Formülü, ayrıca kırılgan epidermisleri rahatlatır. Serbest radikallerin etkilerini önlemek için koruyucu bir bariyer oluşturmaya yardımcı olur.,https://static.ticimax.cloud/cdn-cgi/image/width=76,quality=85/53520/uploads/urunresimleri/buyuk/silk-plus-30-ml-ed4-db.jpeg,CİLT BAKIM ÜRÜNLERİ > SERUM > ,BIOLOGIQUE R.,
Silky Dew – Moisture Supplement 30 ML,Nemsiz ciltler için özel olarak önerilen ancak tüm cilt tiplerine uygun olan bu temel bakım, yaşlanma belirtilerini gözle görülür şekilde yumuşatır ve zararlı dış etkenlerden karşı korur. Cildin nem seviyesini geri kazandırırken doğal elastikiyetini ve benzersiz konforu sağlar.,https://static.ticimax.cloud/cdn-cgi/image/width=76,quality=85/53520/uploads/urunresimleri/buyuk/silky-dew-moisture-supplement-30-ml-4-46eb.jpeg,CİLT BAKIM ÜRÜNLERİ > KREM > ,BELLEFONTAINE S.,
Silymarin CF 30 ML,Silymarin CF, %0,5 silymarin, %15 l-askorbik asit, %0,5 ferulik asit ve %0,5 salisilik asit ile zenginleştirilmiş, yağlı ve akneye eğilim gösterebilen ciltler için C vitamini serumudur. Bu formülün, yağ oksidasyonunu %76'ya* kadar azalttığı, yağlanmayı azalttığı, cilt dokusunu arındırdığı, cilt berraklığında gelişme sağladığı, ince çizgilerin görünümünde gelişme sağladığı kanıtlanmıştır.,https://static.ticimax.cloud/cdn-cgi/image/width=76,quality=85/53520/uploads/urunresimleri/buyuk/silymarin-cf-30-ml-0-a516.jpeg,CİLT BAKIM ÜRÜNLERİ > SERUM > ,SKINCEUTICALS,TL7.550,00
Silymarin CF 30 ML + HA Intensifier 15 ML (Kadife Çanta Hediyeli),Marka,https://static.ticimax.cloud/cdn-cgi/image/width=76,quality=85/53520/uploads/urunresimleri/buyuk/silymarin-cf-30-ml-ha-intensifier-15-m-3-4ff5.jpeg,CİLT BAKIM ÜRÜNLERİ > SET > ,SKINCEUTICALS,TL7.550,00
Silymarin CF 30 ML + Resveratrol 15 ML (El Yapımı Çanta Hediyeli),SkinCeuticals olarak, bilimde ve yaşamda sürdürülebilirliği destekliyoruz.,https://static.ticimax.cloud/cdn-cgi/image/width=76,quality=85/53520/uploads/urunresimleri/buyuk/silymarin-cf-30-ml-resveratrol-15-ml-e-d2f-0b.jpeg,CİLT BAKIM ÜRÜNLERİ > SET > ,SKINCEUTICALS,TL7.550,00
Simply Clean 195 ML,Simply Clean botanik özler içeren özel formülü sayesinde ciltteki kir, fazla sebum ve suya dayanıklı makyajı cilde zarar vermeden derinlemesine temizler. Profesyonel bakım/uygulamalardan sonra kullanıma da uygundur.,https://static.ticimax.cloud/cdn-cgi/image/width=76,quality=85/53520/uploads/urunresimleri/buyuk/simply-clean-195-ml-33-73b.jpg,CİLT BAKIM ÜRÜNLERİ > YIKAMA JELİ > ,SKINCEUTICALS,TL2.150,00
Skin Active - Cellular Restoration 50 GR,Rejeneratif yaşlanma karşıtı yüz bakımı konsantresi ince çizgilerin ve kırışıklıkların görünümünü iyileştirir. Cilde tonlanmış, daha sıkı bir görünüm sağlar. Ayrıca cilt dokusunu iyileştirmek için eksfoliye eder,https://static.ticimax.cloud/cdn-cgi/image/width=76,quality=85/53520/uploads/urunresimleri/buyuk/skin-active-cellular-restoration-50-gr-9-4c73.jpeg,CİLT BAKIM ÜRÜNLERİ > KREM > ,NEOSTRATA,TL4.830,00
Skin Active - Exfoliating Wash 125 ML,Benzersiz SynerG Formül 8.5, cildi kurutmadan nazikçe ölü hücrelerden arındırır ve sonrasında kullanılacak ürünün etkinliğini arttırmak için cildi hazırlar. Sabun içermeyen bu köpük temizleyici, ciltten yağı arındırır ve iritasyona neden olmadan makyajı temizler. Birer PHA olan Glukonolakton ve Maltobionik Asit, ciltte yeni hücre oluşumunu uyarır, gözenekleri derinlemesine temizler, cilt dokusunu geliştirir ve aydınlatır. Patentli Maltobionik Asit, ciltte nemli bir his bırakır. Aloe, gül, papatya, salatalık ve biberiye özleri ise cildi yumuşatır ve tazeler.,https://static.ticimax.cloud/cdn-cgi/image/width=76,quality=85/53520/uploads/urunresimleri/buyuk/skin-active-exfoliating-wash-125-ml-2fe1f8.jpeg,CİLT BAKIM ÜRÜNLERİ > KÖPÜK > ,NEOSTRATA,TL2.170,00
Skin Active - Matrix Support with Broad Spectrum SPF30+ 50 GR,Cildin daha sıkı ve sağlıklı görünmesine yardımcı olurken, bir yandan cilt dokusunu ve düzensiz tonunu iyileştirir.,https://static.ticimax.cloud/cdn-cgi/image/width=76,quality=85/53520/uploads/urunresimleri/buyuk/skin-active-matrix-support-with-broad--41d1-9.jpeg,CİLT BAKIM ÜRÜNLERİ > GÜNEŞ KORUMA > ,NEOSTRATA,TL4.970,00
Skin Active - Tri-Therapy Lifting Serum 30 ML,Bu yaşlanma karşıtı yağsız lifting serumu, cilde hacim kazandırmak ve görünür kırışıklıkları, kaş çatma çizgilerini, kaz ayaklarını ve gülümseme çizgilerini düzeltmek isteyenler için güçlü bir sıkılaştırıcı formüldür.,https://static.ticimax.cloud/cdn-cgi/image/width=76,quality=85/53520/uploads/urunresimleri/buyuk/skin-active-tri-therapy-lifting-serum--021845.jpeg,CİLT BAKIM ÜRÜNLERİ > SERUM > ,NEOSTRATA,TL5.390,00
Skin Active - Triple Firming Neck Cream 80 GR,Daha sıkı, kalkık ve daha eşit tonlu görünen cilt için boyun ve dekolte bölgesindeki gözle görülür yaşlanma belirtilerini azaltır. Eşit olmayan cilt tonunu düzeltmeye yardımcı olurken boyun ve dekolte görünümünü sıkılaştırır.,https://static.ticimax.cloud/cdn-cgi/image/width=76,quality=85/53520/uploads/urunresimleri/buyuk/skin-active-triple-firming-neck-cream--9fd-49.jpeg,CİLT BAKIM ÜRÜNLERİ > KREM > ,NEOSTRATA,TL5.950,00
Skin Barrier Protection Cream 100 ML,Hassas ciltler için nemlendirici krem, içerisinde bulunan seramid, bitkisel ekstratlar ve on yedi temel aminoasitle güçlendirilmiş içeriği sayesinde, cildin su tutma kapasitesini artırmaya ve cildin bariyerini korumaya yardımcı olur. Cildin beslenmesini destekler, cildi rahatlatmaya yardımcı olur.,https://static.ticimax.cloud/cdn-cgi/image/width=76,quality=85/53520/uploads/urunresimleri/buyuk/skin-barrier-protection-cream-100-gr-2c62-4.jpeg,CİLT BAKIM ÜRÜNLERİ > KREM > ,GENOSYS,
Skin Brightening Program + Texture Repair Kit,Her biri özel olarak formüle edilen ürünlerden oluşan ve leke görünümünün önlenmesi için Dr.Zein Obagi tarafından tasarlanan bir sistemdir. Bu sistem, yumuşak ve dengeli bir cilt tonu sağlamak için özel olarak tasarlanmıştır. Güçlü retinol, cilt aydınlatıcılar, C vitamini ve antioksidanlar içeren bu sistem, cilt tonunun aydınlanması ve dengelenmesinin yanında cildin sıkılaşmasına da yardımcı olur.,https://static.ticimax.cloud/cdn-cgi/image/width=76,quality=85/53520/uploads/urunresimleri/buyuk/skin-brightening-program-texture-repai-957-a5.jpeg,CİLT BAKIM ÜRÜNLERİ > KIT PROGRAM > ,ZO SKIN HEALTH,TL18.000,00
Skin Caring Blemish Balm Cushion (Beige) 15gr,Profesyonel cilt bakım uygulamalarından sonra kullanılabilen kompakt bir BB kremdir. Ürünün %60'tan fazlası doğal, sağlıklı bir ışıltı veren ve nem sağlayıcı özlerden oluşur. Çeşitli peptit kompleksleri cildin bakımını yapmayı sağlar.,https://static.ticimax.cloud/cdn-cgi/image/width=76,quality=85/53520/uploads/urunresimleri/buyuk/skin-caring-blemish-balm-cushion-beige-4f6e-8.jpeg,CİLT BAKIM ÜRÜNLERİ > BB KREM > ,GENOSYS,
Skin Caring Blemish Balm Cushion (Ivory) 15gr,Profesyonel cilt bakım uygulamalarından sonra kullanılabilen kompakt bir BB kremdir. Ürünün %60'tan fazlası doğal, sağlıklı bir ışıltı veren ve nem sağlayıcı özlerden oluşur. Çeşitli peptit kompleksleri cildin bakımını yapmayı sağlar.,https://static.ticimax.cloud/cdn-cgi/image/width=76,quality=85/53520/uploads/urunresimleri/buyuk/skin-caring-blemish-balm-cushion-ivory-eda-4b.jpeg,CİLT BAKIM ÜRÜNLERİ > BB KREM > ,GENOSYS,
Skin EssentiA - Dual Action Pre-Cleansing Oil 100 ML,Bitkisel yağlar ile zengin bu ön temizleyici, suya dayanıklı olanlar dâhil makyajın çıkarılmasını, yüzeysel yağların ve birikmiş çevresel kirlerin ciltten giderilmesini sağlar. Bir yandan cilt yüzeyindeki fazla yağın atılmasına yardımcı bir emülgatör içerir ve ciltte yumuşak ve nemlendirilmiş bir his bırakır, ayrıca tıkalı gözeneklerin açılmasına yardımcı olur.,https://static.ticimax.cloud/cdn-cgi/image/width=76,quality=85/53520/uploads/urunresimleri/buyuk/skin-essentia-dual-action-pre-cleansin-87c-70.jpeg,CİLT BAKIM ÜRÜNLERİ > BAKIM YAĞI > ,ENVIRON,
Skin EssentiA - Hydrating Clay Masque 50 ML,Cildi nemlendirmek ve cilt yüzeyindeki fazla yağları gidermek için özel olarak tasarlanmış bir maskedir. İçeriğindeki yüksek kaliteli kil sayesinde yağların emilmesini sağlar ve cildin nemlenmesini sağlar. Ciltte ki sebumu dengeler ve tıkalı gözenekleri açar. Sonuç olarak cildinizin görünümü pürüzsüzleşir.,https://static.ticimax.cloud/cdn-cgi/image/width=76,quality=85/53520/uploads/urunresimleri/buyuk/skin-essentia-hydrating-clay-masque-50-1c-193.jpeg,CİLT BAKIM ÜRÜNLERİ > MASKE > ,ENVIRON,
Skin EssentiA - Low Foam Cleansing Gel 200 ML,Yumuşak dokulu ve nemlendirici etkiye sahip hafif köpük dokulu jel temizleyicidir. Ciltteki makyajı, aşırı yağı ve kirleri temizler. Cildin doğal koruyucu yağını dengeler, cilde ferahlık ve nem kazandırır.,https://static.ticimax.cloud/cdn-cgi/image/width=76,quality=85/53520/uploads/urunresimleri/buyuk/skin-essentia-low-foam-cleansing-gel-2-4c-5be.jpeg,CİLT BAKIM ÜRÜNLERİ > YIKAMA JELİ > ,ENVIRON,
Skin EssentiA - Mild Cleansing Lotion 200 ML,Yumuşak dokulu ve alerjiye neden olmayan, suda çözülenbilen bir yüz temizleme losyonudur. Ciltte olan makyajı, aşırı yağı ve kirleri temizler. Cildin doğal koruyucu yağlarını dengeler, cilde ferahlık ve nem kazandırır.,https://static.ticimax.cloud/cdn-cgi/image/width=76,quality=85/53520/uploads/urunresimleri/buyuk/skin-essentia-mild-cleansing-lotion-20-4e1d-8.jpeg,CİLT BAKIM ÜRÜNLERİ > LOSYON > ,ENVIRON,
Skin EssentiA - Moisturizing Toner 200 ML,Cildi rahatlatan ve nemlendiren bir toniktir. Kuru cilt ve düzensiz cilt tonunun görünümünü iyileştirmeyi sağlayan bitki özleri içerir. Tüm cilt tiplerinde kullanıma elverişlidir. Cildinizde ton eşitliği sağlamak ve cildinize daha parlak bir görünüm kazandırmak için de elverişlidir.,https://static.ticimax.cloud/cdn-cgi/image/width=76,quality=85/53520/uploads/urunresimleri/buyuk/skin-essentia-moisturizing-toner-200-m-3505f8.jpeg,CİLT BAKIM ÜRÜNLERİ > TONİK > ,ENVIRON,
Skin EssentiA - Vita Antioxidant AVST Gel 50 ML,A vitamini (retiniyl palmitate),C vitamini, E vitamini ve beta karoten, yeşil çay ve honeybush, biberiye, resveratrol gibi bitkisel antioksidanlar içerir. Özellikle aşırı hassas, kuru, tıkalı ve problemli ciltler için iyi bir başlangıç ürünüdür.,https://static.ticimax.cloud/cdn-cgi/image/width=76,quality=85/53520/uploads/urunresimleri/buyuk/skin-essentia-vita-antioxidant-avst-ge-1fec06.jpeg,CİLT BAKIM ÜRÜNLERİ > JEL > ,ENVIRON,
Skin EssentiA - Vita Antioxidant AVST Moisturiser (1) 50 ML,Bu serum-nemlendirici bakım ürünü ilk başlama adımı olarak, düşük oranda A vitamini içerir. Cildin fonksiyonlarını normalleştirir, bulunması gereken doğal nem oranını sağlamakla kalmaz, aynı zamanda cildi güzelleştirip, sağlıklı bir görünüm verir.,https://static.ticimax.cloud/cdn-cgi/image/width=76,quality=85/53520/uploads/urunresimleri/buyuk/skin-essentia-vita-antioxidant-avst-mo-af4e-7.jpeg,CİLT BAKIM ÜRÜNLERİ > KREM > ,ENVIRON,
Skin EssentiA - Vita Antioxidant AVST Moisturiser (2) 50 ML,İkinci adım ürünüdür ve birinci adıma oranla daha fazla A vitamini içerir. Cildin fonksiyonlarını normalleştirir ve bulunması gereken doğal nem oranını sağlar, cildi güzelleştirir ve sağlıklı görünüm kazandırır.,https://static.ticimax.cloud/cdn-cgi/image/width=76,quality=85/53520/uploads/urunresimleri/buyuk/skin-essentia-vita-antioxidant-avst-mo--fe78-.jpeg,CİLT BAKIM ÜRÜNLERİ > KREM > ,ENVIRON,
Skin EssentiA - Vita Antioxidant AVST Moisturiser (3) 50 ML,3. Adım ürünüdür ve yüksek oranda A vitamini içerir. Cildin fonksiyonlarını normalleştirir ve bulunması gereken doğal nem oranını sağlar, cildi güzelleştirir ve sağlıklı görünüm sağlar.,https://static.ticimax.cloud/cdn-cgi/image/width=76,quality=85/53520/uploads/urunresimleri/buyuk/skin-essentia-vita-antioxidant-avst-mo-50-c82.jpeg,CİLT BAKIM ÜRÜNLERİ > KREM > ,ENVIRON,
Skin EssentiA - Vita Antioxidant AVST Moisturiser (4) 50 ML,Yüksek oranda A vitamini, C vitamini, antioksidan ve peptidler içeren 4. Adım ürünüdür.Cildin fonksiyonlarını normalleştirir, bulunması gereken doğal nem oranını sağlar, cildi güzelleştirir, cilt tonunu eşitler ve sağlıklı görünüm sağlar.,https://static.ticimax.cloud/cdn-cgi/image/width=76,quality=85/53520/uploads/urunresimleri/buyuk/skin-essentia-vita-antioxidant-avst-mo-442-bd.jpeg,CİLT BAKIM ÜRÜNLERİ > KREM > ,ENVIRON,
Skin EssentiA - Vita Antioxidant AVST Moisturiser (5) 50 ML,Yüksek oranlı A vitamini kombinasyonu, C vitamini, antioksidan ve peptidler içerir, beşinci ve son aşama ürünüdür. Cildin fonksiyonlarını normalleştirir, bulunması gereken doğal nem oranını sağlar, cildi güzelleştirir, cilt tonunu eşitler ve sağlıklı görünüm sağlar.,https://static.ticimax.cloud/cdn-cgi/image/width=76,quality=85/53520/uploads/urunresimleri/buyuk/skin-essentia-vita-antioxidant-avst-mo-f1-456.jpeg,CİLT BAKIM ÜRÜNLERİ > KREM > ,ENVIRON,
Skin Lightening Serum - 30 ml,Cildin hiperpigmentasyonunu hafifletmek için tüm cilt tipleri için yüksek doz serum.,https://static.ticimax.cloud/cdn-cgi/image/width=76,quality=85/53520/uploads/urunresimleri/buyuk/skin-lightening-serum-30-ml-a3-af7.jpeg,CİLT BAKIM ÜRÜNLERİ > SERUM > ,MBR,TL9.507,00
Skin Normalizing System Kit,Ciltteki yağlanmayı azaltmak ve dengelemek üzere geliştirilmiştir. Ayrıca düzenli kullanımda erken yaşlılık belirtilerinin oluşumunu önlemeye yardımcıdır. Bu kapsamlı sistem, kırmızı ve hassas ciltleri desteklemek amacı ile ürün kombinasyonu içermektedir. Rozatrol®, hassaslaşmış cilt için hazırlanmış ZO-RRS2™ içerikli bu serum, cildi normal haline getirmek ve erken yaşlanmayı önlemek için fazla olan yüzey yağlarını azaltır. Ultra hafif eksfoliasyon sağlayarak ve mikro-dolaşımı uyararak, erken yaşlanma belirtilerini önler.,https://static.ticimax.cloud/cdn-cgi/image/width=76,quality=85/53520/uploads/urunresimleri/buyuk/skin-normalizing-system-kit-63f48-.jpeg,CİLT BAKIM ÜRÜNLERİ > KIT PROGRAM > ,ZO SKIN HEALTH,TL11.000,00
Skin Resurfacing Cleanser 150 ML,Bu çift etkiye sahip eksfoliasyon yapan temizleyici zamansız yaşlanan cildi yenilemeye yardımcı olur. Bu aktif temizleyici ve eksfoliasyon yapan çift etkili temizleyici ile ultra temiz ve yumuşak bir cilt elde edin. İçerdiği konsantre Laktik Asit, yaşlanma ile birlikte cilt yüzeyinde biriken ölü deri hücrelerinin atılmasına ve cildin yenilenme hızını arttırarak cilt yüzeyinin yenilenmesine yardımcıdır. Antioksidanlar cildi düzenlerken Gül Çiçeği Yağı duyuları ferahlatır. Her gün cilt dokusunu geliştirmeye yardımcı olmak ve cildi AGE Smart ürünlerinin emilimini arttırmaya hazırlamak için kullanın.,https://static.ticimax.cloud/cdn-cgi/image/width=76,quality=85/53520/uploads/urunresimleri/buyuk/skin-resurfacing-cleanser-150-ml-df3fdd.jpeg,CİLT BAKIM ÜRÜNLERİ > TEMİZLEME > ,DERMALOGICA,TL2.280,00
Skin Sealer Protection Shield - 30 ml,Göze çarpan yumuşatıcı ve besleyici özelliklere sahip zengin aktif içerikli ürün.,https://static.ticimax.cloud/cdn-cgi/image/width=76,quality=85/53520/uploads/urunresimleri/buyuk/skin-sealer-protection-shield-30-ml-77-42f.jpeg,CİLT BAKIM ÜRÜNLERİ > GÜNEŞ KORUMA > ,MBR,TL5.525,00
Skin Sealer Protection Shield - 50 ml,Göze çarpan yumuşatıcı ve besleyici özelliklere sahip zengin aktif içerikli ürün.,https://static.ticimax.cloud/cdn-cgi/image/width=76,quality=85/53520/uploads/urunresimleri/buyuk/skin-sealer-protection-shield-50-ml-7ad4d5.jpeg,CİLT BAKIM ÜRÜNLERİ > GÜNEŞ KORUMA > ,MBR,TL6.567,00
Skin Smoothing Cream 100 ML,Yeni nesil formüle sahip nemlendirici gelişmiş Active HydraMesh Technology™ ile cilde 48 saat sürekli nem sağlar ve çevresel saldırılara karşı cildi korumaya yardımcı olur. Bu en çok satan nemlendiricimiz içerdiği gelişmiş teknolojiye sahip bir kompleks sayesinde cilt katmanları arasında su kaybını azaltmaya yardımcı olur ve cilde ihtiyaç duyduğu kritik nemi 48 saat boyunca sürekli olarak sağlar. Bu gelişmiş teknoloji aynı zamanda cildin doğal mikrobiyomunu çevresel saldırılara karşı korumaya yardımcı olur. Dinamik bir Hyaluronik Asit Kompleksi ile birlikte Ebegümeci, Salatalık ve Arnika cildi nemlendirir ve daha uzun süreli nem sağlamak için nemi cilde hapseder. Doğal antioksidan özellikleri ile bilinen Üzüm Çekirdeği Özü, C Vitamini ve E Vitamini ile formüle edilmiştir.,https://static.ticimax.cloud/cdn-cgi/image/width=76,quality=85/53520/uploads/urunresimleri/buyuk/skin-smoothing-cream-100-ml--97a07.jpg,CİLT BAKIM ÜRÜNLERİ > KREM > ,DERMALOGICA,TL3.980,00
Skin Smoothing Cream 50 ML,Yeni nesil formüle sahip nemlendirici gelişmiş Active HydraMesh Technology™ ile cilde 48 saat sürekli nem sağlar ve çevresel saldırılara karşı cildi korumaya yardımcı olur. Bu en çok satan nemlendiricimiz içerdiği gelişmiş teknolojiye sahip bir kompleks sayesinde cilt katmanları arasında su kaybını azaltmaya yardımcı olur ve cilde ihtiyaç duyduğu kritik nemi 48 saat boyunca sürekli olarak sağlar. Bu gelişmiş teknoloji aynı zamanda cildin doğal mikrobiyomunu çevresel saldırılara karşı korumaya yardımcı olur. Dinamik bir Hyaluronik Asit Kompleksi ile birlikte Ebegümeci, Salatalık ve Arnika cildi nemlendirir ve daha uzun süreli nem sağlamak için nemi cilde hapseder. Doğal antioksidan özellikleri ile bilinen Üzüm Çekirdeği Özü, C Vitamini ve E Vitamini ile formüle edilmiştir.,https://static.ticimax.cloud/cdn-cgi/image/width=76,quality=85/53520/uploads/urunresimleri/buyuk/skin-smoothing-cream-50-ml-58a-9e.jpg,CİLT BAKIM ÜRÜNLERİ > KREM > ,DERMALOGICA,TL2.450,00
Skin Whitening Cream - 50 ml,Cilt rengini aydınlatmak için çok yönlü aktif Whitening Cream.,https://static.ticimax.cloud/cdn-cgi/image/width=76,quality=85/53520/uploads/urunresimleri/buyuk/skin-whitening-cream-50-ml--24bf3.jpeg,CİLT BAKIM ÜRÜNLERİ > KREM > ,MBR,TL8.278,00
Skin Whitening Serum (SWS) 30 ML,Cilt beyazlatıcı serum, leke önlemeye yardımcı serumdur. İçeriğindeki niasinamid ile cilt tonunu eşitlemeye yardımcı olur ayrıca içeriğinde fermente balkabağı özütü bulunur.,https://static.ticimax.cloud/cdn-cgi/image/width=76,quality=85/53520/uploads/urunresimleri/buyuk/sws-skin-whitening-serum-30-ml-8b0-5d.jpeg,CİLT BAKIM ÜRÜNLERİ > SERUM > ,GENOSYS,
Smart Response Serum 30 ML,Cilt bakımı şimdi daha da akıllı. Yeni nesil akıllı serum cildinizin ihtiyacını, ihtiyaç duyduğu anda ihtiyaç duyulan bölgeye sağlar. Her seferinde cilde kişisel cevap sunar ve zaman içinde cildin daha sağlıklı görünmesine yardımcı olur. SmartResponse teknolojisi cilt hasarını başlamadan engellemeye yardımcı olur – dört akıllı aktif ile tetiklenme başladığında nemlendirir, aydınlatır, sakinleştirir ve ince çizgilerin ve kırışıklıkların görünümünü hedefleyerek cildin değişen ihtiyaçlarına cevap verir. Hidrolize Beta Glukan’dan elde edilen Oligosakkaritler nemsizlik sinyallerine yanıt verir, ciltte nem seviyesinin optimum düzeye çıkmasına yardımcı olur. Arabinoksilo Oligosakkaritler bakımından zengin Hidrolize Buğday Unu, ihtiyaç duyulduğunda cildi aydınlatmaya ve koyu renk lekelerin görünümünü azaltmaya yardımcı olur. Antioksidan bakımından zengin Japon Cornelia Kirazı cildi sakinleştirmeye ve kızarık görünümü azaltmaya yardımcıdır. Bitkisel bazlı Mannoz-6-Fosfat, zamansız yaşlanmanın belirgin izlerine yanıt vererek, ince çizgilerin ve kırışıklıkların görünümünü azaltmaya yardımcı olur.,https://static.ticimax.cloud/cdn-cgi/image/width=76,quality=85/53520/uploads/urunresimleri/buyuk/smart-response-serum-30-ml-4-70a5.jpeg,CİLT BAKIM ÜRÜNLERİ > SERUM > ,DERMALOGICA,TL6.700,00
Smart Tone SPF50+ 45 ML,Son derece hafif ve her cilt tonuna uyan bir güneş kremidir. HEV, kızılötesi, UVB/UVA ışınlarından dolayı kaynaklanan yaşlanma etkilerine karşı korur,https://static.ticimax.cloud/cdn-cgi/image/width=76,quality=85/53520/uploads/urunresimleri/buyuk/smart-tone-spf50-45-ml-a-8abf.jpeg,CİLT BAKIM ÜRÜNLERİ > GÜNEŞ KORUMA > ,ZO SKIN HEALTH,TL3.700,00
Snow Booster Tonic (SBT) 200 ML,Gözenekleri genişlemesini önlemeye ve cildi esnek tutmaya yardımcı özel bir toniktir. Cilde tazelik vermeye, nemlendirmeye, cilt pH' ını dengelemeye yardımcı olur. Sprey formuyla kullanımı son derece kolaydır. İçeriğindeki maddeler ile bir sonraki ürünün emilimini arttıran tonik.,https://static.ticimax.cloud/cdn-cgi/image/width=76,quality=85/53520/uploads/urunresimleri/buyuk/sbt-snow-booster-tonic-200-ml--5518-.jpeg,CİLT BAKIM ÜRÜNLERİ > TONİK > ,GENOSYS,
Snow O2 Cleanser 180 ML,Oksijen baloncukları ile gözeneklere derinlemesine nüfuz ederek ciltteki kir ve makyaj atıklarının tamamen ortadan kaldırılmasına yardımcı olan özel bir cilt temizleme ürünüdür. İçeriğindeki maddeler ile cildinizi içten dışa temizlemeye ve yapılandırmaya yardımcı olur.,https://static.ticimax.cloud/cdn-cgi/image/width=76,quality=85/53520/uploads/urunresimleri/buyuk/snow-o2-cleanser-200-ml-8bc-47.jpeg,CİLT BAKIM ÜRÜNLERİ > YIKAMA JELİ > ,GENOSYS,
Soleil Plaisir Sun Protective Cream SPF50 50ML,Soleil Plaisir cildi UVA & UVB ışınlarına karşı korumaya, güneşin zararlı ışınlarının yol açtığı erken yaşlanma belirtilerini önlemeye yardımcı olur. E vitamini içeriği ile çevresel faktörlere karşı koruma sağlar. Hyaluronik asit ve karanja yağı ile cildi nemlendirir ve besler. Çizgi, kırışıklık koyu leke ve güneş lekelerinin oluşumunu engellemeye yardımcı olur. Suya dayanıklıdır, cilt ıslandığında bile korumaya yardımcı olur. SONUÇ: E- vitamini içeriği ile çevresel faktörlere karşı koruma sağlar. Hyaluronik asit ve karanja yağı ile cildi nemlendirir ve besler. Çizgi ve kırışıklık oluşumunu engellemeye yardımcı olur Güneş koruma sağlayarak leke oluşumunu engellemeye yardımcı olur. Kullanım ardından yağlı, yapışkan his ve beyaz leke bırakmaz. Cilde yumuşak ve pürüzsüz his kazandırır,https://static.ticimax.cloud/cdn-cgi/image/width=76,quality=85/53520/uploads/urunresimleri/buyuk/soleil-plaisir-sun-protective-cream-sp-2d-946.jpeg,CİLT BAKIM ÜRÜNLERİ > GÜNEŞ KORUMA > ,DARPHIN,TL1.199,00
Solution Demaquillante Pour Les Yeux 100 ML,Suya dayanaklı makyaj dahil, anında ve etkili bir şekilde çıkartır. Hassas göz çevresini nemlendirir ve temizler.,https://static.ticimax.cloud/cdn-cgi/image/width=76,quality=85/53520/uploads/urunresimleri/buyuk/solution-demaquillante-pour-les-yeux-1-6fd18e.jpeg,CİLT BAKIM ÜRÜNLERİ > LOSYON > ,BIOLOGIQUE R.,
SOMD - Balancing Toner,SOMD Balancing Toner (hassas ciltler dahil tüm cilt tipleri için): Fazla yağı ve kirleri giderir. Cadı fındığı gibi doğal olarak elde edilen bileşenler gözeneklerin ve yağlı cildin görünümünü en aza indirir.,https://static.ticimax.cloud/cdn-cgi/image/width=76,quality=85/53520/uploads/urunresimleri/buyuk/somd-balancing-toner-3-f3a6.jpeg,CİLT BAKIM ÜRÜNLERİ > TONİK > ,OBAGI,TL1.053,00
SOMD - Intensive Daily Repair IDR 57 GR,Eksfoliye edici ve nemlendirici losyon, nazik eksfoliasyon ile gözeneklerin görünümünü ve cilt yaşlanmasının gözle görülür belirtilerini en aza indirmeye yardımcı olan polihidroksi asitler (PHA'lar) içerir. Günlük nemlendirme ve cilt yenileme ihtiyaçlarınızı karşılamak için özel üretilmiştir.,https://static.ticimax.cloud/cdn-cgi/image/width=76,quality=85/53520/uploads/urunresimleri/buyuk/somd-intensive-daily-repair-idr-57-gr-dac4fa.jpeg,CİLT BAKIM ÜRÜNLERİ > LOSYON > ,OBAGI,TL6.941,00
SOMD - Physical Defense SPF40 96 GR,Güçlü mineral bazlı formüle sahiptir. Gelişmiş UVA ve UVB koruması sağlarken, antioksidanlar HEV, VIS ve IR ışınlarına ve serbest radikallere karşı hafif, kalıntı bırakmadan koruma sağlar.,https://static.ticimax.cloud/cdn-cgi/image/width=76,quality=85/53520/uploads/urunresimleri/buyuk/somd-physical-defense-spf40-96-gr-b8fb9c.jpeg,CİLT BAKIM ÜRÜNLERİ > GÜNEŞ KORUMA > ,TL4.490,00
SOMD - Retivance Skin Rejuvenating Complex 30 GR,Formül, cilt dokusunu iyileştirmek ve ince çizgilerin ve kırışıklıkların görünümünü azaltmak için retinaldehit, C Vitamini ve E Vitamini gibi bileşenleri içerir. Rozasea ve akneden dolayı oluşan kızarıklığı azaltır.,https://static.ticimax.cloud/cdn-cgi/image/width=76,quality=85/53520/uploads/urunresimleri/buyuk/somd-retivance-skin-rejuvenating-compl-bbed7b.jpeg,CİLT BAKIM ÜRÜNLERİ > SERUM > ,OBAGI,TL9.044,00
SOMD - Soothing Complex 47 ML,Kuru, hassas ciltler için uygun hafif bir formüldür. Sodyum hyaluronat ve aloe gibi yatıştırıcı ve nemlendirici bileşenler içeren hafif renkli formül, küçük kusurları gidermeye yardımcı olur ve çeşitli cilt tonlarına ve ten rengine uyum sağlar. Ayrıca SPF 25 güneş koruma sağlar.,https://static.ticimax.cloud/cdn-cgi/image/width=76,quality=85/53520/uploads/urunresimleri/buyuk/somd-soothing-complex-47-ml-249e01.jpeg,CİLT BAKIM ÜRÜNLERİ > LOSYON > ,OBAGI,TL4.360,00
Soothing Bomb Sea Algae Mask (1 Adet),Nem bombası deniz yosunu maskesi. Deniz yosunu kompleksi ve Centella asiatica özü ile cilde yoğun bir rahatlama sağlar ve cildi nemlendirir. Ürün herhangi bir yapay pigment içermez. Güçlü içerikleri ile cildi sıkılaştırır ve ferahlatır.,https://static.ticimax.cloud/cdn-cgi/image/width=76,quality=85/53520/uploads/urunresimleri/buyuk/sam-bomb-sea-algea-mask-1-ad.-879ab9.jpeg,CİLT BAKIM ÜRÜNLERİ > MASKE > ,GENOSYS,
Soothing Ointment 50 ML,https://static.ticimax.cloud/cdn-cgi/image/width=76,quality=85/53520/uploads/urunresimleri/buyuk/soothing-ointment-50-ml-f5-856.jpeg,CİLT BAKIM ÜRÜNLERİ > KREM > ,TL3.900,00
Soothing Repair Postcream (SRP) 20 ML,Onarıcı Krem, tüm cilt uygulamalarından sonra kullanıma yönelik hazırlanmıştır. Cildin yenileme sürecine destek olur.,https://static.ticimax.cloud/cdn-cgi/image/width=76,quality=85/53520/uploads/urunresimleri/buyuk/srp-soothing-repair-postcream-20-gr--8c92-.jpeg,CİLT BAKIM ÜRÜNLERİ > KREM > ,GENOSYS,
SOS - Hydra Gel Mask 50 ML,SOS hydra gel mask, ferahlatıcı, nemlendirici bir jel maskedir. Kombinasyon bileşenleri cildin doğal bariyerini güçlendirir, hyalüronik asit cildin nem rezervlerini artırdığından, epidermal su kaybını önemli ölçüde azaltır. Böylece esnek ve pürüzsüz bir cildi teşvik eder.,https://static.ticimax.cloud/cdn-cgi/image/width=76,quality=85/53520/uploads/urunresimleri/buyuk/sos-hydra-gel-mask-50-ml-7c-116.jpeg,CİLT BAKIM ÜRÜNLERİ > MASKE > ,PH FORMULA,
SOS - Lip Rescue 10 ML,Dudaklarınızında en az cildiniz kadar bakıma ihtiyacı vardır. Az su içiyorsanız, sigara tüketiyorsanız dudak yaşlanması kaçınılmaz! Sos Lip Rescue, serinletici efektiyle dudaklara hızlı rahatlama ve nemlilik sağlamaya yardımcı olur. Dudak çevresinin yaşlanmasını geciktirmeye yardımcı olur. Mentol içeriği ile dudakların doğal rengine kavuşmasına yardımcı olur,https://static.ticimax.cloud/cdn-cgi/image/width=76,quality=85/53520/uploads/urunresimleri/buyuk/sos-lip-rescue-10-ml-410ee6.jpeg,CİLT BAKIM ÜRÜNLERİ > DUDAK BAKIMI > ,PH FORMULA,
SOS - Repair Cream 50 ML,Hava değişiklilerinden kolay etkilenen, yıpranmış ciltlere onarım desteği sunar. SOS Repair Cream çabuk etkilenen, yıpranmış ciltlerin kullanımına uygundur.,https://static.ticimax.cloud/cdn-cgi/image/width=76,quality=85/53520/uploads/urunresimleri/buyuk/sos-repair-cream-50-ml-eaf-44.jpeg,CİLT BAKIM ÜRÜNLERİ > KREM > ,PH FORMULA,
SOS - Repair Mask 5 x 25 GR,Cilt hassasiyetini almaya yardımcı tek kullanımlık maske. İçerisinde 5 adet maske bulunmaktadır. Doğal etkilerin ek faydası ile yeniden yüzeye çıktıktan sonra anında serinletmeye yardımcı bir bakım maskesi. Tüm profesyonel uygulamalar sonrası kullanılır.,https://static.ticimax.cloud/cdn-cgi/image/width=76,quality=85/53520/uploads/urunresimleri/buyuk/sos-repair-mask-5-x-25-gr-0ad512.jpeg,CİLT BAKIM ÜRÜNLERİ > MASKE > ,PH FORMULA,
SOS - Rescue Cream 50 ML,SOS Rescue krem, bariyer güçlendirici, onarmaya yardımcı krem. Hem hassas hemde karma ciltler için formule edilmiş, çabuk etkilenen ciltlere nem ve bariyer takviyesi sağlar Sos Rescue Cream, seyahatlerdeki ani hava değişiminin getirdiği soğuk ve sıcak havalarda, yaz- kış rahatlıkla kullanılabilir.,https://static.ticimax.cloud/cdn-cgi/image/width=76,quality=85/53520/uploads/urunresimleri/buyuk/sos-rescue-cream-50-ml-35e-94.jpeg,CİLT BAKIM ÜRÜNLERİ > KREM > ,PH FORMULA,
SOS - Rescue Oil 30 ML,SOS Rescue Yağ Bariyer Güçlendirici, Onarıcı Yağ. Güçlü Peptidler ile güçlü sıkılaşma imkanı sağlar. Hassas ciltlerin hızlı onarımı için, doğal kuru yağlarla harmanlanmış bu serumu ister tek ister nemlendirici altına yaz-kış uygulanabilir.,https://static.ticimax.cloud/cdn-cgi/image/width=76,quality=85/53520/uploads/urunresimleri/buyuk/sos-rescue-oil-30-ml--ee34c.jpeg,CİLT BAKIM ÜRÜNLERİ > BAKIM YAĞI > ,PH FORMULA,
Sound Sleep Cocoon 50 ML,Canlandırıcı jel-krem bakım, gece cildin kendini onarma sürecini destekleyerek cildin sabah çok daha iyi görünmesine yardımcı olur. Demirhindi Tohum Özü cildi besleyici bir koza gibi sarmalayarak cildin daha yumuşak ve nemli olmasına yardımcı olurken kapsüllenmiş ve hareket ile aktive olan Fransız Lavantası Esansiyel Yağları (Sandalağacı ve Paçuli ile) birlikte çalışarak daha derin ve dinlendirici bir uykuya ve sabaha daha iyi görünen bir cilde yardımcı olur. Diğer anahtar içeriklerden Gülibrişim Özü ciltte yorgunluk belirtilerinin görünümünü azaltırken Wu-Zhu-Yu Özü sabaha cildin parlak ve ışıltılı görünmesine yardımcı olur.,https://static.ticimax.cloud/cdn-cgi/image/width=76,quality=85/53520/uploads/urunresimleri/buyuk/sound-sleep-cocoon-50-ml-a-9725.jpeg,CİLT BAKIM ÜRÜNLERİ > KREM > ,DERMALOGICA,TL3.960,00
SOVITAL Red Carpet Collagen Boost 60 Gummy,İsviçre Patentli SOVITAL Red Carpet gummy cildinizin ihtiyacı olan kolajeni, cildin kendisi üretmesi için ihtiyacı olan tüm vegan aminoasitleri içinde barındırır, böylece kolajen üretimi için dışarıdan kolajen alma ihtiyacı ortadan kalkar.,https://static.ticimax.cloud/cdn-cgi/image/width=76,quality=85/53520/uploads/urunresimleri/buyuk/sovital-red-carpet-collagen-boost-60-g-f-8958.jpeg,BESİN TAKVİYELERİ > KAPSÜL > ,SOVITAL,TL1.250,00
Special Cleansing Gel 250 ML,Tüm cilt durumları için sabun içermeyen, köpüren temizleyici. Cildin doğal nem dengesini bozmadan birikimleri gidererek cildi tazeler. Doğal Sabunotu köpüğü ile birikimleri giderir cilde temiz ve yumuşak bir his sağlar. Her gün kullanım için hafif ve naziktir. Sakinleştirici Oğul Otu ve Lavanta Özleri ile cildi rahatlatır.,https://static.ticimax.cloud/cdn-cgi/image/width=76,quality=85/53520/uploads/urunresimleri/buyuk/special-cleansing-gel-250-ml-0d-44d.jpeg,CİLT BAKIM ÜRÜNLERİ > TEMİZLEME > ,DERMALOGICA,TL1.915,00
Special Cleansing Gel 50 ML,Tüm cilt durumları için sabun içermeyen, köpüren temizleyici. Cildin doğal nem dengesini bozmadan birikimleri gidererek cildi tazeler. Doğal Sabunotu köpüğü ile birikimleri giderir cilde temiz ve yumuşak bir his sağlar. Her gün kullanım için hafif ve naziktir. Sakinleştirici Oğul Otu ve Lavanta Özleri ile cildi rahatlatır.,https://static.ticimax.cloud/cdn-cgi/image/width=76,quality=85/53520/uploads/urunresimleri/buyuk/special-cleansing-gel-50-ml--b5cb-.jpeg,CİLT BAKIM ÜRÜNLERİ > TEMİZLEME > ,DERMALOGICA,TL590,00
Special Edition Pyramid Beta,Beta Enzyme:Cilt yapısının hedeflenen şekilde arınması ve uzun süreli nemlendirilmesi için yüksek teknolojik enzimler ile birlikte yüzeydeki dokuyu yumuşatır ve cildin yenileme sürecini teşvik eder.,https://static.ticimax.cloud/cdn-cgi/image/width=76,quality=85/53520/uploads/urunresimleri/buyuk/special-edition-pyramid-beta-cc6-a4.jpeg,CİLT BAKIM ÜRÜNLERİ > SET > ,MBR,TL114.546,00
SPF30+ High Protection Face Cream,Bronzlaşmamış, güneşe alışkın olmayan ciltlere yönelik yoğun koruma içeren yumuşak, kaygan bakım kremi ve güneş losyonu. Hızlıca emilir ve yağ izi bırakmaz. Güneş yanığı, ışık kaynaklı cilt yaşlanması, güneşten kaynaklanan yaşlanma ve pigment lekelerine karşı koruma sağlar.Cilde bakım sağlar ve onu nemlendirir. Doğal bağışıklık sistemi ve hücre korumasını etkinleştirir.,https://static.ticimax.cloud/cdn-cgi/image/width=76,quality=85/53520/uploads/urunresimleri/buyuk/spf30-high-protection-face-cream-889-53.jpeg,CİLT BAKIM ÜRÜNLERİ > GÜNEŞ KORUMA > ,MSB,TL7.474,00
SPF50+ High Protection Cream,Güneşe karşı hassas ciltler için çok yüksek ışık koruması içeren yüz ve nokta uygulamaları için etkisi yoğun, yumuşak bakım kremi. Kolayca sürülür. Hızlıca emilir, yapışmaz ve yağlanmaz. Güneş yanığı, ışık kaynaklı cilt yaşlanması, güneşten kaynaklanan yaşlanma ve pigment lekelerine karşı koruma sağlar. Yoğun bir şekilde nemlendirir ve elastikiyet kaybını dengeler. Yeniliçi UV- A / UVB filtreleri ile cilt, güneş yanığından ve ışığa bağlı cilt yaşlanmalarından, güneş nedeniyle oluşan kırışıklıklardan ve pigment lekelerinden korur. Akıllı onarım mekanizmaları doğal bağışıklık ve hücre korumasını etkinleşitirir.,https://static.ticimax.cloud/cdn-cgi/image/width=76,quality=85/53520/uploads/urunresimleri/buyuk/spf50-high-protection-cream-4d-c98.jpeg,CİLT BAKIM ÜRÜNLERİ > GÜNEŞ KORUMA > ,MSB,TL9.938,00
Spot On Moisture Balance 50 ML,Tüm cilt tipleri için uygundur. Özellikle de aşırı sebum ve genişlemiş gözenekler, yağlı ciltler için tasarlanmıştır. İçerisindeki mercimek tohumu ciltteki yağ ve su dengesini dengelemeye yardımcı olur. Genç ciltler için üretilmiş bu hızlı emilen nemlendirici, eşsiz bir bileşen kombinasyonu içerir. Mat bir görünümün yanı sıra hafif hidrasyon sağlamak için özel olarak tasarlanmıştır.,https://static.ticimax.cloud/cdn-cgi/image/width=76,quality=85/53520/uploads/urunresimleri/buyuk/spot-on-moisture-balance-50-ml-2b75ac.jpeg,CİLT BAKIM ÜRÜNLERİ > KREM > ,PH FORMULA,
Starter Facial Booster - 200 ml,Yüz cildinin yoğun şekilde uyarılması için özel ürün. Dengeleyici bitki özlerinin ve güçlendirici aktif bileşenlerin dengeli bileşimi, cilt dokusunu nazikçe güçlendirir ve konturları güçlendirir. Doğal cilt fonksiyonları desteklenir, cilt daha pürüzsüz ve sıkı görünür.,https://static.ticimax.cloud/cdn-cgi/image/width=76,quality=85/53520/uploads/urunresimleri/buyuk/starter-facial-booster-200-ml-cd5383.jpeg,CİLT BAKIM ÜRÜNLERİ > BAKIM SPREYİ > ,MBR,TL5.201,00
Starter Set I - 10 ml,Özel Başlangıç Paketi,https://static.ticimax.cloud/cdn-cgi/image/width=76,quality=85/53520/uploads/urunresimleri/buyuk/starter-set-i-10-ml-d-4b97.jpeg,21 TRANSDERMAL,TL4.026,00
STEM CELLS ILLUMINATING EMULSION 50 ML,Cildin kalitesini gözle görülür şekilde artırır. Cildi aydınlatır, kırışıklıkları düzeltir ve gözenekleri sıkılaştırır.,https://static.ticimax.cloud/cdn-cgi/image/width=76,quality=85/53520/uploads/urunresimleri/buyuk/stem-cells-illuminating-emulsion-50-ml-e-8126.jpeg,CİLT BAKIM ÜRÜNLERİ > LOSYON > ,MARGY'S,TL12.700,00
STEM CELLS ILLUMINATING SERUM 30 ML,Son derece konsantre ve aktif bileşenleri, hücre yenilenmesini ve dolaşımı uyararak ince çizgileri ve kusurları en aza indirir, cildi aydınlatır ve ışıltı verir.,https://static.ticimax.cloud/cdn-cgi/image/width=76,quality=85/53520/uploads/urunresimleri/buyuk/stem-cells-illuminating-serum-30-ml-a5f232.jpeg,CİLT BAKIM ÜRÜNLERİ > SERUM > ,MARGY'S,TL14.600,00
Stick On Spots - SOS Band for Acnegenic Skin (15 Adet),Evde, işte, okulda veya partide Stick On Spots SOS Band ile özgüvenin seninle!,https://static.ticimax.cloud/cdn-cgi/image/width=76,quality=85/53520/uploads/urunresimleri/buyuk/stick-on-spots-sos-band-for-acnegenic--3dc-1e.jpeg,https://static.ticimax.cloud/cdn-cgi/image/width=76,quality=85/53520/uploads/urunresimleri/buyuk/stick-on-spots-sos-band-for-acnegenic---82d6-.jpeg,CİLT BAKIM ÜRÜNLERİ > BANT > ,STICK ON SPOTS,TL180,00
Stimulskin Plus Absolute Renewal Cream Normal to Dry Skin 50ML,Normalden kuruya dönük cilt tipleri için nemlendirici Olgunlaşmanın tüm belirtilerini azaltmaya yarıdmcı olur. Cildi anında nemlendirir, cilde pürüzsüz ve aydınlık görünüm kazandırır. 1 hafta sonunda ince çizgi görünümünü azaltmaya 8 hafta sonunda kırışıklık ve gülme çizgileri görünümünü azaltmaya 12 hafta sonunda daha sıkı, genç ve şekillenmiş görünüm kazandırmaya yardımcı olur. Kullanımı: Gündüz. Stimulskin Plus Reshaping Divine Serum’dan sonra uygulayın Gece. Uygun aromatik bakım yağından sonra uygulayın Botanik İçerikler: Deniz Zümrüdü, Elastin, Kolajen, Fibronektin,Laminaria digitata, Omega, Besleyici botanik yağlar,https://static.ticimax.cloud/cdn-cgi/image/width=76,quality=85/53520/uploads/urunresimleri/buyuk/stimulskin-plus-absolute-renewal-cream-105e2-.jpeg,CİLT BAKIM ÜRÜNLERİ > KREM > ,DARPHIN,TL8.739,00
Stimulskin Plus Absolute Renewal Eye & Lip Contour Cream 15ML,Tüm cilt tiplerine uygun göz kremi Göz çevresine sıkı, dolgun ve konturü belirgin görünüm kazandırmaya yardımcı olur. Çizgi ve kırışıklıkların görünümünü gözle görünür şekilde azalmasını destekler. Göz çevresine daha aydınlık görünüm kazandırmaya, göz altındaki farklı ton görünümünün azalmasına yardımcı olur. Botanik İçerikler: Deniz Zümrüdü, Siegesbeckia Orientals, Commiphora Mukul, Yeşim Tozu. Göz kapakları 4 haftada %16 daha sıkı bir görünüme kavuşur, göz çevresindeki koyu halka görünümü gözle görülür şekilde %20 oranında azalır, gülme çizgileri gözle görülür oranda 4 haftada azalır, göz çevresindeki çizgi ve kaz ayağı görünümü 7 günde pürüzsüzleşir.,https://static.ticimax.cloud/cdn-cgi/image/width=76,quality=85/53520/uploads/urunresimleri/buyuk/stimulskin-plus-absolute-renewal-eye-l-7-49cc.jpeg,CİLT BAKIM ÜRÜNLERİ > DUDAK BAKIMI > ,DARPHIN,TL4.555,00
Stimulskin Plus Absolute Renewal Infusion Cream 50ML,Normal ve karma cilt tipleri için nemlendirici. Olgunlaşmanın tüm belirtilerini azaltmaya yarıdmcı olur. Cildi anında nemlendirir, cilde pürüzsüz ve aydınlık görünüm kazandırır. Çizgi ve kırışıklık görünümünü gözle görülür ölçüde azaltmaya yardımcı olur. Cildin daha sıkı ve kalkık bir görünüm kazanmasını destekler. Cildi besleyen ve zengin yapısıyla en kuru ciltleri bile nemlendirir. Kullanımı: Gündüz. Stimulskin Plus Reshaping Divine Serum’dan sonra uygulayın Gece. Uygun aromatik bakım yağından sonra uygulayın Botanik içerikler: Deniz Zümrüdü, Elastin, Kolajen, Fibronektin,Laminaria digitata,, Besleyici botanik yağlar.,https://static.ticimax.cloud/cdn-cgi/image/width=76,quality=85/53520/uploads/urunresimleri/buyuk/stimulskin-plus-absolute-renewal-infus-7c-492.jpeg,CİLT BAKIM ÜRÜNLERİ > KREM > ,DARPHIN,TL8.739,00
Stimulskin Plus Absolute Renewal Serum 30ML,Faydaları:,https://static.ticimax.cloud/cdn-cgi/image/width=76,quality=85/53520/uploads/urunresimleri/buyuk/stimulskin-plus-absolute-renewal-serum-b-4d14.jpeg,CİLT BAKIM ÜRÜNLERİ > SERUM > ,DARPHIN,TL9.545,00
Stimulskin Plus Absolute Renewal Serum 50ML,Faydaları:,https://static.ticimax.cloud/cdn-cgi/image/width=76,quality=85/53520/uploads/urunresimleri/buyuk/stimulskin-plus-absolute-renewal-serum-1-a2e0.jpeg,CİLT BAKIM ÜRÜNLERİ > SERUM > ,DARPHIN,TL11.835,00
Stimulskin Plus Divine Serum Mask 50ML,Faydaları:,https://static.ticimax.cloud/cdn-cgi/image/width=76,quality=85/53520/uploads/urunresimleri/buyuk/stimulskin-plus-divine-serum-mask-50ml-50581c.jpeg,CİLT BAKIM ÜRÜNLERİ > MASKE > ,DARPHIN,TL5.529,00
Stimulskin Plus Lift Renewal Series 6 doses / 5 ml,Faydaları:,https://static.ticimax.cloud/cdn-cgi/image/width=76,quality=85/53520/uploads/urunresimleri/buyuk/stimulskin-plus-lift-renewal-series-6--0c067b.jpeg,CİLT BAKIM ÜRÜNLERİ > DİĞER > ,DARPHIN,TL11.505,00
Stimulskin Plus Multi-Corrective Divine Splash - Mask Lotion 125 ML,Faydaları:,https://static.ticimax.cloud/cdn-cgi/image/width=76,quality=85/53520/uploads/urunresimleri/buyuk/stimulskin-plus-multi-corrective-divin-48a0-a.jpeg,CİLT BAKIM ÜRÜNLERİ > LOSYON > ,DARPHIN,TL3.995,00
Sulfur Therapeutic Mask 330 GR,Aloe vera özlü, sülfür, kil ve aromatik özler yağlı cildin bakımını sağlar.Yağlı cilt görünümünü azaltır ve cildin nefes almasına yardımcı olur. Yüzde olduğu kadar göğüs ve sırt bölgesinde de kullanılabilir. Yağlı ve karma ciltlerde yağ dengesinin kurulmasını sağlar.,https://static.ticimax.cloud/cdn-cgi/image/width=76,quality=85/53520/uploads/urunresimleri/buyuk/sulfur-therapeutic-mask-330-gr-be-ac4.jpeg,CİLT BAKIM ÜRÜNLERİ > MASKE > ,THERADERM,
Sunsational SPF50+ Clear Sunscreen 100 ML,Güneşe hassas olan ciltlerde cildi nemlendirmeye katkı sağlarken güneşin zararlı ışınlarına karşı cildi korumaya yardımcı olur. Avustralya’da üretilen bu ürün kolayca uygulanan yüksek koruma ile cildi güneş yanığından korumaya yardımcıdır. Güneş etkisi ile ortaya çıkan ince çizgi ve kırışıklıkların görünümünün oluşumunu engellemeye ve fotoyaşlanmayı durdurmaya yardımcı olur. PABA ve nanopartikül içermez. Çocuk ve yetişkinlerde kullanılabilir.,https://static.ticimax.cloud/cdn-cgi/image/width=76,quality=85/53520/uploads/urunresimleri/buyuk/sunsational-spf50-clear-sunscreen-100--f-4703.jpeg,CİLT BAKIM ÜRÜNLERİ > GÜNEŞ KORUMA > ,SUNSATIONAL,
Sunsational SPF50+ Clear Sunscreen 200 ML,https://static.ticimax.cloud/cdn-cgi/image/width=76,quality=85/53520/uploads/urunresimleri/buyuk/sunsational-spf50-clear-sunscreen-200--2614-4.jpeg,CİLT BAKIM ÜRÜNLERİ > GÜNEŞ KORUMA > ,SUNSATIONAL,
Sunscreen + Powder Broad -Spectrum SPF30 (Light),https://static.ticimax.cloud/cdn-cgi/image/width=76,quality=85/53520/uploads/urunresimleri/buyuk/sunscreen-powder-broad-spectrum-spf30--3-4b9a.jpeg,CİLT BAKIM ÜRÜNLERİ > GÜNEŞ KORUMA > ,TL3.700,00
Sunscreen + Powder Broad -Spectrum SPF30 (Medium),Triple-Spectrum Protection® ve özel ZO® antioksidan teknolojisiyle güçlendirilmiş bu pudralı güneş kremi, sadece cildinizi güneşin zararlı etkilerden korumakla kalmayıp bir yandan cildinizdeki nem seviyesini korur ve parlaklığı azaltmak için yüzeydeki yağı emer. Pudranın içerdiği renk düzenleyici pigmentler ve ışığı yansıtan mineraller daha aydınlık bir görünüm sağlar,https://static.ticimax.cloud/cdn-cgi/image/width=76,quality=85/53520/uploads/urunresimleri/buyuk/sunscreen-powder-broad-spectrum-spf30--3def-4.jpeg,CİLT BAKIM ÜRÜNLERİ > GÜNEŞ KORUMA > ,ZO SKIN HEALTH,TL3.700,00
Sunscreen Primer SPF30 30 ML,Çift etkili yapısı ile ZOX12™ bileşenlerinden oluşur, kızılötesi ve HEV ışınlarına karşı maksimum koruma sağlar. Pürüzsüz mat bir görüntü için cildi nemlendirir.,https://static.ticimax.cloud/cdn-cgi/image/width=76,quality=85/53520/uploads/urunresimleri/buyuk/sunscreen-primer-spf30-30-ml-46-90e.jpeg,CİLT BAKIM ÜRÜNLERİ > GÜNEŞ KORUMA > ,ZO SKIN HEALTH,TL3.700,00
Super Rich Repair 100 ML,Susuz ve nemsiz kalmış ciltleri nemlendiren besleyici bakım kremi. Yoğun yapılı krem cildi çevresel hasarlara karşı korumaya, cildin nem seviyesini arttırarak beslemeye yardımcı olur. İçerdiği peptidler ve asitsiz yumuşatıcı kompleks ile cildi güçlendirmeye ve dengelemeye yardımcı olur. Shea Butter ve Çuha Çiçeği Yağı cildi nemlendirir ve cildin doğal koruyucu bariyerini güçlendirmeye yardımcı olurken antioksidanlar serbest radikallere karşı cildi korur. Ürünü oda sıcaklığında saklayın.,https://static.ticimax.cloud/cdn-cgi/image/width=76,quality=85/53520/uploads/urunresimleri/buyuk/super-rich-repair-100-ml-d3e578.jpeg,CİLT BAKIM ÜRÜNLERİ > KREM > ,DERMALOGICA,TL6.960,00
Super Rich Repair 50 ML,Susuz ve nemsiz kalmış ciltleri nemlendiren besleyici bakım kremi. Yoğun yapılı krem cildi çevresel hasarlara karşı korumaya, cildin nem seviyesini arttırarak beslemeye yardımcı olur. İçerdiği peptidler ve asitsiz yumuşatıcı kompleks ile cildi güçlendirmeye ve dengelemeye yardımcı olur. Shea Butter ve Çuha Çiçeği Yağı cildi nemlendirir ve cildin doğal koruyucu bariyerini güçlendirmeye yardımcı olurken antioksidanlar serbest radikallere karşı cildi korur. Ürünü oda sıcaklığında saklayın.,https://static.ticimax.cloud/cdn-cgi/image/width=76,quality=85/53520/uploads/urunresimleri/buyuk/super-rich-repair-50-ml-3-9f36.jpeg,CİLT BAKIM ÜRÜNLERİ > KREM > ,DERMALOGICA,TL4.560,00
Super Serum Advance+ 15 ML,Super Serum Advance+, ilk kez yeni nesil L-Askorbik Asitimizin (Vitamin C) %15 konsantrasyonunu biyolojik olarak özdeş bir Bakır Tripeptid büyüme faktörü ile birleştiren, bilimsel olarak gelişmiş, klinik olarak kanıtlanmış bir formüldür Super Serum Advance+ ayrıca güçlü botanik antioksidanlar ve güvenli cilt parlatıcılar içerir,https://static.ticimax.cloud/cdn-cgi/image/width=76,quality=85/53520/uploads/urunresimleri/buyuk/super-serum-advance-15-ml-7ee-76.jpeg,CİLT BAKIM ÜRÜNLERİ > SERUM > ,IS CLINICAL,TL4.027,00
Super Serum Advance+ 30 ML,Super Serum Advance+, ilk kez yeni nesil L-Askorbik Asitimizin (Vitamin C) %15 konsantrasyonunu biyolojik olarak özdeş bir Bakır Tripeptid büyüme faktörü ile birleştiren, bilimsel olarak gelişmiş, klinik olarak kanıtlanmış bir formüldür Super Serum Advance+ ayrıca güçlü botanik antioksidanlar ve güvenli cilt parlatıcılar içerir,https://static.ticimax.cloud/cdn-cgi/image/width=76,quality=85/53520/uploads/urunresimleri/buyuk/super-serum-advance-30-ml-116c88.jpeg,CİLT BAKIM ÜRÜNLERİ > SERUM > ,IS CLINICAL,TL6.697,00
SURFACE (CR) 30 ML,30 yaş üzeri, kırışıklıkların belirginleşmeye başladığı dönemde, anında botoks etkisini deneyimlemek isteyenler ve ayrıca gençlik çeşmesi olarak bilinen GLUTAMİN ile daha sağlıklı ve sıkı cilde kavuşmak için kullanılır. Dolgu, botoks gibi medikal uygulamalar sonrasında, sonuçların başarısını arttırmayı sağlar.,https://static.ticimax.cloud/cdn-cgi/image/width=76,quality=85/53520/uploads/urunresimleri/buyuk/surface-cr-30-ml-33dec1.jpeg,CİLT BAKIM ÜRÜNLERİ > KREM > ,ALPHASCIENCE,TL2.000,00
T-ZONE SERUM CORRECTOR 30 ML,Antiseptik özelliği ile cildi arındırmaya ve fazla sebumu azaltmaya etkili bir şekilde yardımcı olur. Cilt dokusu düzelir ve cildi mat ve tazelenmiş bırakır.,https://static.ticimax.cloud/cdn-cgi/image/width=76,quality=85/53520/uploads/urunresimleri/buyuk/t-zone-serum-corrector-30-ml-adb19-.jpeg,CİLT BAKIM ÜRÜNLERİ > SERUM > ,MARGY'S,TL5.600,00
Tangerine Aromatic Care 15ML,Faydaları: Tüm cilt tiplerine uygun aromatik bakım İçeriğindeki C Vitamini bakımından zengin meyveler sayesinde gece boyunca çalışır. Cildi nemlendirir, cilde daha aydınlık ve ışıltılı görünüm kazandırmaya yardımcı olur. Yorgunluk belirtilerinin ciltteki görünümünün azalmasını destekler. Kullanımı: Gece. İşaret parmağınızı kullanarak; yanaklar, alın ve çeneye 4 damla uygulayın. Avucunuzu ısıttıktan sonra ürünü cildinize uygulayın. Botanik İçerikler: Mandalina, Limon, Portakal, Greyfurt, Havuç, Kayısı, Karpuz, Susam, Ayçiçeği, Jojoba,https://static.ticimax.cloud/cdn-cgi/image/width=76,quality=85/53520/uploads/urunresimleri/buyuk/tangerine-aromatic-care-15ml-b541a1.jpeg,CİLT BAKIM ÜRÜNLERİ > BAKIM YAĞI > ,DARPHIN,TL2.429,00
TANNIC (CF) SERUM 30 ML,Çevresel ve biyolojik faktörler kaynaklı oluşan sıkılık kaybı, kızarıklık, kahverengi lekeler ve kırışıklıklar gibi cilt problemlerinin gerilemesini sağlar. Normal ve kuru ciltler için idealdir. Hassas ciltlerde de güvenle kullanılabilir. Ayrıca rosacea gibi kılcal damarların belirgin olduğu cilt tipi rahatsızlıklarında kızarıklığın azalmasını sağlar.,https://static.ticimax.cloud/cdn-cgi/image/width=76,quality=85/53520/uploads/urunresimleri/buyuk/tannic-cf-serum-30-ml-4012-8.jpeg,CİLT BAKIM ÜRÜNLERİ > SERUM > ,ALPHASCIENCE,TL2.250,00
TANNIC (CF) SERUM 8 ML,Çevresel ve biyolojik faktörler kaynaklı oluşan sıkılık kaybı, kızarıklık, kahverengi lekeler ve kırışıklıklar gibi cilt problemlerinin gerilemesini sağlar. Normal ve kuru ciltler için idealdir. Hassas ciltlerde de güvenle kullanılabilir. Ayrıca rosacea gibi kılcal damarların belirgin olduğu cilt tipi rahatsızlıklarında kızarıklığın azalmasını sağlar.,https://static.ticimax.cloud/cdn-cgi/image/width=76,quality=85/53520/uploads/urunresimleri/buyuk/tannic-cf-serum-8-ml-c-4254.jpeg,CİLT BAKIM ÜRÜNLERİ > SERUM > ,ALPHASCIENCE,TL650,00
THE AZULENE CLEANSING MILK 200 ML,Deniz kolajeni konsantresi cildin derin nemini ve elastikiyetini geri kazandırır. Nem seviyelerini yeniden dengelerken cildi derinlemesine temizler.,https://static.ticimax.cloud/cdn-cgi/image/width=76,quality=85/53520/uploads/urunresimleri/buyuk/the-azulene-cleansing-milk-200-ml-23f519.jpeg,CİLT BAKIM ÜRÜNLERİ > TEMİZLEME SÜTÜ > ,MARGY'S,TL4.600,00
The Best Collection,THE BEST Collection sıra dışı olanı seven herkes için doğru seçim! Komple mükemmellikte bir AÇMA - BESLEME - KAPAMA olan MBR® bakım ilkesidir.,https://static.ticimax.cloud/cdn-cgi/image/width=76,quality=85/53520/uploads/urunresimleri/buyuk/the-best-collection-a-e97c.jpg,CİLT BAKIM ÜRÜNLERİ > KIT PROGRAM > ,MBR,TL128.311,00
The Best Concentrate – 15 ml,Daha derin cilt katmanlarına bile nüfuz eden olağanüstü derecede konsantre, hedefe yönelik yüz serumu. MBR® için özel olarak geliştirilmiş özel MBR® Fibroboost Kompleksi temelinde, patentli Capsules™ teknolojisi ve tamamlayıcı yüksek verimli aktif bileşenler ile birlikte formüle edilmiştir, zamanın izlerini yavaşlatır ve yumuşatır. Cilt yapısını iyileştirirken daha fazla elastikiyet ve sıkılık sağlar. Yüz hatları daha pürüzsüz ve genç görünür.,https://static.ticimax.cloud/cdn-cgi/image/width=76,quality=85/53520/uploads/urunresimleri/buyuk/the-best-concentrate-15-ml-b45e11.jpeg,CİLT BAKIM ÜRÜNLERİ > SERUM > ,MBR,TL24.918,00
The Best Concentrate CURE,Cildin daha derin katmanlarına bile nüfuz eden THE BEST Concentrate ile olağanüstü yüksek konsantrasyonlu ve hedefe yönelik tedavi sistemi. 6 x 15 ml üniteli bakım tedavisi, 3 ay boyunca THE BEST bakım ürünleri ile birlikte komplike olmayan ve etkili bir kullanım sağlar. MBR® için özel olarak geliştirilmiş özel MBR® Fibroboost Kompleksi temelinde, patentli Capsules™ teknolojisi ve tamamlayıcı yüksek verimli aktif bileşenlerle birlikte formüle edilmiştir, zamanın izlerini yavaşlatır ve yumuşatır.,https://static.ticimax.cloud/cdn-cgi/image/width=76,quality=85/53520/uploads/urunresimleri/buyuk/the-best-concentrate-cure-e08-89.jpeg,CİLT BAKIM ÜRÜNLERİ > SERUM > ,MBR,TL100.816,00
The Best Face - 50 ml,Cildin daha derin katmanlarına bile nüfuz eden olağanüstü etkili yüz kremi. Özellikle MBR® için geliştirilmiş özel bir aktif bileşen olan MBR® FibroBoost Kompleksi temelinde formüle edilmiş, patentli Capsules™ teknolojisi ve yüksek karatlı tamamlayıcı aktif bileşenlerle birlikte formüle edilmiştir, cildin yaşlanma sürecini yavaşlatır ve zayıflamış yüz hatlarını sıkılaştırır.,https://static.ticimax.cloud/cdn-cgi/image/width=76,quality=85/53520/uploads/urunresimleri/buyuk/the-best-face-50-ml-e7733a.jpeg,CİLT BAKIM ÜRÜNLERİ > KREM > ,MBR,TL58.197,00
The Best Face Extra Rich - 50 ml,Cildin daha da derin katmanlarına nüfuz eden özellikle zengin ve nemlendirici yüz kremi. Patentli Capsules™ teknolojisine sahip MBR® için özel olarak geliştirilmiş özel aktif bileşen MBR® FibroBoost Kompleksi temelinde formüle edilmiş, yüksek karatlı, tamamlayıcı aktif bileşenlerle birlikte formüle edilmiştir, özellikle kuru cildi uzun süre nemlendirir, cildin yaşlanma sürecini yavaşlatır ve görünür gençleşme yaratır.,https://static.ticimax.cloud/cdn-cgi/image/width=76,quality=85/53520/uploads/urunresimleri/buyuk/the-best-face-extra-rich-50-ml-fcee-e.jpeg,CİLT BAKIM ÜRÜNLERİ > KREM > ,MBR,TL60.234,00
The Cleansing Balm 90 GR,İçeriğindeki Avokado, Zeytin, Hindistancevizi yağları karışımları ve E vitamini ile ciltteki kir, yağ fazlası ve makyajı, kolay durulanan formülü sayesinde kalıntı bırakmadan nazikçe temizler. Doğal amino asitler, antioksidanlar ve sentezlenmiş moleküllerden oluşan TFC8® kompleksi sayesinde cildin daha sıkı, yumuşak ve nemli hissedilmesine yardımcı olur.,https://static.ticimax.cloud/cdn-cgi/image/width=76,quality=85/53520/uploads/urunresimleri/buyuk/the-cleansing-balm-90-gr--fa5a5.jpeg,https://static.ticimax.cloud/cdn-cgi/image/width=76,quality=85/53520/uploads/urunresimleri/buyuk/the-cleansing-balm-90-gr-2046c3.jpeg,CİLT BAKIM ÜRÜNLERİ > BALM > ,AUGUSTINUS BADER,TL2.550,00
The Cream 100 ML,Nemlendirici yüz bakım kremi,https://static.ticimax.cloud/cdn-cgi/image/width=76,quality=85/53520/uploads/urunresimleri/buyuk/the-cream-100-ml-828180.jpg,CİLT BAKIM ÜRÜNLERİ > KREM > ,AUGUSTINUS BADER,TL15.900,00
The Cream 15 ML,Nemlendirici yüz bakım kremi,https://static.ticimax.cloud/cdn-cgi/image/width=76,quality=85/53520/uploads/urunresimleri/buyuk/the-cream-15-ml-8a8f-b.jpeg,https://static.ticimax.cloud/cdn-cgi/image/width=76,quality=85/53520/uploads/urunresimleri/buyuk/the-cream-15-ml-4c-8f5.jpeg,CİLT BAKIM ÜRÜNLERİ > KREM > ,AUGUSTINUS BADER,TL2.900,00
The Cream 30 ML,Nemlendirici yüz bakım kremi,https://static.ticimax.cloud/cdn-cgi/image/width=76,quality=85/53520/uploads/urunresimleri/buyuk/the-cream-30-ml-8b5-0d.jpeg,https://static.ticimax.cloud/cdn-cgi/image/width=76,quality=85/53520/uploads/urunresimleri/buyuk/the-cream-30-ml-d-f4ad.jpeg,CİLT BAKIM ÜRÜNLERİ > KREM > ,AUGUSTINUS BADER,TL5.500,00
The Cream 50 ML,Nemlendirici yüz bakım kremi,https://static.ticimax.cloud/cdn-cgi/image/width=76,quality=85/53520/uploads/urunresimleri/buyuk/the-cream-50-ml-b1c540.jpeg,https://static.ticimax.cloud/cdn-cgi/image/width=76,quality=85/53520/uploads/urunresimleri/buyuk/the-cream-50-ml-a-4a34.jpeg,CİLT BAKIM ÜRÜNLERİ > KREM > ,AUGUSTINUS BADER,TL9.600,00
The Cream Cleansing Gel 100 ML,Gül Çiçeği Suyu, Salatalık Özü ve Aloe Yaprağı Suyu içeren ferahlatıcı formülü, hafif ve köpüren jel yapısı, doğal amino asitler, antioksidanlar ve sentezlenmiş moleküllerden oluşan TFC8® kompleksi sayesinde cildi, doğal dengesini bozmadan arındırırken aynı zamanda besler, yatıştırır ve nemlendirilmesine yardımcı olur. Cilt bakım ürünlerinin daha etkili bir şekilde emilmesi için cildi hazırlar. Ürün açıldıktan sonra 12 ay içinde tüketilmelidir.,https://static.ticimax.cloud/cdn-cgi/image/width=76,quality=85/53520/uploads/urunresimleri/buyuk/the-cream-cleansing-gel-100-ml--36e4e.jpeg,https://static.ticimax.cloud/cdn-cgi/image/width=76,quality=85/53520/uploads/urunresimleri/buyuk/the-cream-cleansing-gel-100-ml-489d-a.jpeg,CİLT BAKIM ÜRÜNLERİ > TEMİZLEME > ,AUGUSTINUS BADER,TL2.350,00
The Daily Esential Duo The Cream 15-50 ML,The Cream,https://static.ticimax.cloud/cdn-cgi/image/width=76,quality=85/53520/uploads/urunresimleri/buyuk/the-daily-esential-duo-the-cream-15-50-066e0-.jpeg,CİLT BAKIM ÜRÜNLERİ > SET > ,AUGUSTINUS BADER,TL10.300,00
The Daily Esential Duo The Rich Cream 15-50 ML,The Rich Cream,https://static.ticimax.cloud/cdn-cgi/image/width=76,quality=85/53520/uploads/urunresimleri/buyuk/the-daily-esential-duo-the-rich-cream--13d94d.jpeg,CİLT BAKIM ÜRÜNLERİ > SET > ,AUGUSTINUS BADER,TL10.300,00
The Discovery Duo 15 ML,Set İçeriği;,https://static.ticimax.cloud/cdn-cgi/image/width=76,quality=85/53520/uploads/urunresimleri/buyuk/the-discovery-duo-15-ml--8623-.jpeg,https://static.ticimax.cloud/cdn-cgi/image/width=76,quality=85/53520/uploads/urunresimleri/buyuk/the-discovery-duo-15-ml-c-4a9f.jpeg,CİLT BAKIM ÜRÜNLERİ > SET > ,AUGUSTINUS BADER,TL5.450,00
The Discovery Duo 30 ML,Set İçeriği;,https://static.ticimax.cloud/cdn-cgi/image/width=76,quality=85/53520/uploads/urunresimleri/buyuk/the-discovery-duo-30-ml-8-9d4c.jpeg,https://static.ticimax.cloud/cdn-cgi/image/width=76,quality=85/53520/uploads/urunresimleri/buyuk/the-discovery-duo-30-ml-8-8ce1.jpeg,CİLT BAKIM ÜRÜNLERİ > SET > ,AUGUSTINUS BADER,TL10.100,00
The Discovery Duo 50 ML,Set İçeriği;,https://static.ticimax.cloud/cdn-cgi/image/width=76,quality=85/53520/uploads/urunresimleri/buyuk/the-discovery-duo-50-ml-21d-48.jpeg,CİLT BAKIM ÜRÜNLERİ > SET > ,AUGUSTINUS BADER,TL17.250,00
The Essence 100 ML,3'ü 1 arada formülü ile daha pürüzsüz, daha yumuşak ve daha nemli bir cilt için hafif bir peeling, toner ve bakım ürünün özelliklerini birleştirir. TFC8® kompleksi ve Laktik, Fitik (AHA’s), Salisilik (BHA), Glukonolakton (PHA) kombinasyonu ile cildi nazikçe derinlemesine temizlerken aynı zamanda nemlendirilmesine de katkıda bulunur. Böylece cildin daha aydınlık, yumuşak, pürüzsüz ve ışıltılı görünüm kazanmasına yardımcı olur. Günlük kullanıma uygundur ve tüm cilt tipleri için formüle edilmiştir.,https://static.ticimax.cloud/cdn-cgi/image/width=76,quality=85/53520/uploads/urunresimleri/buyuk/the-essence-100-ml-b267-2.jpeg,https://static.ticimax.cloud/cdn-cgi/image/width=76,quality=85/53520/uploads/urunresimleri/buyuk/the-essence-100-ml-cd2-a3.jpeg,CİLT BAKIM ÜRÜNLERİ > KREM > ,TL3.100,00
The Face Oil 10 ML,Amino asit açısından zengin Babassu, Argan, Fındık ve Karanja yağlarının karışımlarını içeren hızla emilen formülü, doğal amino asitler, antioksidanlar ve sentezlenmiş moleküllerden oluşan TFC8® kompleksi sayesinde cildi derinlemesine beslemeye, yatıştırmaya ve canlandırmaya yardımcı olur. Ayrıca cildin daha sıkı, pürüzsüz ve ışıltılı görünüm kazanmasına katkı sağlar. Tüm cilt tipleri için formüle edilmiştir. Gözenekleri tıkamaz. Ürün açıldıktan sonra 9 ay içinde tüketilmelidir.,https://static.ticimax.cloud/cdn-cgi/image/width=76,quality=85/53520/uploads/urunresimleri/buyuk/the-face-oil-10-ml-34-51f.jpeg,https://static.ticimax.cloud/cdn-cgi/image/width=76,quality=85/53520/uploads/urunresimleri/buyuk/the-face-oil-10-ml-6-4030.jpeg,CİLT BAKIM ÜRÜNLERİ > BAKIM YAĞI > ,AUGUSTINUS BADER,TL3.100,00
The Face Oil 30 ML,Amino asit açısından zengin Babassu, Argan, Fındık ve Karanja yağlarının karışımlarını içeren hızla emilen formülü, doğal amino asitler, antioksidanlar ve sentezlenmiş moleküllerden oluşan TFC8® kompleksi sayesinde cildi derinlemesine beslemeye, yatıştırmaya ve canlandırmaya yardımcı olur. Ayrıca cildin daha sıkı, pürüzsüz ve ışıltılı görünüm kazanmasına katkı sağlar. Tüm cilt tipleri için formüle edilmiştir. Gözenekleri tıkamaz. Ürün açıldıktan sonra 9 ay içinde tüketilmelidir.,https://static.ticimax.cloud/cdn-cgi/image/width=76,quality=85/53520/uploads/urunresimleri/buyuk/the-face-oil-30-ml-e0992e.jpeg,https://static.ticimax.cloud/cdn-cgi/image/width=76,quality=85/53520/uploads/urunresimleri/buyuk/the-face-oil-30-ml-4-c389.jpeg,CİLT BAKIM ÜRÜNLERİ > BAKIM YAĞI > ,AUGUSTINUS BADER,TL8.050,00
The Foaming Cleanser 100 ML,Maca Özü, Langsat Yaprağı Özü, Orobanche Rapum Özü ve Moringa Yağı içeren zengin formülü, kremsi köpük yapısı, doğal amino asitler, vitaminler ve sentezlenmiş moleküllerden oluşan TFC8® kompleksi sayesinde cildi kir, makyaj ve fazla yağlardan nazikçe arındırırken aynı zamanda besler, nemlendirir, pürüzsüz, aydınlık ve eşit tonlu görünmesine yardımcı olur. Ürün açıldıktan sonra 6 ay içinde tüketilmelidir. Gözenekleri tıkamaz.,https://static.ticimax.cloud/cdn-cgi/image/width=76,quality=85/53520/uploads/urunresimleri/buyuk/the-foaming-cleanser-100-ml-da-e6d.jpeg,https://static.ticimax.cloud/cdn-cgi/image/width=76,quality=85/53520/uploads/urunresimleri/buyuk/the-foaming-cleanser-100-ml-fe3-63.jpeg,CİLT BAKIM ÜRÜNLERİ > TEMİZLEME SÜTÜ > ,TL2.350,00
The Hydration Heroes The Cream 50-100 ML,The Body Cream (Besleyici Vücut Kremi),https://static.ticimax.cloud/cdn-cgi/image/width=76,quality=85/53520/uploads/urunresimleri/buyuk/the-hydration-heroes-the-cream-50-100--59226c.jpeg,https://static.ticimax.cloud/cdn-cgi/image/width=76,quality=85/53520/uploads/urunresimleri/buyuk/the-hydration-heroes-the-cream-50-100--c-7785.jpeg,CİLT BAKIM ÜRÜNLERİ > SET > ,AUGUSTINUS BADER,TL11.250,00
The Hydration Heroes The Rich Cream 50-100 ML,https://static.ticimax.cloud/cdn-cgi/image/width=76,quality=85/53520/uploads/urunresimleri/buyuk/the-hydration-heroes-the-rich-cream-15-e7-cb9.jpeg,CİLT BAKIM ÜRÜNLERİ > SET > ,TL11.250,00
The Light Cream 30 ML,Ağırlık vermeyen, hızla emilen emülsiyon formu ve içeriğindeki TFC8® kompleksi,Pirinç Kepeği Yağı, Üçlü Hidrasyon Kompleksi, Baobab Yaprağı Ekstresi ve Avustralya Limon Mersin Ekstresi içeren zengin formülü sayesinde cildinize mat görünüm kazandırırken aynı zamanda derin nemlendirme sağlayarak, cildin daha taze ve aydınlık görünmesine yardımcı olur.,https://static.ticimax.cloud/cdn-cgi/image/width=76,quality=85/53520/uploads/urunresimleri/buyuk/the-light-cream-30-ml-8b-4d0.jpeg,https://static.ticimax.cloud/cdn-cgi/image/width=76,quality=85/53520/uploads/urunresimleri/buyuk/the-light-cream-30-ml-10376-.jpeg,CİLT BAKIM ÜRÜNLERİ > KREM > ,AUGUSTINUS BADER,TL5.650,00
The Limited Edition Haider Ackermann Cream Nomad 2x50 ML,Ferahlık hissi veren hafif yapısı ve içeriğindeki doğal amino asitler, antioksidanlar ve sentezlenmiş moleküllerden oluşan TFC8® kompleksi sayesinde cildinize derin nemlendirme sağlayarak, cildin daha sıkı ve eşit tonlu görünmesine yardımcı olur. Zengin formülü ile yaşlanma belirtilerinin görünümünün azalmasına, cildin pürüzsüz ve ışıltılı görünmesine katkıda bulunur.,https://static.ticimax.cloud/cdn-cgi/image/width=76,quality=85/53520/uploads/urunresimleri/buyuk/the-limited-edition-haider-ackermann-c-2d-469.jpeg,CİLT BAKIM ÜRÜNLERİ > SET > ,AUGUSTINUS BADER,TL17.950,00
The Limited Edition Haider Ackermann Rich Cream Nomad 2x50 ML,İçeriğindeki doğal amino asitler, antioksidanlar ve sentezlenmiş moleküllerden oluşan TFC8® kompleksi sayesinde cildinize yoğun nemlendirme sağlayarak, cildin daha sıkı ve eşit tonlu görünmesine yardımcı olur. Zengin formülü ile cildin daha genç, pürüzsüz, aydınlık ve ışıltılı görünmesine katkıda bulunarak sağlıklı görünümünü destekler.,https://static.ticimax.cloud/cdn-cgi/image/width=76,quality=85/53520/uploads/urunresimleri/buyuk/the-limited-edition-haider-ackermann-r-f248-5.jpeg,CİLT BAKIM ÜRÜNLERİ > SET > ,AUGUSTINUS BADER,TL17.950,00
The Lip Balm 4 GR,İçeriğindeki Candelilla, Bisabolol, Shea ve Zeytin yağları karışımları, E vitamini ve doğal amino asitler, antioksidanlar ve sentezlenmiş moleküllerden oluşan TFC8® kompleksi sayesinde dudakları nemlendirerek korunmasına yardımcı olurken aynı zamanda dolgun, pürüzsüz ve esnek görünümünü destekler. Ürün açıldıktan sonra 6 ay içinde tüketilmelidir.,https://static.ticimax.cloud/cdn-cgi/image/width=76,quality=85/53520/uploads/urunresimleri/buyuk/the-lip-balm-4-gr--1f53-.jpeg,https://static.ticimax.cloud/cdn-cgi/image/width=76,quality=85/53520/uploads/urunresimleri/buyuk/the-lip-balm-4-gr-2a9-90.jpeg,CİLT BAKIM ÜRÜNLERİ > DUDAK BAKIMI > ,AUGUSTINUS BADER,TL1.350,00
THE LOTION NO 1 200 ML,Bu Losyon cildin nem seviyesini düzenleyerek cildi dolgun, nemli ve yumuşak hale getirir.,https://static.ticimax.cloud/cdn-cgi/image/width=76,quality=85/53520/uploads/urunresimleri/buyuk/the-lotion-no-1-200-ml-3b2267.jpeg,CİLT BAKIM ÜRÜNLERİ > LOSYON > ,TL5.350,00
THE LOTION NO 2 200 ML,Bu Losyon, ölü cilt hücrelerini temizler ve yok eder. Gözenekleri sıkılaştıran ve dengede bırakan bir kombinasyon veya hafif yağlı ciltler için idealdir.,https://static.ticimax.cloud/cdn-cgi/image/width=76,quality=85/53520/uploads/urunresimleri/buyuk/the-lotion-no-2-200-ml-10f-a7.jpeg,CİLT BAKIM ÜRÜNLERİ > LOSYON > ,MARGY'S,TL5.350,00
The Perfect Collection Koffer,THE BEST Collection sıra dışı olanı seven herkes için doğru seçim! Komple mükemmellikte bir AÇMA - BESLEME - KAPAMA olan MBR® bakım ilkesidir.,https://static.ticimax.cloud/cdn-cgi/image/width=76,quality=85/53520/uploads/urunresimleri/buyuk/the-perfect-collection-koffer-e92-4a.jpg,CİLT BAKIM ÜRÜNLERİ > KIT PROGRAM > ,MBR,TL126.186,00
The Renewals Icon with The Cream Set 15-50 ML,The Cream (Nemlendirici Yüz Bakım Kremi),https://static.ticimax.cloud/cdn-cgi/image/width=76,quality=85/53520/uploads/urunresimleri/buyuk/the-renewals-icon-with-the-cream-set-1-8d8cd9.jpeg,CİLT BAKIM ÜRÜNLERİ > SET > ,AUGUSTINUS BADER,TL9.750,00
The Renewals Icon with The Rich Cream 15-30 ML,https://static.ticimax.cloud/cdn-cgi/image/width=76,quality=85/53520/uploads/urunresimleri/buyuk/the-renewals-icon-with-the-rich-cream--c6d27f.jpeg,CİLT BAKIM ÜRÜNLERİ > SET > ,TL9.750,00
The Retinol Serum 30 ML,Marine Ectoine, Çinko Kompleksi ve Saf Retinol içeren hafif yapılı formülü, doğal amino asitler, vitaminler ve sentezlenmiş moleküllerden oluşan TFC8® kompleksi sayesinde ince çizgilerin, kırışıklıkların ve koyu lekelerin görünümünü azaltmaya, cildi nemlendirmeye yardımcı olur. Cildin daha sıkı ve aydınlık görünmesine katkıda bulunarak sağlıklı görünümünü destekler. Ürün açıldıktan sonra 6 ay içinde tüketilmelidir. Gözenekleri tıkamaz.,https://static.ticimax.cloud/cdn-cgi/image/width=76,quality=85/53520/uploads/urunresimleri/buyuk/the-retinol-serum-30-ml-6fd27c.jpeg,https://static.ticimax.cloud/cdn-cgi/image/width=76,quality=85/53520/uploads/urunresimleri/buyuk/the-retinol-serum-30-ml--b746-.jpeg,CİLT BAKIM ÜRÜNLERİ > SERUM > ,AUGUSTINUS BADER,TL11.900,00
The Rich Cream 100 ML,Yoğun nemlendirici yüz bakım kremi,https://static.ticimax.cloud/cdn-cgi/image/width=76,quality=85/53520/uploads/urunresimleri/buyuk/the-rich-cream-100-ml--e1b9-.jpeg,https://static.ticimax.cloud/cdn-cgi/image/width=76,quality=85/53520/uploads/urunresimleri/buyuk/the-rich-cream-100-ml--4a0d-.jpeg,CİLT BAKIM ÜRÜNLERİ > KREM > ,AUGUSTINUS BADER,TL15.900,00
The Rich Cream 15 ML,Yoğun nemlendirici yüz bakım kremi,https://static.ticimax.cloud/cdn-cgi/image/width=76,quality=85/53520/uploads/urunresimleri/buyuk/the-rich-cream-15-ml-85d-4d.jpeg,https://static.ticimax.cloud/cdn-cgi/image/width=76,quality=85/53520/uploads/urunresimleri/buyuk/the-rich-cream-15-ml-44db-a.jpeg,CİLT BAKIM ÜRÜNLERİ > KREM > ,AUGUSTINUS BADER,TL2.900,00
The Rich Cream 30 ML,Yoğun nemlendirici yüz bakım kremi,https://static.ticimax.cloud/cdn-cgi/image/width=76,quality=85/53520/uploads/urunresimleri/buyuk/the-rich-cream-30-ml-7-6168.jpeg,https://static.ticimax.cloud/cdn-cgi/image/width=76,quality=85/53520/uploads/urunresimleri/buyuk/the-rich-cream-30-ml-4e-06d.jpeg,CİLT BAKIM ÜRÜNLERİ > KREM > ,AUGUSTINUS BADER,TL5.500,00
The Rich Cream 50 ML,Yoğun nemlendirici yüz bakım kremi,https://static.ticimax.cloud/cdn-cgi/image/width=76,quality=85/53520/uploads/urunresimleri/buyuk/the-rich-cream-50-ml-628340.jpeg,https://static.ticimax.cloud/cdn-cgi/image/width=76,quality=85/53520/uploads/urunresimleri/buyuk/the-rich-cream-50-ml-0-a891.jpeg,CİLT BAKIM ÜRÜNLERİ > KREM > ,AUGUSTINUS BADER,TL9.600,00
The Serum Full Set 30 ML,C Vitamini, Ferulik Asit, Pirinç Kepeği Yağı, Nar Çekirdeği Konsantresi, Resveratrol ve Alp Yıldızı Çiçeği Özü içeren ve cilt tarafından hızla emilen yoğun nemlendirici konsantre formülü, doğal amino asitler, antioksidanlar ve sentezlenmiş moleküllerden oluşan TFC8® kompleksi sayesinde, ciltteki nem kaybı ve çevresel etkenler nedeni ile oluşan yaşlanma belirtilerinin, ince çizgilerin ve kırışıklıkların görünümünü azaltmaya, cildi nemlendirmeye ve beslemeye yardımcı olur. Cildin daha tazelenmiş, esnek ve aydınlık görünmesine katkıda bulunarak sağlıklı görünümünü destekler. Tüm cilt tipleri için formüle edilmiştir. Gözenekleri tıkamaz. Ürün açıldıktan sonra 9 ay içinde tüketilmelidir.,https://static.ticimax.cloud/cdn-cgi/image/width=76,quality=85/53520/uploads/urunresimleri/buyuk/the-serum-full-set-30-ml-cda4f4.jpeg,https://static.ticimax.cloud/cdn-cgi/image/width=76,quality=85/53520/uploads/urunresimleri/buyuk/the-serum-full-set-30-ml-a95172.jpeg,CİLT BAKIM ÜRÜNLERİ > SERUM > ,AUGUSTINUS BADER,TL12.900,00
The Serum Nomad 30 ML,C Vitamini, Ferulik Asit, Pirinç Kepeği Yağı, Nar Çekirdeği Konsantresi, Resveratrol ve Alp Yıldızı Çiçeği Özü içeren ve cilt tarafından hızla emilen yoğun nemlendirici konsantre formülü, doğal amino asitler, antioksidanlar ve sentezlenmiş moleküllerden oluşan TFC8® kompleksi sayesinde, ciltteki nem kaybı ve çevresel etkenler nedeni ile oluşan yaşlanma belirtilerinin, ince çizgilerin ve kırışıklıkların görünümünü azaltmaya, cildi nemlendirmeye ve beslemeye yardımcı olur. Cildin daha tazelenmiş, esnek ve aydınlık görünmesine katkıda bulunarak sağlıklı görünümünü destekler. Tüm cilt tipleri için formüle edilmiştir. Gözenekleri tıkamaz. Ürün açıldıktan sonra 9 ay içinde tüketilmelidir.,https://static.ticimax.cloud/cdn-cgi/image/width=76,quality=85/53520/uploads/urunresimleri/buyuk/the-serum-nomad-30-ml-ed424f.jpeg,https://static.ticimax.cloud/cdn-cgi/image/width=76,quality=85/53520/uploads/urunresimleri/buyuk/the-serum-nomad-30-ml-4ed2-8.jpeg,CİLT BAKIM ÜRÜNLERİ > SERUM > ,AUGUSTINUS BADER,TL11.900,00
The Skin Renewal System 3x30 ML,Augustinus Bader The Skin Renewal System Set,https://static.ticimax.cloud/cdn-cgi/image/width=76,quality=85/53520/uploads/urunresimleri/buyuk/the-skin-renewal-system-3x30-ml-73d-4e.jpeg,CİLT BAKIM ÜRÜNLERİ > SET > ,AUGUSTINUS BADER,TL6.350,00
The Ultimate Soothing Cream 50 ML,İçeriğindeki Çörek Otu Yağı, Çuha Çiçeği Yağı ve Shea Yağı karışımları, antioksidan özellikli Totarol, B3 vitamini, Provitamin B5 ile doğal amino asitler, antioksidanlar ve sentezlenmiş moleküllerden oluşan TFC8® kompleksi sayesinde cildi derinlemesine beslemeye ve zararlı çevresel etkenlere karşı koruyarak, kuruluk ve tahriş hissini azaltarak yatıştırmaya yardımcı olur.,https://static.ticimax.cloud/cdn-cgi/image/width=76,quality=85/53520/uploads/urunresimleri/buyuk/the-ultimate-soothing-cream-50-ml-f-8da7.jpeg,https://static.ticimax.cloud/cdn-cgi/image/width=76,quality=85/53520/uploads/urunresimleri/buyuk/the-ultimate-soothing-cream-50-ml--4046-.jpeg,CİLT BAKIM ÜRÜNLERİ > KREM > ,AUGUSTINUS BADER,TL9.600,00
The Winter Radiance System 30-100 ML,https://static.ticimax.cloud/cdn-cgi/image/width=76,quality=85/53520/uploads/urunresimleri/buyuk/the-winter-radiance-system-30-100-ml-f2c646.jpeg,CİLT BAKIM ÜRÜNLERİ > SET > ,TL6.850,00
Tinted Cream Sun Cream SPF30 50ml,Güneş kremi kullanmak, kişinin cildine yapacağı en büyük iyiliklerden biridir. Tüm cilt uzmanlarının ortak görüşü, güneş kremlerinin yalnızca yazın değil, yıl boyunca kullanılması gerektiği yönündedir. Renkli güneş kremleri, SPF filtreleri ile koruma sağlarken, içeriklerindeki besleyici ve leke önleyici bileşenlerle cildin yenilenmesine de yardımcı olurlar. Aynı zamanda kapatıcı özellikleri ile cilt tonunu dengelerler. Güneşe ve ortam ışıklarına karşı koruma sağlayan ve cilt tonunu eşitleyerek fondöten etkisi yaratan renkli güneş kremleri, pratik kullanımlarıyla son zamanların en popüler ürünleri haline gelmiştir. Ayrıca, uygulanan tüm leke bakımlarından sonra kişinin cilt tonunu eşitleyip, cildi güneş ya da ortam ışıklarına karşı korumak üzere en ideal koruyuculardır.,https://static.ticimax.cloud/cdn-cgi/image/width=76,quality=85/53520/uploads/urunresimleri/buyuk/tinted-cream-sun-cream-spf30-50ml-9f0-46.jpeg,CİLT BAKIM ÜRÜNLERİ > GÜNEŞ KORUMA > ,NATURE MIND,
Tissue Activator Serum - 30 ml,Dermal hücre aktivitesini arttırmak için yüksek konsantrasyonlu aktif madde ürünü. Ayrıca özellikle lazer tedavilerinde eşlik eden kozmetik uygulama olarak uygundur.,https://static.ticimax.cloud/cdn-cgi/image/width=76,quality=85/53520/uploads/urunresimleri/buyuk/tissue-activator-serum-30-ml-9-487a.jpeg,CİLT BAKIM ÜRÜNLERİ > SERUM > ,MBR,TL7.384,00
Tissue Activator Serum - 50 ml,Dermal hücre aktivitesini arttırmak için yüksek konsantrasyonlu aktif madde ürünü. Ayrıca özellikle lazer tedavilerinde eşlik eden kozmetik uygulama olarak uygundur.,https://static.ticimax.cloud/cdn-cgi/image/width=76,quality=85/53520/uploads/urunresimleri/buyuk/tissue-activator-serum-50-ml-b686-6.jpeg,CİLT BAKIM ÜRÜNLERİ > SERUM > ,TL9.280,00
TOLESKIN M 1 Unit/1 Adet,Cilt reaksiyonlarına karşı önemli bir müttefik olan Toleskin , « anti-atopi krizi » maskesidir. Yenileyici formülü, cilde su kaybını sınırlamak için gereken yağ asitlerini sağlar ve cilt bariyerini güçlendirir. Kızarıklığı anında yatıştırır, rahatlatıcı ve yatıştırıcı bir etki sağlar.,https://static.ticimax.cloud/cdn-cgi/image/width=76,quality=85/53520/uploads/urunresimleri/buyuk/tole-skin-masque-1-pcs.-1-adet-9c9-40.jpeg,CİLT BAKIM ÜRÜNLERİ > MASKE > ,
Tonic1+ - 150 ml,Diğer etken maddeler ile kombine, üç seçkin bitki özüne sahip enerjik etkili losyon.,https://static.ticimax.cloud/cdn-cgi/image/width=76,quality=85/53520/uploads/urunresimleri/buyuk/tonic1-150-ml-71c-e5.jpeg,CİLT BAKIM ÜRÜNLERİ > TONİK > ,MSB,TL4.691,00
Tri-Active Exfoliating Masque 120 GR,https://static.ticimax.cloud/cdn-cgi/image/width=76,quality=85/53520/uploads/urunresimleri/buyuk/tri-active-exfoliating-masque-120-gr--bdf4-.jpeg,CİLT BAKIM ÜRÜNLERİ > MASKE > ,TL4.027,00
TRIPLE ACTION CREAM 50 ML,Yaşlanma belirtilerini gösteren susuz kalmış, cansız ciltler için idealdir. Olağanüstü dokusu cildi yeniden doldurur, nemlendirir ve cildi parlak bırakır.,https://static.ticimax.cloud/cdn-cgi/image/width=76,quality=85/53520/uploads/urunresimleri/buyuk/triple-action-cream-50-ml-ac43-e.jpeg,https://static.ticimax.cloud/cdn-cgi/image/width=76,quality=85/53520/uploads/urunresimleri/buyuk/triple-action-cream-50-ml-499-4b.jpeg,CİLT BAKIM ÜRÜNLERİ > KREM > ,MARGY'S,TL11.200,00
TRIPLE CONCENTRATE 30 ML,Bu sonuç odaklı serum, cildin sıkılığını gözle görülür şekilde iyileştirerek cilde maksimum parlaklık ve şeffaflık vererek cilde canlı bir ton kazandırır. Tüm cilt tipleri, özellikle cansız ciltler için uygundur. İşlev: 24 saat yaşlanma karşıtı serum.,https://static.ticimax.cloud/cdn-cgi/image/width=76,quality=85/53520/uploads/urunresimleri/buyuk/triple-concentrate-30-ml-b15-4c.jpeg,CİLT BAKIM ÜRÜNLERİ > SERUM > ,MARGY'S,TL19.100,00
Triple Lipid Restore 50 ML,Mükemmel yaşlanma karşıtı, düzenleyici bakım kremi Triple Lipid Restore 2:4:2 ; cilt bariyerini besleyerek güçlendirmeye, doğal onarım mekanizmasını desteklemeye yardımcı olur.,https://static.ticimax.cloud/cdn-cgi/image/width=76,quality=85/53520/uploads/urunresimleri/buyuk/triple-lipid-restore-50-ml-2928f2.jpeg,CİLT BAKIM ÜRÜNLERİ > KREM > ,SKINCEUTICALS,TL7.950,00
Twentyfour Hours Extreme Airlesstiegel - 50 ml,Son derece etkili, yüksek teknoloji ürünü vitamin bakımı Twentyfour Hours Extreme, cildi modern ortamın tüm olumsuz etkilerine karşı güçlendirir. Cilde taze, pürüzsüz, eşit bir görünüm ve yeni, büyüleyici bir parlaklık verir.,https://static.ticimax.cloud/cdn-cgi/image/width=76,quality=85/53520/uploads/urunresimleri/buyuk/twentyfour-hours-extreme-airlesstiegel-e10f-4.jpeg,CİLT BAKIM ÜRÜNLERİ > KREM > ,MBR,TL12.958,00
Two in One Cleanser - 200 ml,Cilt dostu emülgatörlerden ve amino asitlere dayalı yıkama maddelerinden oluşan yenilikçi, hafif bir yüz temizliği. Aynı zamanda cilde lipit yenileyici ve bakım bileşenleri verilir.,https://static.ticimax.cloud/cdn-cgi/image/width=76,quality=85/53520/uploads/urunresimleri/buyuk/two-in-one-cleanser-200-ml-88-84e.jpeg,CİLT BAKIM ÜRÜNLERİ > TEMİZLEME > ,MBR,TL3.893,00
ULTRA DEEP 50 ML,Cildin daha sıkı ve yoğun görünmesini sağlar ve foto yaşlanmanın hasarlarını onarır. Kızarıklık ve küçük kan damarlarının görünümünü azaltmayı sağlar.,https://static.ticimax.cloud/cdn-cgi/image/width=76,quality=85/53520/uploads/urunresimleri/buyuk/ultra-deep-50-ml-3ed-55.jpeg,CİLT BAKIM ÜRÜNLERİ > KREM > ,ALPHASCIENCE,TL2.500,00
Ultra Facial Defens SPF50 30 ML,Ultra Facial Defense SPF 50, erken yaşlanma belirtilerine karşı cildi korumak için UV filtreleri ile zenginleştirilmiş formüle sahiptir.,https://static.ticimax.cloud/cdn-cgi/image/width=76,quality=85/53520/uploads/urunresimleri/buyuk/ultra-facial-defens-spf50-30-ml-cd637-.jpeg,CİLT BAKIM ÜRÜNLERİ > GÜNEŞ KORUMA > ,SKINCEUTICALS,TL2.500,00
ULTRA FİRM 50 ML,Karbamilasyon seviyelerini en aza indirir. Kollajen sentezini ve kalitesini artırır ve kollajenin bozulmasını engellemeye yardımcı olur. % 2 L-Glutamine: Etkili lifting etkisi için kollajen sentezini destekler. % 2 Genistein: Kollajen kalitesini ve cilt elastikiyetini artırır. Glikasyonu minimize eder. Cilt tonunu eşitler.,https://static.ticimax.cloud/cdn-cgi/image/width=76,quality=85/53520/uploads/urunresimleri/buyuk/ultra-firm-50-ml-9a2e9-.jpeg,CİLT BAKIM ÜRÜNLERİ > KREM > ,ALPHASCIENCE,TL1.850,00
Ultra-Lift Neck Cream 50 ML,Bu yaşlanma karşıtı boyun kremi, dokuların metabolizmasının yenilenmesini uyarır ve sıkılaştırır. Cildin esnekliğini ve elastikiyetini besler, iyileştirir ve yeniden yapılandırılmasını teşvik eder. Doku gevşemesini etkili bir şekilde önler.,https://static.ticimax.cloud/cdn-cgi/image/width=76,quality=85/53520/uploads/urunresimleri/buyuk/ultra-lift-neck-cream-50-ml-4c75-8.jpeg,CİLT BAKIM ÜRÜNLERİ > KREM > ,BELLEFONTAINE S.,
Ultra-Lite Moisture Dew Cream 50 ML,Cildin sebum dengesini korurken aynı anda nemlendirme sağlayan akneye eğilimli ciltler dahil tüm ciltlerde kullanılabilen nemlendirici. Yağlı ciltler dahil tüm cilt tipleri için nemlendirici krem. Aleo vera içeriğine dayanan bu formül siyah nokta oluşturmaz ve hassas ciltlerde kullanılabilir.,https://static.ticimax.cloud/cdn-cgi/image/width=76,quality=85/53520/uploads/urunresimleri/buyuk/ultra-lite-moisture-dew-cream-50-ml-4a2e-9.jpeg,CİLT BAKIM ÜRÜNLERİ > KREM > ,THERADERM,
Ultracalming Cleanser 250 ML,Nazik temizleyici jel/krem tepkisel ciltler içindir. Bu pH-dengeli, köpüksüz temizleyici tepkisel, hassas ve aşırı işlem görmüş ciltteki kızarıklığı sakinleştirmeye ve serinletmeye yardımcı olur.Ciltte kalıntı bırakmadan nazikçe cildin koruyucu bariyerini güçlendirmesi, kolay durulanması ve veya silinmesi ile hassas ciltlerin kullanımı için idealdir.,https://static.ticimax.cloud/cdn-cgi/image/width=76,quality=85/53520/uploads/urunresimleri/buyuk/ultracalming-cleanser-250-ml-682292.jpeg,CİLT BAKIM ÜRÜNLERİ > TEMİZLEME > ,DERMALOGICA,TL1.915,00
Up-Lift Firming Golden Serum 30 ML,Bu bakım yüz hatlarını yeniden şekillendirmeye yardımcı olur ve cilde pürüzsüz, saten bir his bırakır. Yorgunluk ve stres belirtilerini ortadan kaldırırken cildin elastikiyet kaybını engeller ve onarır. Cilt gözle görülür derecede daha sıkı ve genç bir şekilde ışılda,https://static.ticimax.cloud/cdn-cgi/image/width=76,quality=85/53520/uploads/urunresimleri/buyuk/up-lift-firming-golden-serum-30-ml-4954b4.jpeg,CİLT BAKIM ÜRÜNLERİ > SERUM > ,BELLEFONTAINE S.,
UV Protect SPF30+ 50 ML,30+ SPF renksiz geniş spektrumlu güneş koruyucusudur. UVA ve UVB filtrelerine sahip bu güçlü koruyucu, şeffaf koruma isteyenlere ve özellikle hassas ciltlere uygundur. İçerisindeki Kuşburnu yağı ile cilde nem verir. İncecik yapısı ile göz bölgesinde yağlanmaya sebep olmaz. İçerisindeki Buğday proteini ile hızlı nemlendirme sağlar.,https://static.ticimax.cloud/cdn-cgi/image/width=76,quality=85/53520/uploads/urunresimleri/buyuk/uv-protect-spf30-50-ml-98c28a.jpeg,CİLT BAKIM ÜRÜNLERİ > GÜNEŞ KORUMA > ,PH FORMULA,
UV Protect SPF50+ 50 ML,50+ SPF renksiz geniş spektrumlu güneş koruyucusudur. Şeffaf ultra koruma, içerisindeki Foto- Koruyucu sayesinde cildinizi UV ışınları ve kızılötesi ışınlarından korur. Özellikle ultra koruma isteyenlere ağırlık yapmadan konfor sağlar.,https://static.ticimax.cloud/cdn-cgi/image/width=76,quality=85/53520/uploads/urunresimleri/buyuk/uv-protect-spf50-50-ml-1cbd5f.jpeg,CİLT BAKIM ÜRÜNLERİ > GÜNEŞ KORUMA > ,PH FORMULA,
V-FIRM CREAM,Ciltle bütünleşerek onarıcı faydalarını aşılayan bir dokunun etkisiyle keyifli ve rahat kullanılan bir krem. 28 günden itibaren, geri kazanılan elastikiyet sayesinde yüz daha keskin hatlarla daha genç bir görünüm ortaya çıkarır. Yeniden yoğunlaştırıcı aktif bileşenler, cildin doğal bariyerini güçlendirmek, dermal yoğunluğu ve epidermal uyumu desteklemek için bitki bazlı skualen ile sinerji içinde çalışır.,https://static.ticimax.cloud/cdn-cgi/image/width=76,quality=85/53520/uploads/urunresimleri/buyuk/v-firm-cream-364983.jpg,CİLT BAKIM ÜRÜNLERİ > KREM > ,VALMONT,TL12.900,00
V-FIRM SERUM,Zengin ve kremsi bu şekillendirici serum, koruyucu görünmrez bir peçe gibi sarar. Sıkılğını kaybetmiş cilde dolgunluk ve hacimvermeyi hedefleyerek cildin dönüştürülmesine yardımcı olur. Dermisin yapısını güçlendirerek cildin sıkılığını geri kazandırır ve yoğunluğunua artırır. Bu ultra-konsantre bakımdaki Peptit Kokteyli, Yoğunluk Kompleksi ve DNA/RNA ikilisi, dermal matrisi oluşturan moleküllerin üretimini uyarmaya yardımcı olan peynir altı suyunun etkisiyle daha da güçlendirilir.,https://static.ticimax.cloud/cdn-cgi/image/width=76,quality=85/53520/uploads/urunresimleri/buyuk/v-firm-serum-85c-8b.jpg,CİLT BAKIM ÜRÜNLERİ > SERUM > ,VALMONT,TL10.800,00
V-LINE LIFTING CONCENTRATE 30ML,Kırışıklık önleyici toparlayıcı serum Çizgileri yumuşatır ve kırışıklıkları doldurur. Operasyonsuz bir yüz germe gibi, bu genç cilt efekti serumu, gençliği teşvik eden 5 faktörle formüle edildi. Güç için 5 gençlik etkisi! Kanıtlanmış kırışıklık önleyici bileşenler ve en son araştırma yenilikleriyle cildi şekillendirir. V ovalini yeniden belirler.,https://static.ticimax.cloud/cdn-cgi/image/width=76,quality=85/53520/uploads/urunresimleri/buyuk/v-line-lifting-concentrate-30ml-0ca9f7.jpeg,CİLT BAKIM ÜRÜNLERİ > SERUM > ,VALMONT,TL8.800,00
V-LINE LIFTING CREAM 50 ML,Pürüzsüzleştirici kırışıklık toparlayıcı krem Kırışıklıkları içeriden doldurur ve düzeltmeye yardımcı olur. Bu kırışıklık ve ince çizgi dolgusu, 5 temel faktörle gençliği artırır. Bu krem, ifade çizgileri, cilt yüzeyindeki ince çizgiler ve derin kırışıklıklarla savaşır.,https://static.ticimax.cloud/cdn-cgi/image/width=76,quality=85/53520/uploads/urunresimleri/buyuk/v-line-lifting-cream-50-ml-8800-4.jpeg,CİLT BAKIM ÜRÜNLERİ > KREM > ,VALMONT,TL9.500,00
V-NECK CREAM 50 ML,Boyun ve dekolte çevresini pürüzsüzleştirir ve toparlar. Boyun ve dekolte için daha gergin görünüm. Şimdiye kadar ilk kez, hem AWF5 toparlama hem de sıkılaştırma hatlarındaki bileşenler, gençlik artırıcı güçlerini 1 kremde birleştirdirdi. 3 adımlı eylem için beş teknoloji bir araya gelerek gözle görülür şekilde gençlik etkisi yaratıyor.,https://static.ticimax.cloud/cdn-cgi/image/width=76,quality=85/53520/uploads/urunresimleri/buyuk/v-neck-cream-50-ml--79a98.jpeg,CİLT BAKIM ÜRÜNLERİ > KREM > ,VALMONT,TL8.800,00
V-SHAPE FILLING CONCENTRATE 30 ML,Dolgunluk veren sıkılaştırıcı serum:Cildin yoğunluğunu ve esnekliğini geri kazandırır,https://static.ticimax.cloud/cdn-cgi/image/width=76,quality=85/53520/uploads/urunresimleri/buyuk/v-shape-filling-concentrate-30-ml-a3-f6d.jpeg,CİLT BAKIM ÜRÜNLERİ > SERUM > ,VALMONT,TL6.700,00
VALMONT PROTECTING POWDER CREAM - FAIR NUDE,Koruyucu kompakt pudra:Doğal bir görünüm için cildi koruyarak renk eşitlemesi sağlar,https://static.ticimax.cloud/cdn-cgi/image/width=76,quality=85/53520/uploads/urunresimleri/buyuk/valmont-protecting-powder-cream-fair-n-6515-4.jpeg,CİLT BAKIM ÜRÜNLERİ > DİĞER > ,VALMONT,TL2.900,00
VALMONT PROTECTING POWDER CREAM - MEDIUM BEIGE,Koruyucu kompakt pudra:Doğal bir görünüm için cildi koruyarak renk eşitlemesi sağlar,https://static.ticimax.cloud/cdn-cgi/image/width=76,quality=85/53520/uploads/urunresimleri/buyuk/valmont-protecting-powder-cream-medium-8801-e.jpeg,CİLT BAKIM ÜRÜNLERİ > DİĞER > ,VALMONT,TL2.900,00
VALMONT PROTECTING POWDER CREAM - WARM BEIGE,Koruyucu kompakt pudra:Doğal bir görünüm için cildi koruyarak renk eşitlemesi sağlar,https://static.ticimax.cloud/cdn-cgi/image/width=76,quality=85/53520/uploads/urunresimleri/buyuk/valmont-protecting-powder-cream-warm-b-95d5-4.jpeg,CİLT BAKIM ÜRÜNLERİ > DİĞER > ,VALMONT,TL2.900,00
VALMONT PURITY TRAVEL SET (FLUID FALL 75ML +VITAL FALLS 75ML),FLUID FALLS: Makyaj temizleyici sıvı krem,https://static.ticimax.cloud/cdn-cgi/image/width=76,quality=85/53520/uploads/urunresimleri/buyuk/valmont-purity-travel-set-fluid-fall-7-19b1d2.jpeg,CİLT BAKIM ÜRÜNLERİ > SET > ,TL1.800,00
Vegan Collagen Essence 30 ML,%97 doğal içerikli süper konsantre serum cildinizin gençliğini ve canlılığını geri kazanmasına yardımcı olur. Kollajen kaybı belirtilerini hedefler ve daha sıkı, genç görünen bir cilt için kırışıklıkların görünümünü gözle görülür şekilde azaltmaya ve cildin elastikiyet görünümünü iyileştirmeye destek olur.,https://static.ticimax.cloud/cdn-cgi/image/width=76,quality=85/53520/uploads/urunresimleri/buyuk/vegan-collagen-essence-30-ml-bc10-e.jpeg,CİLT BAKIM ÜRÜNLERİ > SERUM > ,LUMENE,TL1.415,00
Velvet Hand Mousse 21 - 100 ml,Cilt bariyer fonksiyonunu iyileştirir ve ışığın neden olduğu cilt yaşlanmasına karşı koruma sağlar.,https://static.ticimax.cloud/cdn-cgi/image/width=76,quality=85/53520/uploads/urunresimleri/buyuk/velvet-hand-mousse-21-100-ml-28db3b.jpg,21 TRANSDERMAL,TL5.856,00
Vetiver Aromatic Care 15ML,Marka,https://static.ticimax.cloud/cdn-cgi/image/width=76,quality=85/53520/uploads/urunresimleri/buyuk/vetiver-aromatic-care-15ml-04da-4.jpeg,CİLT BAKIM ÜRÜNLERİ > BAKIM YAĞI > ,DARPHIN,TL2.429,00
Vetiver Stress Relief Detox Oil Mask 50ML,Faydaları: Tüm cilt tiplerine uygun maske Stres ve çevresel faktörlerin cilt üzerindeki olumsuz etkilerini azaltmaya ve cildi arındırmaya yardımcı olur. Cildi besler. Cildin aydınlık görünüm kazanmasını destekler. Kullanımı: Gece & Gündüz. Haftada 2-3 kez. Kuru ve temiz cildin üzerine ince bir tabaka halinde uygulayın, 10 dakika bekleyin. Parmak uçlarınızı ıslatarak ürün cildinizde süt kıvamına gelene kadar masaj yapın cilten bol su ile durulayın. Botanik İçerikler: Vetiver, Mercan köşk, Sardunya,https://static.ticimax.cloud/cdn-cgi/image/width=76,quality=85/53520/uploads/urunresimleri/buyuk/vetiver-stress-relief-detox-oil-mask-5-87d-94.jpeg,CİLT BAKIM ÜRÜNLERİ > MASKE > ,DARPHIN,TL1.895,00
VG TENSIL SERUM AUTHENTIQUE 30 ml,VG Tensil serumu, sarkıklıkla savaşmak için cildi sıkılaştıran ve geren yoğun bir yüz bakımıdır. Yüzün daha pürüzsüz ve sıkı görünmesini sağlayan bir lifting etkisi vardır.,https://static.ticimax.cloud/cdn-cgi/image/width=76,quality=85/53520/uploads/urunresimleri/buyuk/vg-tensil-serum-authentique-30-ml--aaac-.jpeg,CİLT BAKIM ÜRÜNLERİ > SERUM > ,BIOLOGIQUE R.,
Vita -C Glycolic Serum 30 ML,Formülündeki Altın ile sabitlenmiş C Vitamini ve Glikolik Asit Kompleksi, hiperpigmentasyon, matlık ve düzensiz cilt tonu gibi problemleri önlemeye yardımcı olur. Glikolik Asit, daha parlak ve sağlıklı bir cilt görünümü için ölü, mat cilt yüzeyini temizler ve C Vitamini'nin cilde daha etkili bir şekilde nüfuz etmesinin yolunu açar. Yapay koku ve renk içermeyen formülü ile yağlıdan kuruya tüm cilt tipleri için uygundur.,https://static.ticimax.cloud/cdn-cgi/image/width=76,quality=85/53520/uploads/urunresimleri/buyuk/vita-c-glycolic-serum-30-ml-3b-ab7.jpeg,CİLT BAKIM ÜRÜNLERİ > SERUM > ,MURAD,TL7.230,00
VITA A 24 Cream 20 ML,VITA A Cream, 24 saat etkili yoğun besleyici ve nemlendirici krem. Retinol cildin ölü derilerinin giderilmesinde, kırışıklık ve ciltte yaşlı görünümü önlemeyi sağlar. Retinol içeren Vita A cream aynı zamanda leke, kırışıklık, ve en önemlisi yüzeysel skarda etkilidir. %1,5 Retinol içeriği ile tüm ciltlere yenilik sunar.,https://static.ticimax.cloud/cdn-cgi/image/width=76,quality=85/53520/uploads/urunresimleri/buyuk/vita-a-24-cream-20-ml-122d78.jpeg,CİLT BAKIM ÜRÜNLERİ > KREM > ,PH FORMULA,
VITA A 24 Cream 50 ML,VITA A Cream, 24 saat etkili yoğun besleyici ve nemlendirici krem. Retinol cildin ölü derilerinin giderilmesinde, kırışıklık ve ciltte yaşlı görünümü önlemeyi sağlar. Retinol içeren Vita A cream aynı zamanda leke, kırışıklık, ve en önemlisi yüzeysel skarda etkilidir. %1,5 Retinol içeriği ile tüm ciltlere yenilik sunar.,https://static.ticimax.cloud/cdn-cgi/image/width=76,quality=85/53520/uploads/urunresimleri/buyuk/vita-a-24-cream-50-ml--2276-.jpeg,CİLT BAKIM ÜRÜNLERİ > KREM > ,PH FORMULA,
VITA A Rejuvenating Mask 50 ML,VITA A Rejuvenating Maske, içerisinde bulunan Retinol, Biyosakkarit ile cildi yoğun bir şekilde besler, yeniler ve nemlendirir Haftada 1 (gece), 10 dakika bekletip bol su ile durulayınız.,https://static.ticimax.cloud/cdn-cgi/image/width=76,quality=85/53520/uploads/urunresimleri/buyuk/vita-a-rejuvenating-mask-50-ml-c-456b.jpeg,CİLT BAKIM ÜRÜNLERİ > MASKE > ,PH FORMULA,
VITA B3 Cream 20 ML,VİTA B3 Cream, Cilt yapılandırmaya karşı en güçlü etken maddelerden olan niasinamid, cildin güçlenmesini sağlar. Cilde kadifemsi bir his verir. Renk değişimlerini önlemeye yardımcı olur ve cildi canlandırır. Sağlıklı görünmeyi sağlar. Cildin esnekliğini artırmaya yardımcı olur. Cildin bariyer işlevini dramatik bir şekilde artırır. Suyu ciltte tutarken uzun süreli nemi korur. Cildi kötü çevresel etkilere karşı korur. Cildi daha yumuşak, daha rahat ve esnek hale getirir.,https://static.ticimax.cloud/cdn-cgi/image/width=76,quality=85/53520/uploads/urunresimleri/buyuk/vita-b3-cream-20-ml--aae0-.jpeg,CİLT BAKIM ÜRÜNLERİ > KREM > ,PH FORMULA,
VITA B3 Vibrance Boost Mask 50 ML,https://static.ticimax.cloud/cdn-cgi/image/width=76,quality=85/53520/uploads/urunresimleri/buyuk/vita-b3-vibrance-boost-mask-50-ml-644bea.jpeg,CİLT BAKIM ÜRÜNLERİ > MASKE > ,
VITA C Bright Overnight Mask 50 ML,C vitaminli ‘Uyku Maskesi’ olarak adlandırılan Vita C maske. Portakal yağı ve Portakal kokulu nem maskesi. Leke bakımı gören veya leke bakımı yaptırmak isteyenlerin kullanabileceği bu maske krem gibi geceden sabaha kadar tutabilir. Cilde ışıl ışıl parlaklık katar. Hidrasyona yardımcıdır. İnce çizgileri ve kırışıklıkları önler. Hidrasyona yardımcıdır. İnce çizgileri ve kırışıklıkları önler. Antioksidan özelliklere sahiptir.,https://static.ticimax.cloud/cdn-cgi/image/width=76,quality=85/53520/uploads/urunresimleri/buyuk/vita-c-bright-overnight-mask-50-ml--4213-.jpeg,CİLT BAKIM ÜRÜNLERİ > MASKE > ,PH FORMULA,
VITA C Cream 20 ML,Leke önleyici, onarıcı ve yoğun nemlendirici krem. C vitamini kremi yüksek konsantrasyonda magnezyum askorbil fosfat içerir. Günlük cilt bakımı için ideal üstün yaşlanma karşıtı faydalar sağlar ve yıl boyunca kullanılabilir. Lekeli, mat, sigara içen tüm nemsiz ciltlere vitamin bileşenleri sayesinde parlak bir görünüm kazandırır. Cildi daha yumuşak, daha rahat ve esnek hale getirir.,https://static.ticimax.cloud/cdn-cgi/image/width=76,quality=85/53520/uploads/urunresimleri/buyuk/vita-c-cream-20-ml-1-7cab.jpeg,CİLT BAKIM ÜRÜNLERİ > KREM > ,PH FORMULA,
VITA C Cream 50 ML,Leke önleyici, onarıcı ve yoğun nemlendirici krem. C vitamini kremi yüksek konsantrasyonda magnezyum askorbil fosfat içerir. Günlük cilt bakımı için ideal üstün yaşlanma karşıtı faydalar sağlar ve yıl boyunca kullanılabilir. Lekeli, mat, sigara içen tüm nemsiz ciltlere vitamin bileşenleri sayesinde parlak bir görünüm kazandırır. Cildi daha yumuşak, daha rahat ve esnek hale getirir.,https://static.ticimax.cloud/cdn-cgi/image/width=76,quality=85/53520/uploads/urunresimleri/buyuk/vita-c-cream-50-ml-c-af84.jpeg,CİLT BAKIM ÜRÜNLERİ > KREM > ,PH FORMULA,
VITA C Serum 30 ML,Vitamin C içerikli konsantre serum. C vitaminin bir çok formunu bulunduruan, asit içermeyen C serum kırmızı meyvelerden elde edilen %12 formuyla akneye eğilimli ciltler tarafından bile kolaylıkla kullanılabilir. C serum, Anti-age olarak sıkılaşmak ve ışıl ışıl parlamak isteyen tüm cilt tiplerine önerimizdir. Sedefli inci yapısı ve portakal kokusuyla vazgeçilmezler arasındadır.,https://static.ticimax.cloud/cdn-cgi/image/width=76,quality=85/53520/uploads/urunresimleri/buyuk/vita-c-serum-30-ml-6c030d.jpeg,CİLT BAKIM ÜRÜNLERİ > SERUM > ,PH FORMULA,
Vita-C Triple Exfoliating Facial 80 ML,Cildinizi hassas ancak etkili bir şekilde arındırarak, anında pürüzsüzleştirmeye, aydınlatmaya ve ışıltı katmaya destek olur. Fiziksel, kimyasal ve enzimatik arındırıcılar ile üçlü etki sağlayan formül, cildinizi ölü deriden arındırmaya ve mat görünümü canlandırmaya yardımcı olur. Altın ile sabitlenmiş C-Vitamini daha canlı ve parlak bir cilde kavuşmanızı sağlarken cilt tonunun eşitlenmesini destekler.,https://static.ticimax.cloud/cdn-cgi/image/width=76,quality=85/53520/uploads/urunresimleri/buyuk/vita-c-triple-exfoliating-facial-80-ml-20d7-4.jpeg,CİLT BAKIM ÜRÜNLERİ > PEELING > ,MURAD,TL6.980,00
VITAL FALLS 150 ML,https://static.ticimax.cloud/cdn-cgi/image/width=76,quality=85/53520/uploads/urunresimleri/buyuk/vital-falls-150-ml-f1-4bb.jpeg,CİLT BAKIM ÜRÜNLERİ > TONİK > ,TL3.050,00
Vital Liquid Mask - 8xBlister, 1x30 ml,Olağanüstü dokusu sayesinde her cilde anında canlılık ve genç bir parlaklık veren yeni nesil aktif sıvı maske.,https://static.ticimax.cloud/cdn-cgi/image/width=76,quality=85/53520/uploads/urunresimleri/buyuk/vital-liquid-mask-8xblister-1x30-ml--8111-.jpg,CİLT BAKIM ÜRÜNLERİ > MASKE > ,MBR,TL7.100,00
Vital-Refining Exfoliator 75 ML,Cilt yüzeyine zarar vermeden hassas bir şekilde ölü deriyi atar. Tüm cilt tiplerinin derinlemesine pürüzsüzleştirilmesi ve temizlenmesi için bir peeling bakımı. Cilde yumuşaklık, kadifelik ve şeffaflık kazandırırken yenilemesini destekler.,https://static.ticimax.cloud/cdn-cgi/image/width=76,quality=85/53520/uploads/urunresimleri/buyuk/vital-refining-exfoliator-75-ml-4ecf-a.jpeg,CİLT BAKIM ÜRÜNLERİ > PEELING > ,BELLEFONTAINE S.,
Vitality - Age Refine Amp. (7*2ml),Yaşlanma belirtilerinin önüne geçmek üzere, olgun ciltler için tasarlanmıştır. Cildin kolajen ve elastin dokusunu güçlendirir, cilt bariyer fonksiyonlarını iyileştirir, nem kaybını önler ve yüz kontürünün daha sıkı, canlı ve tazelenmiş görünmesini sağlar.,https://static.ticimax.cloud/cdn-cgi/image/width=76,quality=85/53520/uploads/urunresimleri/buyuk/vitality-age-refine-amp.-72ml-5-f3e8.jpeg,CİLT BAKIM ÜRÜNLERİ > SERUM > ,SCHRAMMEK,TL2.025,00
Vitality - Ageless Future Day Cream 50 ML,Onarım ihtiyacı olan hasarlı ciltler için tasarlanmış bir gündüz bakım kremidir. Yaşlanma etkisi ile gücünü kaybeden hücrelere enerjisini geri vererek yaşlanma etkilerinin önüne geçer. Cilde taze, sıkı ve genç bir görünüm verir. Elastikiyet ve nem kaybına karşı korur.,https://static.ticimax.cloud/cdn-cgi/image/width=76,quality=85/53520/uploads/urunresimleri/buyuk/vitality-ageless-future-day-cream-50-m-795-43.jpeg,CİLT BAKIM ÜRÜNLERİ > KREM > ,SCHRAMMEK,TL2.825,00
Vitality - Ageless Future Night Cream 50 ML,Onarım ihtiyacı olan hasarlı ciltler için tasarlanmış bir gece bakım kremidir. Yaşlanma etkisi ile gücünü kaybeden hücrelere enerjisini geri vererek yaşlanma etkilerinin önüne geçer. Cilde taze, sıkı ve genç bir görünüm verir. Elastikiyet ve nem kaybına karşı korur.,https://static.ticimax.cloud/cdn-cgi/image/width=76,quality=85/53520/uploads/urunresimleri/buyuk/vitality-ageless-future-night-cream-50-ea-8e6.jpeg,CİLT BAKIM ÜRÜNLERİ > KREM > ,SCHRAMMEK,TL2.950,00
Vitality - Ageless Future Serum 30 ML,Onarım ihtiyacı olan hasarlı ciltler için özel üretilmiş yoğun bir serumdur. NioHA Teknolojisi ile gekiştiren dolgu efekti olan bu özel serum, cildin tekrar sıkılaşmasına, nemli ve elastik görünmesine yardımcı olur. Bir yandan da cildin kolajen sentezini uyarır.,https://static.ticimax.cloud/cdn-cgi/image/width=76,quality=85/53520/uploads/urunresimleri/buyuk/vitality-ageless-future-serum-30-ml-ca40f9.jpeg,CİLT BAKIM ÜRÜNLERİ > SERUM > ,SCHRAMMEK,TL2.825,00
Vitality - Global Defense Cream SPF20 50 ML,Güneş ışınlarından kaynaklı cilt yaşlanmasına karşı UV ve kızılötesi koruma ile canlandırıcı ve etkili gündüz bakım kremidir. Cilt kök hücrelerinin ömrünü uzatır ve cilde E vitamini ile A vitamini sağlar.,https://static.ticimax.cloud/cdn-cgi/image/width=76,quality=85/53520/uploads/urunresimleri/buyuk/vitality-global-defense-cream-spf20-50-03-2cb.jpeg,CİLT BAKIM ÜRÜNLERİ > KREM > ,SCHRAMMEK,TL3.540,00
Vitality - ReFirm Décolleté Cream,ReFirm Décolleté Cream, boyun ve dekolte bölgesinin ihtiyaçlarına özel olarak uyarlanmıştır. Nemlendirici bakım, hacim kaybını ve azalan sıkılığı giderir ve kuruluk ve kırışıklıkların görünümünü azaltır. Cilt daha sıkı ve esnek görünür. Krem zengindir ancak ciltte yağlı bir his bırakmaz ve giysiler hemen giyilebilir. Mineral yağ, paraben, silikon, PEG emülgatör ve boya içermez.,https://static.ticimax.cloud/cdn-cgi/image/width=76,quality=85/53520/uploads/urunresimleri/buyuk/vitality-refirm-dcollet-cream-64a-b2.jpeg,CİLT BAKIM ÜRÜNLERİ > KREM > ,SCHRAMMEK,TL3.280,00
Vitality - Revitalan Mask 75 ML,Canlı cilt görünümüne ulaşmanızı sağlayacak bu yoğun maske ile cildinize ışıltı ve güzel bir görünüm katabilirsiniz. İçeriğindeki Silmarin, Lipex, Macademia yağı ve E vitamini ile cildinizin taze hissetmesini sağlayacaktır.,https://static.ticimax.cloud/cdn-cgi/image/width=76,quality=85/53520/uploads/urunresimleri/buyuk/vitality-revitalan-mask-75-ml-42-7b2.jpeg,CİLT BAKIM ÜRÜNLERİ > MASKE > ,SCHRAMMEK,TL2.745,00
Vitality - Time Control Day Cream 50 ML,Cilt dokusunu iyileştiren ve cildin yeniden yapılanmasına yardımcı olan bir gündüz anti-aging bakım kremidir. İçeriğinde Matrixyl™ 3000, Niacinamide ve Silymarin gibi güçlü etken maddeler bulunduran bu krem, cildin hücresel metabolizmasını güçlendirir.,https://static.ticimax.cloud/cdn-cgi/image/width=76,quality=85/53520/uploads/urunresimleri/buyuk/vitality-time-control-day-cream-50-ml-21-a09.jpeg,CİLT BAKIM ÜRÜNLERİ > KREM > ,SCHRAMMEK,TL5.540,00
Vitality - Time Control İntense (7*1 ml),Çok seviyeli yaşlanma karşıtı güçlendirici ile lüks yoğun bakım.,https://static.ticimax.cloud/cdn-cgi/image/width=76,quality=85/53520/uploads/urunresimleri/buyuk/vitality-time-control-intense-71-ml--2d14-.jpeg,CİLT BAKIM ÜRÜNLERİ > SERUM > ,SCHRAMMEK,TL4.080,00
Vitality - Time Control Night Cream 50 ML,Sabahları ışıltılı, taze ve pürüzsüz gözüken bir cilt ile uyanmak istiyorsanız bu krem iyi bir tercih. Glikoz moleküllerinin, elastin ve kolajen lifleri ile bağlanmasını önler, cilde gece boyunca yenilenip, yeniden yapılanmasına yardımcı olur.,https://static.ticimax.cloud/cdn-cgi/image/width=76,quality=85/53520/uploads/urunresimleri/buyuk/vitality-time-control-night-cream-50-m--b2a4-.jpeg,CİLT BAKIM ÜRÜNLERİ > KREM > ,SCHRAMMEK,TL6.480,00
Vitality - Time Control RetiNight Essence 30 ML,Cilde özel yoğun nemlendirme ve pürüzsüzlük etkisi veren ve eşsiz bir içerik kombinasyonuna sahip bir gece serumudur. İçerisinde Kızılcık tohumu yağı, Çuhaçiçeği yağı gibi birçok bitkisel yağı bulundurur ve cildinize hem antioksidan desteği verip, kolajen ve elastin üretimini arttırır.,https://static.ticimax.cloud/cdn-cgi/image/width=76,quality=85/53520/uploads/urunresimleri/buyuk/vitality-time-control-retinight-essenc-060-7d.jpeg,CİLT BAKIM ÜRÜNLERİ > SERUM > ,SCHRAMMEK,TL6.840,00
Vitality - Time Control Serum 30 ML,Hasar görmüş ve kırışık ciltler için tasarlanmış yoğun bir bakım serumudur. İçeriğinde Matrixyl™ 3000, C Vitamini, E vitamini ve Antioksidan complexi yer alan bu serum, güçlü bir cilt görünümüne ve ciltteki oksidatif stresin giderilmesine yardımcı olur.,https://static.ticimax.cloud/cdn-cgi/image/width=76,quality=85/53520/uploads/urunresimleri/buyuk/vitality-time-control-serum-30-ml-82d0-4.jpeg,CİLT BAKIM ÜRÜNLERİ > SERUM > ,SCHRAMMEK,TL5.835,00
Vitality - Vitalizing Oil Concentrate 10 ML,Kayısı, Argan, Zeytin , Macadamia ve Jojoba gibi birçok değerli yağı içinde bulunduran bu ürün vitamin açısından oldukça zengindir. Lipid kaybını engeller, cilt bariyerini güçlendirir ve cilde esneklik, pürüzsüzlük, canlılık sağlar.,https://static.ticimax.cloud/cdn-cgi/image/width=76,quality=85/53520/uploads/urunresimleri/buyuk/vitality-vitalizing-oil-concentrate-10-00f1af.jpeg,CİLT BAKIM ÜRÜNLERİ > SERUM > ,SCHRAMMEK,TL1.860,00
Vitamin C Power-Cure Liquid Activator 3x5 ml,Vitamin C Power-Cure, cilt yaşlanmasının tüm belirtilerine karşı mükemmel koruma sağlayan yüksek konsantrasyonlu C vitamini içeren yaşlanma karşıtı yoğun bir tedavidir. UV radyasyonu, çevresel stres ve yaşam tarzı gibi günümüz ortamının tüm olumsuz etkilerine karşı cildi ilk uygulamadan itibaren en uygun şekilde güçlendirir.,https://static.ticimax.cloud/cdn-cgi/image/width=76,quality=85/53520/uploads/urunresimleri/buyuk/vitamin-c-power-cure-liquid-activator--74f1c5.jpeg,CİLT BAKIM ÜRÜNLERİ > SERUM > ,MBR,TL21.408,00
Warming Honey Cleanser 120 GR,Warming Honey Cleanser, Saf Bal, Arı Sütü ve Propolis formülü ile cildi etkili bir şekilde derinlemesine temizleyen, nazikçe eksfoliye ederken olağanüstü duyusal deneyim yaşatan, sorunlu cilt tipini iyileştiren ve dengeleyen zengin, lüks bakım temizleyicidir.,https://static.ticimax.cloud/cdn-cgi/image/width=76,quality=85/53520/uploads/urunresimleri/buyuk/warming-honey-cleanser-120-gr-1a39c9.jpeg,CİLT BAKIM ÜRÜNLERİ > TEMİZLEME > ,TL2.034,00
Water Gel 50 ML,İlk uygulamadan itibaren ve 72 saat boyunca normal, yağlı ve karma cilt tipleri için taze nemlendirme sağlar. Yeni dolgunlaştırıcı üç tür Hyaluronik Asit, yenileyici Organik Kuzey Huş Ağacı Özü, Saf Arktik Kaynak Suyu ve dengeleyici Niasinamid ile zenginleştirilmiş bu hızlı emilen jel nemlendirici cildi derinlemesine nemlendirir. Cildi tazeler ve 12 saate kadar parlamadan yumuşak ve pürüzsüz bir his bırakır.,https://static.ticimax.cloud/cdn-cgi/image/width=76,quality=85/53520/uploads/urunresimleri/buyuk/water-gel-50-ml-dcb8f-.jpeg,CİLT BAKIM ÜRÜNLERİ > JEL > ,LUMENE,TL930,00
WONDER FALLS 100 ML,Orta ila yoğun makyajı temizler. Rahatlatıcı bir koza olan bu krem, ciltte eriyerek yumuşak bir yağa dönüşür ve rahatlatıcı bir masajla arındırır. Akşam büyüsü! Bu tatlı krem, makyajı en yoğun şekilde yapıldığında dahi temizlerken cildi yatıştırır. Dokusu baştan çıkarıcı bir kremden yatıştırıcı bir yağa dönüşür ve kolayca durulanır. Prebiyotikler ve probiyotikler açısından zengin olan formülü, cildin doğal dengesine mükemmel şekilde saygı gösterir. Pigment, kalıntı ve diğer tüm yabancı maddeler yok olur ve doğal olarak ışıltılı bir cilt ortaya çıkarır. Özellikle olgun veya kuru ciltler olmak üzere tüm cilt tiplerini nazik bir rahatlıkla temizler.,https://static.ticimax.cloud/cdn-cgi/image/width=76,quality=85/53520/uploads/urunresimleri/buyuk/wonder-falls-100-ml-ce-480.jpg,CİLT BAKIM ÜRÜNLERİ > TEMİZLEME > ,VALMONT,TL2.700,00
Wrinkle + Texture Repair 30 ML,Güçlü retinol ve antioksidanlardan oluşan bu krem, cildinizdeki ince çizgilere ve kırışıklıklara elveda demenizi sağlayacak. Cilt yapınız güçlenirken sıkılaşır bir yandan da renk dengesi gözle görülür şekilde sağlanır.,https://static.ticimax.cloud/cdn-cgi/image/width=76,quality=85/53520/uploads/urunresimleri/buyuk/wrinkle-texture-repair-30-ml-a3-8da.jpeg,CİLT BAKIM ÜRÜNLERİ > KREM > ,ZO SKIN HEALTH,TL4.700,00
Wrinkle + Texture Repair 50 ML,Güçlü retinol ve antioksidanlardan oluşan bu krem, cildinizdeki ince çizgilere ve kırışıklıklara elveda demenizi sağlayacak. Cilt yapınız güçlenirken sıkılaşır bir yandan da renk dengesi gözle görülür şekilde sağlanır.,https://static.ticimax.cloud/cdn-cgi/image/width=76,quality=85/53520/uploads/urunresimleri/buyuk/wrinkle-texture-repair-50-ml-c4b2bc.jpeg,CİLT BAKIM ÜRÜNLERİ > KREM > ,ZO SKIN HEALTH,TL7.500,00
Youth Complex 30 GR,Youth Complex, yaşlanan cilde anında, orta ve uzun vadeli görünür iyileştirmeler sunan, ince çizgilerin ve kırışıklıkların görünür şekilde dolgunlaşması için hızlı bir şekilde nemlendirme sağlayan ilk kozmesötik formülasyondur.,https://static.ticimax.cloud/cdn-cgi/image/width=76,quality=85/53520/uploads/urunresimleri/buyuk/youth-complex-30-gr-e4727c.jpeg,CİLT BAKIM ÜRÜNLERİ > SERUM > ,IS CLINICAL,TL6.752,00
Youth EssentiA - Antioxidant Defence Cream 35 ML,Yüksek konsantre antioksidan içeren bu nemlendirici krem, cildin serbest radikallere karşı savunmasını güçlendirir, cildi nemlendirir, yumuşaklık ve parlaklık kazandırır.,https://static.ticimax.cloud/cdn-cgi/image/width=76,quality=85/53520/uploads/urunresimleri/buyuk/youth-essentia-antioxidant-defence-cre-b4bc69.jpeg,CİLT BAKIM ÜRÜNLERİ > KREM > ,ENVIRON,
Youth EssentiA - Antioxidant Defence Creme Plus 35 ML,Bu güçlü nemlendirici krem, cildin güzel sağlıklı ve parlak görünmesini sağlayarak yaşlanma belirtilerini gözle görülür şekilde azaltmaya yardımcı olan yüksek konsantrasyonda peptitler ve nemlendiriciler ile zenginleştirilmiştir.,https://static.ticimax.cloud/cdn-cgi/image/width=76,quality=85/53520/uploads/urunresimleri/buyuk/youth-essentia-antioxidant-defence-cre-e96448.jpeg,CİLT BAKIM ÜRÜNLERİ > KREM > ,ENVIRON,
Youth EssentiA - Hydra İntense Cleansing Lotion 200 ML,Cildi aşamalı vitamin sistemine hazırlayan premium temizleme losyonudur. Cildin gerekli doğal yağlarına zarar vermeden ve doğal su geçirme bariyerini etkilemeden temizliğini sağlar. Cildi temizlerken de eşsiz bir nemlendirme de sağlar. Bunların yanısıra hoş bir kokuya sahip bir üründür.,https://static.ticimax.cloud/cdn-cgi/image/width=76,quality=85/53520/uploads/urunresimleri/buyuk/youth-essentia-hydra-intense-cleansing-4df0-9.jpeg,CİLT BAKIM ÜRÜNLERİ > LOSYON > ,ENVIRON,
Youth EssentiA - Vita Peptide C Quence Serum (1) 35 ML,Özel formulü ile cilt dokusunu gençleştirir ve güçlendirir. Düşük oranda medikal A vitamini türevleri içerir. Yüksek teknoloji aktif vitaminler ve peptidler ile cildin fonksiyonlarını güçlendirir, hücresel yenilenmeyi destekler, cildi güzelleştirir ve genç bir görünüm sağlar.,https://static.ticimax.cloud/cdn-cgi/image/width=76,quality=85/53520/uploads/urunresimleri/buyuk/youth-essentia-vita-peptide-c-quence-s-d0-ab4.jpeg,CİLT BAKIM ÜRÜNLERİ > SERUM > ,ENVIRON,
Youth EssentiA - Vita Peptide C Quence Serum (2) 35 ML,https://static.ticimax.cloud/cdn-cgi/image/width=76,quality=85/53520/uploads/urunresimleri/buyuk/youth-essentia-vita-peptide-c-quence-s-23-465.jpeg,CİLT BAKIM ÜRÜNLERİ > SERUM > ,
Youth EssentiA - Vita Peptide C Quence Serum (3) 35 ML,3. adım serum&anti-aging bakım ürünü cilt dokusunu gençleştirmek ve güçlendirmeye özel formüle edilmiştir. Daha yüksek oranda medikal A vitamini kompleks türevleri içerir. İçeriğindeki yüksek teknoloji aktif vitaminler ve peptidler ile cildin fonksiyonlarını güçlendirir, hücresel yenilenmeyi destekler, cildi güzelleştirir, sağlıklı ve genç bir görünüm sağlar.,https://static.ticimax.cloud/cdn-cgi/image/width=76,quality=85/53520/uploads/urunresimleri/buyuk/youth-essentia-vita-peptide-c-quence-s--864a-.jpeg,CİLT BAKIM ÜRÜNLERİ > SERUM > ,ENVIRON,
Youth EssentiA - Vita Peptide C Quence Serum (4) 35 ML,4. adım serum&anti-aging bakım ürünü cilt dokusunu gençleştirmek ve güçlendirmeye özel formüle edilmiştir. Yüksek oranda medikal A vitamini kompleks türevleri içerir. İçeriğindeki yüksek teknoloji aktif vitaminler ve peptidler ile cildin fonksiyonlarını güçlendirir, hücresel yenilenmeyi destekler, cildi güzelleştirir, sağlıklı ve genç bir görünüm sağlar.,https://static.ticimax.cloud/cdn-cgi/image/width=76,quality=85/53520/uploads/urunresimleri/buyuk/youth-essentia-vita-peptide-c-quence-s-b417-9.jpeg,CİLT BAKIM ÜRÜNLERİ > SERUM > ,ENVIRON,
Youth EssentiA - Vita Peptide C Quence Serum (4) Plus 35 ML,5. adım serum&anti-aging bakım ürünü cilt dokusunu gençleştirmek ve güçlendirmeye özel formüle edilmiştir. Yüksek oranda medikal A vitamini kompleks türevleri içerir. İçeriğindeki yüksek teknoloji aktif vitaminler, antiolksidanlar ve peptidler, Juvenity® ve Malt secrets® ile cildin fonksiyonlarını güçlendirir, yoğun nemlilik kazandırır, hücresel yenilenmeyi destekler, cildi güzelleştirir, sağlıklı ve genç bir görünüm sağlar.,https://static.ticimax.cloud/cdn-cgi/image/width=76,quality=85/53520/uploads/urunresimleri/buyuk/youth-essentia-vita-peptide-c-quence-s-245e5c.jpeg,CİLT BAKIM ÜRÜNLERİ > SERUM > ,ENVIRON,
Youth EssentiA - Vita Peptide Toner,Cildi aşamalı vitamin sistemine hazırlar ve yaşlanma karşıtı peptitler içerir. Cildi derinlemesine temizler, aydınlık ve sıkı bir görünüm kazandırır.,https://static.ticimax.cloud/cdn-cgi/image/width=76,quality=85/53520/uploads/urunresimleri/buyuk/youth-essentia-vita-peptide-toner--9265-.jpeg,CİLT BAKIM ÜRÜNLERİ > TONİK > ,ENVIRON,
Youth Intensive Crème 50 GR,Youth Intensive Crème, güçlü nemlendirme sağladığı için ince çizgilerin ve kırışıklıkların görünümünü azaltmaya, güçlü antioksidan koruma sağlamaya yardımcı olan, olağanüstü derecede zengin ve lüks, yaşa meydan okuyan bir formüldür.,https://static.ticimax.cloud/cdn-cgi/image/width=76,quality=85/53520/uploads/urunresimleri/buyuk/youth-intensive-cr-me-50-gr-b28c88.jpeg,CİLT BAKIM ÜRÜNLERİ > KREM > ,IS CLINICAL,TL9.962,00
Youth Lip Elixir 3,5 GR,Youth Lip Elixir, dudakların genel görünümünü iyileştirirken, yumuşatırken ve dolgunlaştırırken gözle görülür şekilde pürüzsüzleştiren ve nemlendiren lüks ve oldukça nemlendirici dudak iksiridir.,https://static.ticimax.cloud/cdn-cgi/image/width=76,quality=85/53520/uploads/urunresimleri/buyuk/youth-lip-elixir-35-gr-c9270f.jpeg,CİLT BAKIM ÜRÜNLERİ > DUDAK BAKIMI > ,IS CLINICAL,TL2.543,00
Youth Serum 30 ML,Gençlik Serumu, cilde her iki dünyanın da en iyisini vermek için tasarlanmıştır: anında ve uzun vadeli görünür sonuçlar Sağlıklı cilt yapılarını destekleyen ve gözle görülür şekilde sıkılaşmış bir cilt için ince çizgilerin görünümünü anında azaltan gelişmiş teknolojilerden anında sonuçlar gelir,https://static.ticimax.cloud/cdn-cgi/image/width=76,quality=85/53520/uploads/urunresimleri/buyuk/youth-serum-30-ml-89ea8f.jpeg,CİLT BAKIM ÜRÜNLERİ > SERUM > ,IS CLINICAL,TL6.752,00
Youth⁺ 3D Synergie Filler Cream 30 ML,Serum ve krem etkisini birleştiren bu krem ile yanak, boyun ve gözlerdeki çizgileri iyileştirebilir, ince çizgileri ve kırışıklıkların görünümünü düzeltebilirsiniz. Ayrıca cildinize elastikiyet kazandırmak için de birebirdir.,https://static.ticimax.cloud/cdn-cgi/image/width=76,quality=85/53520/uploads/urunresimleri/buyuk/youth-3d-synergie-filler-cream-30-ml-4d05e2.jpeg,CİLT BAKIM ÜRÜNLERİ > KREM > ,ENVIRON,
Youth⁺ Concentrated Alpha Hydroxy Toner 200 ML,AHA içeren bu tonik, cildin tüm spesifik ihtiyaçlarına cevap vermek için formüle edilmiştir. Özellikle kalınlaşmış ve pürüzlü ciltlerin cilt bakımına hazırlanması, cildin canlanıp ışıltılı ve genç bir hale bürünmesi için idealdir.,https://static.ticimax.cloud/cdn-cgi/image/width=76,quality=85/53520/uploads/urunresimleri/buyuk/youth-concentrated-alpha-hydroxy-toner-e6bf16.jpeg,CİLT BAKIM ÜRÜNLERİ > TONİK > ,ENVIRON,
Youth⁺ Concentrated Retinol (1) 30 ML,Gençliğini kaybetmiş, kalınlaşmış, pürüzlü ciltler için olan bu ürünler cildin gençlik ışıltısını ve gücünü yeniden kazandırmayı hedefler. Ürünler Step-up EssentiA vitamin serisi ile kullanıldığında hızlı bir şekilde yeniden gençliğini kazanmış bir cilt dokusu sağlar.,https://static.ticimax.cloud/cdn-cgi/image/width=76,quality=85/53520/uploads/urunresimleri/buyuk/youth-concentrated-retinol-1-30-ml-26a-ef.jpeg,CİLT BAKIM ÜRÜNLERİ > SERUM > ,ENVIRON,
Youth⁺ Concentrated Retinol (2) 30 ML,Gençliğini kaybetmiş, kalınlaşmış, pürüzlü ciltler için olan bu ürünler cildin gençlik ışıltısını ve gücünü yeniden kazandırmayı hedefler. Ürünler Step-up EssentiA vitamin serisi ile kullanıldığında hızlı bir şekilde yeniden gençliğini kazanmış bir cilt dokusu sağlar.,https://static.ticimax.cloud/cdn-cgi/image/width=76,quality=85/53520/uploads/urunresimleri/buyuk/youth-concentrated-retinol-2-30-ml--af29-.jpeg,CİLT BAKIM ÜRÜNLERİ > SERUM > ,ENVIRON,
Youth⁺ Concentrated Retinol (3) 30 ML,https://static.ticimax.cloud/cdn-cgi/image/width=76,quality=85/53520/uploads/urunresimleri/buyuk/youth-concentrated-retinol-3-30-ml-3212a1.jpeg,CİLT BAKIM ÜRÜNLERİ > SERUM > ,
Youth⁺ Peptide Enriched Frown Serum 20 ML,3 farklı benzersiz peptid kombinasyonuyla ciltteki ince çizgi ve kırışıklıkların görünümünü gideren özel bir üründür. Serum ciltte gözle görülür anti-aging yaratır. Özellikle olgun, kırışık ve ince çizgili ciltler için önerilir.,https://static.ticimax.cloud/cdn-cgi/image/width=76,quality=85/53520/uploads/urunresimleri/buyuk/youth-peptide-enriched-frown-serum-20--4-47a1.jpeg,CİLT BAKIM ÜRÜNLERİ > SERUM > ,ENVIRON,
Youth⁺ Serience Night Serum 30 ML,Stresin olumsuz ve uzun vadeli etkilerini gidermek için geliştirilen bir üründür. Gece için gelişmiş güçlendirici olarak sakin, aydınlık ve gençgörünen bir cilt sağlar, siz uyurken bile cildiniz koruma altında kalır ve güzelleşir.,https://static.ticimax.cloud/cdn-cgi/image/width=76,quality=85/53520/uploads/urunresimleri/buyuk/youth-serience-night-serum-30-ml-05-482.jpeg,CİLT BAKIM ÜRÜNLERİ > SERUM > ,ENVIRON,
Youth⁺ TRI Biobotanical Revival Masque 50 ML,Laktik, asiatik ve mandelik asit üçlüsünü tek üründe birleştiren, cildin ovalinin gençleşmesini ve pürüzsüzleşmesini sağlayan benzersiz bir maskedir. Cildin genç, ışıltıkı ve sağlıklı bir görünüme kavuşmasını sağlar.,https://static.ticimax.cloud/cdn-cgi/image/width=76,quality=85/53520/uploads/urunresimleri/buyuk/youth-tri-biobotanical-revival-masque--a-ab05.jpeg,CİLT BAKIM ÜRÜNLERİ > MASKE > ,ENVIRON,
Youth⁺ TRI Peptide Complex Avance Elıxır 50 ML,Doğal çin bitki köklerinin karışımı ile size adeta bir güzellik iksiri sunan bu ürün ile cildinizi oksidatif stresten arındırıp aydınlatabilir, cildinize gençlik ışıltısı kazandırabilirsiniz.,https://static.ticimax.cloud/cdn-cgi/image/width=76,quality=85/53520/uploads/urunresimleri/buyuk/youth-tri-peptide-complex-avance-elixi-b863-3.jpeg,CİLT BAKIM ÜRÜNLERİ > BAKIM YAĞI > ,ENVIRON,
Youth⁺ TRI Peptide Complex Avance Moisturiser 50 ML,3 güçlü nemlendirici peptidi birleştiren bu krem, cilde maximum nemlilik kazandırıp, cildi gençleştirmek ve pürüzsüz bir doku kazandırmak için tasarlanmıştır.,https://static.ticimax.cloud/cdn-cgi/image/width=76,quality=85/53520/uploads/urunresimleri/buyuk/youth-tri-peptide-complex-avance-moist-63a-e9.jpeg,CİLT BAKIM ÜRÜNLERİ > KREM > ,ENVIRON,
Youthful Radiance Camellia Mask 75ML,Faydaları:Tüm cilt tiplerine uygun maskeCilde anında aydınlık ve dolgun görünüm kazandırmaya yardımcı maske, aynı zamanda olgunlaşma karşıtı bakım yaparak çizgi görünümünün gözle görülür ölçüde azalmasını destekler. Cilde elastik görünüm vererek pürüzsüz bir görünüm kazanmasına yardımcı olur. Kullanımı:Göz çevresi hariç yüz, boyun ve dekolte bölgesine kalın bir tabaka halinde uygulayın. 3-5 dakika sonra fazlalığı mendil ile temizleyin ya da 15 dakika sonra ılık su ile iyice temizleyin. Botanik İçerikler:Kamelya, Nar, Hyaluronik Asit, Oligopeptidler. 75ML,https://static.ticimax.cloud/cdn-cgi/image/width=76,quality=85/53520/uploads/urunresimleri/buyuk/youthful-radiance-camellia-mask-75ml-681-a0.jpeg,CİLT BAKIM ÜRÜNLERİ > MASKE > ,DARPHIN,TL2.719,00
µ-FILL PIGM 400 12 unités,μ-Fill PIGM 400, lokalize pigmentasyon işaretlerine etki eden teknolojik bir yeniliktir. Bu yamalar, çeşitli epidermal katmanlar üzerinde hareket etmek için %100 katılaştırılmış aktif bileşenlerden oluşur. Aydınlatıcı etkileri, cilt yüzeyindeki koyu lekelerin görünümünü azaltmaya yardımcı olur, böylece daha homojen ve düzgün bir alan sağlar.,https://static.ticimax.cloud/cdn-cgi/image/width=76,quality=85/53520/uploads/urunresimleri/buyuk/-fill-pigm-400-12-units-45-e13.jpeg,CİLT BAKIM ÜRÜNLERİ > MASKE > ,BIOLOGIQUE R.,
ADAPTASUN HYDRA-PROTECTIVE SUN WATER 150 ML,Cildi güneşin zararlı ışınlarına karşı koruma sağlarken, doğal bronzlaşmayı optimize eder. Photo yaşlanmaya karşı yüksek güneş koruması sağlar. Cildi nemlendirir.,https://static.ticimax.cloud/cdn-cgi/image/width=76,quality=85/53520/uploads/urunresimleri/buyuk/adaptasun-hydra-protective-sun-water-1-939-00.jpeg,CİLT BAKIM ÜRÜNLERİ > GÜNEŞ KORUMA > ,ESTHEDERM,
ADAPTASUN SENSITIVE FACE CREAM MODERATE SUN 50 ML,Cildi güneşe adapte ederek bronzlaştıran koruyucu güneş bakım kremi.,https://static.ticimax.cloud/cdn-cgi/image/width=76,quality=85/53520/uploads/urunresimleri/buyuk/adaptasun-sensitive-face-cream-moderat-6d8c18.jpeg,CİLT BAKIM ÜRÜNLERİ > GÜNEŞ KORUMA > ,ESTHEDERM,
Aromatic Cleansing Balm with Rosewood 100ML,Faydaları:,https://static.ticimax.cloud/cdn-cgi/image/width=76,quality=85/53520/uploads/urunresimleri/buyuk/aromatic-cleansing-balm-with-rosewood--41bcb6.jpeg,CİLT BAKIM ÜRÜNLERİ > TEMİZLEME > ,DARPHIN,
Azulene Mask 250 ML,Azulen içeriği ile cildi nemlendirmeye yardımcı olur. Kuru ve karma ciltlerde cildi nemlendirmeyi ve korumayı sağlar.,https://static.ticimax.cloud/cdn-cgi/image/width=76,quality=85/53520/uploads/urunresimleri/buyuk/azulene-mask-250-ml-261754.jpeg,CİLT BAKIM ÜRÜNLERİ > MASKE > ,THERADERM,
Beauty - Hyaluron HY+ Perf. Serum 100 ML,Yoğun nem ihtiyacı olan tüm ciltler için nem serumudur. İçeriğinde yüksek moleküler Hyalüronik Asit, Glucoside ve Vitamin E içerir. Cildin hyalüronik asit sentezini destekler ve cildin nem tutma kapasitesini arttırır. Ciltteki pürüzlü yapının giderilmesine yardımcı olur.,https://static.ticimax.cloud/cdn-cgi/image/width=76,quality=85/53520/uploads/urunresimleri/buyuk/beauty-hyaluron-hy-perf.-serum-100-ml-f7ccec.jpeg,CİLT BAKIM ÜRÜNLERİ > SERUM > ,SCHRAMMEK,
Brightening Complex 30 GR,Brightening Complex, faydalı nemlendirme özellikleriyle cildin görünümünü güvenli ve etkili bir şekilde aydınlatarak ayırt edici bir formül sunan nemlendiricidir.,https://static.ticimax.cloud/cdn-cgi/image/width=76,quality=85/53520/uploads/urunresimleri/buyuk/brightening-complex-30-gr-1-e947.jpeg,CİLT BAKIM ÜRÜNLERİ > SERUM > ,IS CLINICAL,
Calm Water Gel 50 ML,İnce yapılı su-jel formundaki nemlendirici, kuru ve hassas cildi nemlendirir. Ferahlatan bu jel formül, uygulama sırasında cildi serinletici bir sıvıya dönüşerek cilt yüzeyinde cildi çevresel hasarlara karşı koruyucu bir bariyer tabaka oluşturur. İçerdiği İkili Hyaluronik Asit Teknolojisi cilt yüzey tabakalarında farklı seviyelerde çalışarak ve nemini arttırır ve nemi cilde hapseder.,https://static.ticimax.cloud/cdn-cgi/image/width=76,quality=85/53520/uploads/urunresimleri/buyuk/calm-water-gel-50-ml-5f39-4.jpeg,CİLT BAKIM ÜRÜNLERİ > JEL > ,DERMALOGICA,
CALMING BIOMIMETIC CREAM 50 ML,Toleransı düşük, çok hassas ve reaktif ciltler için cildin doğal yapısıyla uyumlu %99 oranında biyomimetik krem,https://static.ticimax.cloud/cdn-cgi/image/width=76,quality=85/53520/uploads/urunresimleri/buyuk/calming-biomimetic-cream-50-ml-e-a648.jpeg,CİLT BAKIM ÜRÜNLERİ > KREM > ,ESTHEDERM,
Cellthera Multi Active Post Cream 30GR,Cellthera Multi Active Post krem, tüm cilt tipleri için uygundur. Cildin, yenilenmesine ve ihtiyaç duyduğu nemi geri kazanmasına yardımcı olur.,https://static.ticimax.cloud/cdn-cgi/image/width=76,quality=85/53520/uploads/urunresimleri/buyuk/cellthera-multi-active-post-cream-30gr-18d814.jpeg,CİLT BAKIM ÜRÜNLERİ > KREM > ,MESOSYS,
Cellthera Pure Foam Cleanser 100 ML,Cellthera Pure Foaming Cleanser köpüklü cilt temizleyicisidir. İçeriğindeki bitkisel ekstraktlar ile cildi güçlü bir şekilde temizler. Ciltteki kir ve makyaj artıklarının uzaklaştırılmasına yardımcı olur. Cilt pH’ını doğal düzeyde tutmayı sağlar.,https://static.ticimax.cloud/cdn-cgi/image/width=76,quality=85/53520/uploads/urunresimleri/buyuk/cellthera-pure-foam-cleanser-100-ml-3-9ec4.jpeg,CİLT BAKIM ÜRÜNLERİ > KÖPÜK > ,MESOSYS,
CELLULAR WATER MIST 200 ML,Cildin nemini arttırıcı antioksidan etkili bu mist aynı zamanda serum kadar etkilidir. Erken yaşlanmaya neden olan serbest radikallere karşı savaşmaya destek olur. Cilt bakım ürünlerinin etkisini %79* oranına kadar arttırmayı hedefler.,https://static.ticimax.cloud/cdn-cgi/image/width=76,quality=85/53520/uploads/urunresimleri/buyuk/cellular-water-mist-200-ml-4-9251.jpeg,CİLT BAKIM ÜRÜNLERİ > LOSYON > ,ESTHEDERM,
Copper Firming Mist 75 ML,Bu ferahlatıcı bakım misti, güçlü antioksidan koruma sağlar ve cildin görünümünü anında nemlendirir, pürüzsüzleştirir ve sıkılaştırırken yaşlanmanın görsel belirtilerine karşı koruma sağlar,https://static.ticimax.cloud/cdn-cgi/image/width=76,quality=85/53520/uploads/urunresimleri/buyuk/copper-firming-mist-75-ml-cf7d3f.jpeg,CİLT BAKIM ÜRÜNLERİ > BAKIM SPREYİ > ,IS CLINICAL,
Daily Microfoliant 74 GR,Her gün bu ikonik eksfoliasyon yapan toz ile daha aydınlık ve yumuşak bir cilde sahip olun. Pirinç bazlı toz formül su ile temas ettiğinde aktive olup cildi cilalayıcı Papain, Salisilik Asit ve Pirinç Enzimlerini açığa çıkarır. Fitik Asit ve Pirinç Kepeğinden oluşan cildi Aydınlatıcı Kompleks, Yeşil Çay ve Meyankökü ile cilt tonunu dengelemeye yardımcı olurken rahatlatıcı Kolloidal Yulafı ve Allantoin cildi sakinleştirir. Her gün kullanılacak kadar naziktir.,https://static.ticimax.cloud/cdn-cgi/image/width=76,quality=85/53520/uploads/urunresimleri/buyuk/daily-microfoliant-74-gr-3-4d40.jpeg,CİLT BAKIM ÜRÜNLERİ > PEELING > ,DERMALOGICA,
Daily Superfoliant 57 GR,Cilt yüzeyini yenilemeye yardımcı, hava kirliliğine karşı toz eksfoliasyon. Bu cilt yüzeyini yenileyici ürün cildi yumuşatır ve zamansız yaşlanmayı tetikleyen çevresel etkenlere karşı cildi savunmaya yardımcı olur. Gelişmiş toz formül suyla birleştiğinde aktifleşir, içerdiği enzimler, cildi yumuşatıcı alfa hidroksi asitler ve hava kirliliği karşıtı teknoloji açığa çıkar. Aktifleştirilmiş Binchotan Kömürü cildi arındırıp, gözeneklerde biriken çevresel toksinleri temizlemeye yardımcı olurken, Niyasinamid, Kırmızı Yosun ve Tara Meyve Özü cildi hava kirliliğinin zararlı etkilerine karşı korumaya yardımcıdır.,https://static.ticimax.cloud/cdn-cgi/image/width=76,quality=85/53520/uploads/urunresimleri/buyuk/daily-superfoliant-57-gr-61d-4a.jpeg,CİLT BAKIM ÜRÜNLERİ > PEELING > ,DERMALOGICA,
Eclat Sublime Youth Renewing Retinol Capsules (60 Caps.),Eclat Sublime Youth Renewing Retinol, gözle görülür şekilde gençleşmiş bir yüz ve göz çevresi için besleyici bitkisel yağlarla aşılanmıştır.,https://static.ticimax.cloud/cdn-cgi/image/width=76,quality=85/53520/uploads/urunresimleri/buyuk/eclat-sublime-youth-renewing-retinol-c-2a67b1.jpg,CİLT BAKIM ÜRÜNLERİ > KAPSÜL > ,DARPHIN,
EGF Repair Oxymask Cream 50 ML,EGF Repair Oxymask Krem, mat ve gergin ciltleri rahatlatan kabarcıklı maske kremdir. Ciltte tazelik sağlar. Tüm cilt tipleri için günlük kullanıma uygun canlandırmaya destek veren bir kremdir.,https://static.ticimax.cloud/cdn-cgi/image/width=76,quality=85/53520/uploads/urunresimleri/buyuk/egf-repair-oxymask-cream-50-gr-1f-a4b.jpeg,CİLT BAKIM ÜRÜNLERİ > KREM > ,GENOSYS,
ELIXIR TEINT MAJESTUEUX - Amber Beige in Florence,Saten ışıltısı veren fondöten:Doğal olarak ışıltılı, ipeksi bir cilt için,https://static.ticimax.cloud/cdn-cgi/image/width=76,quality=85/53520/uploads/urunresimleri/buyuk/elixir-teint-majestueux-amber-beige-in--41ef-.jpeg,CİLT BAKIM ÜRÜNLERİ > DİĞER > ,VALMONT,
ELIXIR TEINT MAJESTUEUX - Sandy Beige in Paris,Saten ışıltısı veren fondöten:Doğal olarak ışıltılı, ipeksi bir cilt için,https://static.ticimax.cloud/cdn-cgi/image/width=76,quality=85/53520/uploads/urunresimleri/buyuk/elixir-teint-majestueux-sandy-beige-in-d0-439.jpeg,CİLT BAKIM ÜRÜNLERİ > DİĞER > ,VALMONT,
ESTHE-WHITE ANTI-DARK SPOTS SERUM 30 ML,https://static.ticimax.cloud/cdn-cgi/image/width=76,quality=85/53520/uploads/urunresimleri/buyuk/esthe-white-anti-dark-spots-serum-30-m-d27f6-.jpeg,CİLT BAKIM ÜRÜNLERİ > SERUM > ,ESTHEDERM,
ESTHE-WHITE MOISTURIZING DAYCARE 50 ML,Cildin nemlenmesine, çevresel faktörlere karşı korunmasına ve koyu lekelerin görünümünün azalmasına yardımcı olur. Time Control System Patenti saYesinde aynı zamanda yaşlanma karşıtı bakım yapılmasına destek olur.,https://static.ticimax.cloud/cdn-cgi/image/width=76,quality=85/53520/uploads/urunresimleri/buyuk/esthe-white-moisturizing-daycare-50-ml-95c335.jpeg,CİLT BAKIM ÜRÜNLERİ > KREM > ,ESTHEDERM,
ESTHE-WHITE TARGETED DARK SPOTS CONCENTRATE 9 ML,Lokal lekelerin sebep olduğu renk eşitsizliğini azaltmayı hedefler. Time Control System Patenti sayesinde aynı zamanda yaşlanma karşıtı bakım yapılmasına destek olur.,https://static.ticimax.cloud/cdn-cgi/image/width=76,quality=85/53520/uploads/urunresimleri/buyuk/esthe-white-targeted-dark-spots-concen-b8e56b.jpeg,CİLT BAKIM ÜRÜNLERİ > SERUM > ,ESTHEDERM,
Extreme Protect SPF30 100 GR,Extreme Protect SPF 30, geniş spektrumlu UVA/UVB korumasını ve oksidatif güneş hasarını azaltmak için güçlü antioksidanlarla olağanüstü koruma sağlayan nemlendirici ve yumuşatıcı güneş koruyucudur.,https://static.ticimax.cloud/cdn-cgi/image/width=76,quality=85/53520/uploads/urunresimleri/buyuk/extreme-protect-spf30-100-gr-ad4d-4.jpeg,CİLT BAKIM ÜRÜNLERİ > GÜNEŞ KORUMA > ,IS CLINICAL,
Extreme Protect SPF40 100 GR,Extreme Protect SPF 40+, özel Extremozyme® teknolojisi ile bilimsel olarak gelişmiş tamamen fiziksel güneş koruyucu aktifler içeren, çok seviyeli geniş spektrumlu güneş koruyucudur.,https://static.ticimax.cloud/cdn-cgi/image/width=76,quality=85/53520/uploads/urunresimleri/buyuk/extreme-protect-spf40-100-gr-38-4a3.jpeg,CİLT BAKIM ÜRÜNLERİ > GÜNEŞ KORUMA > ,IS CLINICAL,
Fenlo - Dudak Bakım Kremi 15 GR,Dudak ve ağız kenarı ile ilgili kuruluk, çatlama, kırışıklık gibi çeşitli faktörlerle oluşan problemlerin giderilmesine yardımcı olur.,https://static.ticimax.cloud/cdn-cgi/image/width=76,quality=85/53520/uploads/urunresimleri/buyuk/fenlo-dudak-bakim-kremi-15-gr-0e1-20.jpeg,CİLT BAKIM ÜRÜNLERİ > DUDAK BAKIMI > ,FENLO,
Firming Serum 50 ML,Cildi besleyen ve derine nüfuz eden mucizevi biyoaktif formülü ile cildi sıkılaştırıp, sarkmaları önler.,https://static.ticimax.cloud/cdn-cgi/image/width=76,quality=85/53520/uploads/urunresimleri/buyuk/firming-serum-50-ml-e4-95a.jpeg,CİLT BAKIM ÜRÜNLERİ > SERUM > ,ZO SKIN HEALTH,
Glow Luminessence Brightening Beauty Lotion 150 ML,%96 doğal içeriğindeki C vitamini ve Hyaluronik Asit ile anında cilde enerji vermeye, canlandırmaya; cilt yenileyici Doğal Meyve Asitleri ve Kutup Kaynak Suyu ile cildi arındırmaya ve aydınlatmaya yardımcı olur. Cildi bir sonraki güzellik ürününe hazırlarken nemlendirmeyi destekler. Tüm cilt tipleri için uygundur.,https://static.ticimax.cloud/cdn-cgi/image/width=76,quality=85/53520/uploads/urunresimleri/buyuk/glow-luminessence-brightening-beauty-l-01e096.jpeg,CİLT BAKIM ÜRÜNLERİ > TONİK > ,LUMENE,
Horme™AQUA Moisturizing Mask,Kuru ya da nem kaybı hisseden ciltlerin daha nemli ve ferah hissetmesine yardımcı maskedir. HORMETA’nın özgün eser elemetleriyle birlikte AquaBoost kompleks, hyaluronik asit, zeytin skualeni, shea butter, ve İsviçre kelebek çalısı (edelweiss) özünü birleştiren etkili özel formülü cildin daha nemli, rahat, yumuşak ve dolgun hissetmesine yardımcı olur.,https://static.ticimax.cloud/cdn-cgi/image/width=76,quality=85/53520/uploads/urunresimleri/buyuk/horme-aqua-moisturizing-mask-8b-d7f.jpeg,CİLT BAKIM ÜRÜNLERİ > MASKE > ,HORMETA,
Horme™MAT Purifying Mask 50 ML,Hedefe Yönelik "organosülfür" Maske,https://static.ticimax.cloud/cdn-cgi/image/width=76,quality=85/53520/uploads/urunresimleri/buyuk/horme-mat-purifying-mask-50-ml-1-b986.jpeg,CİLT BAKIM ÜRÜNLERİ > MASKE > ,HORMETA,
Horme™PURE Gentle Tonic Water with Orange Blossom 200 ML,Ferahlatıcı son dokunuş. Yumuşatıcı portakal çiçeği ve rahatlatıcı bitki kompleksine sahip tonik cilt temizliğini kusursuz hale getirir. Yumuşatıcı aktif maddeler ile nemlendirilmiş, temizlik rutinini mükemmelleştirerek ferahlatıcı bir dokunuş sağlayan yüz temizleme suyu.,https://static.ticimax.cloud/cdn-cgi/image/width=76,quality=85/53520/uploads/urunresimleri/buyuk/horme-pure-gentle-tonic-water-with-ora-aeced4.jpeg,CİLT BAKIM ÜRÜNLERİ > TONİK > ,HORMETA,
HYDRA BOOST SELF TANNING CREAM-GEL 200 ML,Anında uzun süre kalıcı, pürüzsüz, doğal bir bronzluk etkisi sağlar. Cildi ideal olarak nemlendirir. Doğal bir bronzluk etkisi için, tüm cilt renklerine uyum sağlar.,https://static.ticimax.cloud/cdn-cgi/image/width=76,quality=85/53520/uploads/urunresimleri/buyuk/hydra-boost-self-tanning-cream-gel-200-7-bb2c.jpeg,CİLT BAKIM ÜRÜNLERİ > KREM > ,ESTHEDERM,
INTENSIVE AHA PEEL CONCENTRATED SERUM 30 ML,Cilt yüzeyinin ölü deriden arındırılmasına, gözenek görünümünün azalmasına, renk tonunun daha eşit olmasına destek olur.,https://static.ticimax.cloud/cdn-cgi/image/width=76,quality=85/53520/uploads/urunresimleri/buyuk/intensive-aha-peel-concentrated-serum--c1-88a.jpeg,CİLT BAKIM ÜRÜNLERİ > SERUM > ,ESTHEDERM,
INTENSIVE AHA PEEL GENTLE SERUM 30 ML,Cilt yüzeyinin ölü deriden arındırılmasına, gözenek görünümünün azalmasına, renk tonunun daha eşit olmasına destek olur.,https://static.ticimax.cloud/cdn-cgi/image/width=76,quality=85/53520/uploads/urunresimleri/buyuk/intensive-aha-peel-gentle-serum-30-ml-c-0e43.jpeg,CİLT BAKIM ÜRÜNLERİ > SERUM > ,ESTHEDERM,
INTENSIVE HYALURONIC CREAM 50 ML,Hyalüronik asit ile cildi yoğun şekilde nemlendirmeye, çizgilerinin azalmasına ve cildin gençlik ışıltısına kavuşmasına yardımcı olur. Nemsiz ve kuru ciltlerin rahatlamasına ve nem depolamasına destek olur.,https://static.ticimax.cloud/cdn-cgi/image/width=76,quality=85/53520/uploads/urunresimleri/buyuk/intensive-hyaluronic-cream-50-ml-8-9aa2.jpeg,CİLT BAKIM ÜRÜNLERİ > KREM > ,ESTHEDERM,
INTENSIVE HYALURONIC MASK 75 ML,Hyalüronik asit ile nemsiz ve kuru ciltlerin anında rahatlamasına ve nem depolamasına destek olur.,https://static.ticimax.cloud/cdn-cgi/image/width=76,quality=85/53520/uploads/urunresimleri/buyuk/intensive-hyaluronic-mask-75-ml-90852c.jpeg,CİLT BAKIM ÜRÜNLERİ > MASKE > ,ESTHEDERM,
INTENSIVE HYALURONIC SERUM 30 ML,Hyalüronik asit ile cildi yoğun şekilde nemlendirmeye, çizgilerinin azalmasına ve cildin gençlik ışıltısına kavuşmasına yardımcı olur. Nemsiz ve kuru ciltlerin rahatlamasına ve nem depolamasına destek olur.,https://static.ticimax.cloud/cdn-cgi/image/width=76,quality=85/53520/uploads/urunresimleri/buyuk/intensive-hyaluronic-serum-30-ml-9-15ff.jpeg,CİLT BAKIM ÜRÜNLERİ > SERUM > ,ESTHEDERM,
INTENSIVE RETINOL CREAM 50 ML,Cilt yüzeyinin ve kırışıklıkların düzeltilmesine yardımcı olur.,https://static.ticimax.cloud/cdn-cgi/image/width=76,quality=85/53520/uploads/urunresimleri/buyuk/intensive-retinol-cream-50-ml-3-ebb9.jpeg,CİLT BAKIM ÜRÜNLERİ > KREM > ,ESTHEDERM,
INTENSIVE RETINOL SERUM 15 ML,Cildin derin kırışıklık görünümüne ve foto-yaşlanmasına karşı etkili olmayı hedefler.,https://static.ticimax.cloud/cdn-cgi/image/width=76,quality=85/53520/uploads/urunresimleri/buyuk/intensive-retinol-serum-15-ml--aa73-.jpeg,CİLT BAKIM ÜRÜNLERİ > SERUM > ,ESTHEDERM,
INTENSIVE SPIRULINE SERUM 30 ML,Yorgunluk belirtilerinin azalmasına, cildin yenilenmesine ve beslenmesine destek olur. Cildin yumuşamasına ve ışıldamasına yardımcı olur.,https://static.ticimax.cloud/cdn-cgi/image/width=76,quality=85/53520/uploads/urunresimleri/buyuk/intensive-spiruline-serum-30-ml--27e2-.jpeg,CİLT BAKIM ÜRÜNLERİ > SERUM > ,ESTHEDERM,
INTENSIVE VITAMINE C GEL-CREAM 50 ML,Koyu leke görünümünün azalmasına, cildin pürüzsüz görünmesine ve ışıltısını geri kazanmasına yardımcı olur. Hafif yapılı, jel-krem dokuya sahiptir.,https://static.ticimax.cloud/cdn-cgi/image/width=76,quality=85/53520/uploads/urunresimleri/buyuk/intensive-vitamine-c-gel-cream-50-ml-e0a87-.jpeg,CİLT BAKIM ÜRÜNLERİ > KREM > ,ESTHEDERM,
INTENSIVE VITAMINE C2 SERUM 10 ML,Koyu leke görünümünün azalmasına, cildin daha aydınlık ve ışıltılı görünmesine yardımcı olurken, aynı zamanda kırışıklık görünümünün azalmasını hedefler.,https://static.ticimax.cloud/cdn-cgi/image/width=76,quality=85/53520/uploads/urunresimleri/buyuk/intensive-vitamine-c2-serum-10-ml-fe495-.jpeg,CİLT BAKIM ÜRÜNLERİ > SERUM > ,ESTHEDERM,
INTENSIVE VITAMINE E² SERUM 30 ML,Güçlü bir antioksidan olan Vitamin E saYesinde cildi oksidadif strese karşı korumaya ve hassasiyetinin yatışmaşına yardımcı olur.,https://static.ticimax.cloud/cdn-cgi/image/width=76,quality=85/53520/uploads/urunresimleri/buyuk/intensive-vitamine-e-serum-30-ml-eb4-90.jpeg,CİLT BAKIM ÜRÜNLERİ > SERUM > ,ESTHEDERM,
Intral Active Stabilizing Lotion 100ML,Hassas ciltler dahil tüm ciltler için nemlendirici Cildi derinlemesine nemlendirir. Gözenek görünümünün azalmasına yardımcı olur. Cildi çevresel faktörlere karşı korur. Kızarık ve hassas görünümün azalmasını destekler. Kullanımı: Gece, Gündüz. Temiz cilde uygun serum sonrası uygulayın. Botanik İçerikler: Papatya, Alıç, Şakayık, Mantar Meşesi.,https://static.ticimax.cloud/cdn-cgi/image/width=76,quality=85/53520/uploads/urunresimleri/buyuk/intral-active-stabilizing-lotion-100ml-bd4bdf.jpeg,CİLT BAKIM ÜRÜNLERİ > LOSYON > ,DARPHIN,
Intral Redness Relief Recovery Cream 50ML,Faydaları:,https://static.ticimax.cloud/cdn-cgi/image/width=76,quality=85/53520/uploads/urunresimleri/buyuk/intral-redness-relief-recovery-cream-5-e-4665.jpeg,CİLT BAKIM ÜRÜNLERİ > KREM > ,DARPHIN,
Jasmine Aromatic Care 15ML,Faydaları: Kuru ve Olgun cilt tiplerine uygun aromatik bakım Cildin ışıltısını artırırken, daha genç bir görünüm sağlamaya yardımcı olur. Kullanımı: Gece. İşaret parmağınızı kullanarak; yanaklar, alın ve çeneye 4 damla uygulayın. Avucunuzu ısıttıktan sonra ürünü cildinize uygulayın. Botanik İçerikler: Yasemin, Ylang Ylang, Greyfurt, Portakal, Iris, Gül, Gül Ağacı, Çuha çiçeği, Kuşburnu, Ahududu, Susam, Jojoba, Tatlı badem,https://static.ticimax.cloud/cdn-cgi/image/width=76,quality=85/53520/uploads/urunresimleri/buyuk/jasmine-aromatic-care-15ml-24-8ea.jpeg,CİLT BAKIM ÜRÜNLERİ > BAKIM YAĞI > ,DARPHIN,
LIFT & REPAIR ABSOLUTE SMOOTHING CREAM 50 ML,35-45 yaş aralığına uygun, özellikle yuvarlak formlu yüzlerin yüz ovalinin toplarlanmasına ve sıkılaşmasına destek olur. Kırışıklık ve ince çizgilerin kısa sürede azalmasına yardımcı olur.,https://static.ticimax.cloud/cdn-cgi/image/width=76,quality=85/53520/uploads/urunresimleri/buyuk/lift-repair-absolute-smoothing-cream-5-98aa-3.jpeg,CİLT BAKIM ÜRÜNLERİ > KREM > ,ESTHEDERM,
LIFT & REPAIR ABSOLUTE TIGHTENING SERUM 30 ML,35-45 yaş aralığına uygun, kırışıklık ve ince çizgilerin azalmasına, cildin sıkılaşmasına ve dolgun görünüm kazanmasına yardımcı olur.,https://static.ticimax.cloud/cdn-cgi/image/width=76,quality=85/53520/uploads/urunresimleri/buyuk/lift-repair-absolute-tightening-serum--485d-a.jpeg,CİLT BAKIM ÜRÜNLERİ > SERUM > ,ESTHEDERM,
LIFT & REPAIR INSTANT REPULP MASK 50 ML,35-45 yaş aralığına uygun, daha pürüzsüz, ışıltılı ve genç bir görünüm için cildi anında sıkılaştırmaya ve dolgunlaştırmaya destek olur. Nemlendirici etkiye sahip bu maske, kremsi dokuya sahiptir.,https://static.ticimax.cloud/cdn-cgi/image/width=76,quality=85/53520/uploads/urunresimleri/buyuk/lift-repair-instant-repulp-mask-50-ml-2ee-00.jpeg,CİLT BAKIM ÜRÜNLERİ > MASKE > ,ESTHEDERM,
LIFT YOUTH SERUM 30 ML,Tüm ciltler için uygun olan Lift Youth Serum, daha genç ciltler için hacim ve esneklik sağlar. Yaşlanma karşıtı ve cildi onarma amaçlı 7 ayrı bileşen içerir.,https://static.ticimax.cloud/cdn-cgi/image/width=76,quality=85/53520/uploads/urunresimleri/buyuk/lift-youth-serum-30-ml-a04-c0.jpeg,CİLT BAKIM ÜRÜNLERİ > SERUM > ,COLLAGEN LIFT PARIS,
ME LINE BB CREAM MEDIUM 30 GR,SPF 30 üstü BB kremimiz içindeki çeşitli içerikler sayesinde cildi canlandırmayı ve nemlendirmeyi desteklerken aynı zamanda güneş ışınlarının zararlı etkilerinden cildi korumaya yardımcı olur. Hafif bir makyaj temeli olarak kullanılabilir. Doğal, yenilenmiş ve eşit tonlu bir cilt sağlamaya yardımcı olur.,https://static.ticimax.cloud/cdn-cgi/image/width=76,quality=85/53520/uploads/urunresimleri/buyuk/me-line-bb-cream-medium-30-gr-13f892.jpeg,CİLT BAKIM ÜRÜNLERİ > GÜNEŞ KORUMA > ,ME LINE,
ME LINE ETHNIC SKIN NIGHT 30 ML,Leke önleyici gece kremidir. Güçlü antioksidan içerir. Cilt fototipleri IV - VI için profesyonel kullanıma uygun krem.,https://static.ticimax.cloud/cdn-cgi/image/width=76,quality=85/53520/uploads/urunresimleri/buyuk/me-line-ethnic-skin-night-30-ml-4-3254.jpeg,CİLT BAKIM ÜRÜNLERİ > KREM > ,ME LINE,
MSB Special Treatment Set,Ürün İçeriği ;,https://static.ticimax.cloud/cdn-cgi/image/width=76,quality=85/53520/uploads/urunresimleri/buyuk/msb-special-treatment-set-5f-8e3.jpeg,CİLT BAKIM ÜRÜNLERİ > SET > ,MSB,
PerfecTint Powder SPF 40 Deep (brush with 2 qty 3.5 g e 0.12 oz. powder cartridges) 3,5 GR,PerfectTint Powder SPF 40, ciltte kusursuz bir yüzey oluşturmak için gözeneklerin görünümünü en aza indirirken ve yüzey yağını emerken, cildin yaşlanma belirtilerine karşı korunmasına yardımcı olmak için ipeksi pürüzsüz geniş spektrumlu kapsama alanı sağlayan toz pudradır.,https://static.ticimax.cloud/cdn-cgi/image/width=76,quality=85/53520/uploads/urunresimleri/buyuk/perfectint-powder-spf-40-deep-brush-wi-b6795b.jpeg,CİLT BAKIM ÜRÜNLERİ > GÜNEŞ KORUMA > ,IS CLINICAL,
Phloretin CF Serum 30 ML,Yaşlanma belirtileri, leke görünümü ve cilt tonu eşitsizliği problemleri için, yağlı ve normal ciltler için, %10 Saf C vitamini içeren kırışıklık karşıtı antioksidan serum.,https://static.ticimax.cloud/cdn-cgi/image/width=76,quality=85/53520/uploads/urunresimleri/buyuk/phloretin-cf-serum-30-ml-6c0903.jpeg,CİLT BAKIM ÜRÜNLERİ > SERUM > ,SKINCEUTICALS,
PHOTO REVERSE TINTED LIGHT BEIGE 50 ML,Güneş ışınları ve mavi ışınların altında dahi leke görünümünü azaltmaya ve önlemeye yardımcı olur. Renkli formulü saYesinde renk tonu farklılıklarını gidermeyi ve cilt tonunu aydınlatmayı hedefler.,https://static.ticimax.cloud/cdn-cgi/image/width=76,quality=85/53520/uploads/urunresimleri/buyuk/photo-reverse-tinted-light-beige-50-ml-ed1b0a.jpeg,CİLT BAKIM ÜRÜNLERİ > GÜNEŞ KORUMA > ,ESTHEDERM,
PHOTO REVERSE TINTED MEDIUM BEIGE 50 ML,Güneş ışınları ve mavi ışınların altında dahi leke görünümünü azaltmaya ve önlemeye yardımcı olur. Renkli formulü saYesinde renk tonu farklılıklarını gidermeyi ve cilt tonunu aydınlatmayı hedefler.,https://static.ticimax.cloud/cdn-cgi/image/width=76,quality=85/53520/uploads/urunresimleri/buyuk/photo-reverse-tinted-medium-beige-50-m--6a3fe.jpeg,CİLT BAKIM ÜRÜNLERİ > GÜNEŞ KORUMA > ,ESTHEDERM,
Power Essence Tonic 75 ML,POWER Essence tonik güçlü içerikleri ile cildi sıkılaştırmaya, nemlendirmeye ve canlandırmaya yardımcıdır. Doğal içerikler nemi ve besleyici ajanları taşır ve cildin düzeltmesine olanak sunar. Ürün hızlıca emilir ve sonrasında kullanılacak ürünlerin emilimini artırır. Cildi uzun süre korumaya çalışır. Power Essence Tonic, bir tonikten daha fazlası olarak tüm cilt tiplerinin kullanacağı serum tonik etkisi ile açık gözeneklerin daralmasına yardımcı olur. Lekelenmeyi engellemeye yardımcı içeriği ile tüm ciltlere uygulanabilir.Tek ürünle birçok etki sunar.,https://static.ticimax.cloud/cdn-cgi/image/width=76,quality=85/53520/uploads/urunresimleri/buyuk/power-essence-tonic-75-ml-4133-b.jpeg,CİLT BAKIM ÜRÜNLERİ > TONİK > ,PH FORMULA,
Predermine Anti Wrinkle Cream 50ML,Faydaları:,https://static.ticimax.cloud/cdn-cgi/image/width=76,quality=85/53520/uploads/urunresimleri/buyuk/predermine-anti-wrinkle-cream-50ml-943-dd.jpeg,CİLT BAKIM ÜRÜNLERİ > KREM > ,DARPHIN,
PROTECTIVE SUNSHINE CARE POWDER 15 GR,Hafif bronz bir ışıltı ve renk vererek cilt tonunu eşitleyen %100 mineral filtreli ve yaşlanma karşıtı güneş bakım pudrası,https://static.ticimax.cloud/cdn-cgi/image/width=76,quality=85/53520/uploads/urunresimleri/buyuk/protective-sunshine-care-powder-15-gr-5066f5.jpeg,CİLT BAKIM ÜRÜNLERİ > GÜNEŞ KORUMA > ,ESTHEDERM,
Pure Care Collection Post-Procedure Home Regimen,https://static.ticimax.cloud/cdn-cgi/image/width=76,quality=85/53520/uploads/urunresimleri/buyuk/pure-care-collection-post-procedure-ho-a3f92a.jpeg,CİLT BAKIM ÜRÜNLERİ > KIT PROGRAM > ,
Pure Renewal Collection,Pure Renewal Trial Kit, ciltte oluşan ince çizgilerin ve derin kırışıklıkların görünümünü ele alarak nemlendirme sağlar ve gözle görülür şekilde daha sıkı bir cilt için uzun vadeli hedefleri destekleyen cilt bakım setidir.,https://static.ticimax.cloud/cdn-cgi/image/width=76,quality=85/53520/uploads/urunresimleri/buyuk/pure-renewal-collection-0-444e.jpeg,CİLT BAKIM ÜRÜNLERİ > KIT PROGRAM > ,IS CLINICAL,
Purifying Aromatic Clay Mask 75ML,Faydaları: Yağlı ciltler başta olmak üzere tüm cilt tiplerine uygun maske İçeriğindeki aromatik yağlar ile kremsi yapıdaki maske cildi arındırır, fazla yağı temizleyerek ederek cildin aydınlık ve berrak bir görünüme kavuşmasına yardımcı olur. Kullanımı: Temiz cilde, göz çevresi hariç yüz ve boyun bölgesine ince bir tabaka halince uygulayın. 15 dakika bekledikten sonra ılık su ile iyice durulayın. Botanik İçerikler: Yeşil Kil, Aloe Vera, Selvi Esansiyel Yağı, Limon Esansiyel Yağı,https://static.ticimax.cloud/cdn-cgi/image/width=76,quality=85/53520/uploads/urunresimleri/buyuk/purifying-aromatic-clay-mask-75ml-2484b4.jpeg,CİLT BAKIM ÜRÜNLERİ > MASKE > ,DARPHIN,
Rejuvans Tonic - Yağlı Cilt 150 ML,Marka,https://static.ticimax.cloud/cdn-cgi/image/width=76,quality=85/53520/uploads/urunresimleri/buyuk/rejuvans-tonic-yagli-cilt-150-ml-ea88d3.jpeg,CİLT BAKIM ÜRÜNLERİ > TONİK > ,REJUVANS,
Revitalizing Hydro Mist (RHM) 70 ML,Canlandırıcı Hidro Sprey, cildinizin gün içinde ihtiyaç duyduğu nemi ve tazeliği geri kazandırmaya destek olarak canlılık vermeye yardımcı olur. Genellikle yüze ve dekolte bölgenize uygulandığında rahatlatmaya ve yenilemeye yardımcı bir spreydir.,https://static.ticimax.cloud/cdn-cgi/image/width=76,quality=85/53520/uploads/urunresimleri/buyuk/rhm-revitalizing-hydro-mist-70-ml-1-444d.jpeg,CİLT BAKIM ÜRÜNLERİ > BAKIM SPREYİ > ,GENOSYS,
Soothing Bomb Sea Algae Mask (5 Adet),Nem bombası deniz yosunu maskesi. Deniz yosunu kompleksi ve Centella asiatica özü ile cilde yoğun bir rahatlama sağlar ve cildi nemlendirir. Ürün herhangi bir yapay pigment içermez. Güçlü içerikleri ile cildi sıkılaştırır ve ferahlatır.,https://static.ticimax.cloud/cdn-cgi/image/width=76,quality=85/53520/uploads/urunresimleri/buyuk/sam-bomb-sea-algea-mask-5-ad.-3de8-4.jpeg,CİLT BAKIM ÜRÜNLERİ > MASKE > ,GENOSYS,
Stabilizing Repair Cream 50 ML,Ultra-rahatlatıcı aktifler cilt ile temas ettiğinde hassasiyet ile oluşan belirtilerin görünümünü azaltmaya yardımcı olur, cildi rahatlatır ve zamanla cildin daha dayanıklı olmasına yardımcı olur. Balzam-krem formül, cilt ile temas ettiğinde anında ciltte erir ve ciltteki kızarıklık görünümünü azaltır. Yeniden Diriliş Bitkisi, Tazmanya Biberi Özü ve Meyankökü karışımı ile formüle edilmiş bu ürün, kızarıklık görünümünü ve ciltteki rahatsızlık hissini azaltmaya yardımcı olur. Patentli Seramid-Kompleksi, cilde besleyici lipidleri sağlar, nemi cilde hapseder ve cilt hassasiyeti ile ilgili belirtilerin görünümünü azaltmaya yardımcı olur. Cica, cildin nem miktarını dengelerken, Lactobacillus Fermenti, nemi cilde hapsetmeye yardımcı olur. Hassas ve çabuk tepki veren ciltler için idealdir.,https://static.ticimax.cloud/cdn-cgi/image/width=76,quality=85/53520/uploads/urunresimleri/buyuk/stabilizing-repair-cream-50-ml-8cb-8d.jpeg,CİLT BAKIM ÜRÜNLERİ > KREM > ,DERMALOGICA,
Sun Care - Alpha Day Lotion SPF15+ 100 ML,Leke problemine yönelik özel formüle edilmiş antioksidan vitaminle C ve E vitaminleri ile tirozinazı bloke ederek keratinositlere melanin transferine engel olur. Böylece eşitsiz cilt tonu ve foto hasarlı lekeli ciltlerde etkili bir bakım sağlar.,https://static.ticimax.cloud/cdn-cgi/image/width=76,quality=85/53520/uploads/urunresimleri/buyuk/sun-care-alpha-day-lotion-spf15-100-ml-9a5-ed.jpeg,CİLT BAKIM ÜRÜNLERİ > GÜNEŞ KORUMA > ,ENVIRON,
Sun Care - RAD SPF15+ 100 ML,Leke problemine yönelik özel formüle edilmiş antioksidan vitaminle C ve E vitaminleri ile tirozinazı bloke ederek keratinositlere melanin transferine engel olur. Böylece eşitsiz cilt tonu ve foto hasarlı lekeli ciltlerde etkili bir bakım sağlar.,https://static.ticimax.cloud/cdn-cgi/image/width=76,quality=85/53520/uploads/urunresimleri/buyuk/sun-care-rad-spf15-100-ml-d2-aa3.jpeg,CİLT BAKIM ÜRÜNLERİ > GÜNEŞ KORUMA > ,ENVIRON,
SUN OIL MODERATE SUN 150 ML,Vücudu ve saçları güneş ışınlarının olumsuz etkileri ve erken yaşlanmaya karşı korurken yoğun bir şekilde nemlendirir. Doğal bronzlaşma sürecinin optimize edilmesini hedefleyerek hızlı ve kalıcı bronzlaşmaya destek olur.,https://static.ticimax.cloud/cdn-cgi/image/width=76,quality=85/53520/uploads/urunresimleri/buyuk/sun-oil-moderate-sun-150-ml-e8-490.jpeg,CİLT BAKIM ÜRÜNLERİ > GÜNEŞ KORUMA > ,ESTHEDERM,
Sun Shield Matte Broad Spectrum SPF50,Obagi Sun Shield Matte Broad Spectrum SPF 50 güneş kremi, UVB ve UVA koruması sağlar. Çok yönlü, zarif bir güneş koruma losyonudur. Şeffaf mat görünümü vardır ve çabuk kurur. Tüm cilt tipleri için uygundur.,https://static.ticimax.cloud/cdn-cgi/image/width=76,quality=85/53520/uploads/urunresimleri/buyuk/sun-shield-matte-broad-spectrum-spf50-72-b8a.jpeg,CİLT BAKIM ÜRÜNLERİ > GÜNEŞ KORUMA > ,OBAGI,
Sunscreen + Powder Broad -Spectrum SPF30 (Deep),Triple-Spectrum Protection® ve özel ZO® antioksidan teknolojisiyle güçlendirilmiş bu pudralı güneş kremi, sadece cildinizi güneşin zararlı etkilerden korumakla kalmayıp bir yandan cildinizdeki nem seviyesini korur ve parlaklığı azaltmak için yüzeydeki yağı emer. Pudranın içerdiği renk düzenleyici pigmentler ve ışığı yansıtan mineraller daha aydınlık bir görünüm sağlar,https://static.ticimax.cloud/cdn-cgi/image/width=76,quality=85/53520/uploads/urunresimleri/buyuk/sunscreen-powder-broad-spectrum-spf30--aa-ed4.jpeg,CİLT BAKIM ÜRÜNLERİ > GÜNEŞ KORUMA > ,ZO SKIN HEALTH,
The Face Cream Mask 50 ML,Patentli TFC8® teknolojisi ile güçlendirilmiş, İsviçre Üzümü ve Polisakkarit Kompleksi, C Vitamini, Ginseng ve Nar ekstreleri içeren zengin formülü sayesinde anında nemlendirme sağlayarak, cildin daha sıkı, eşit tonlu ve aydınlık görünmesine yardımcı olur. Ciltteki ince çizgilerin ve kırışıklıkların görünümünü azaltmaya katkıda bulunarak sağlıklı görünümünü destekler. Tüm cilt tipleri için uygundur. Gözenekleri tıkamaz. Ürün açıldıktan sonra 6 ay içinde tüketilmelidir.,https://static.ticimax.cloud/cdn-cgi/image/width=76,quality=85/53520/uploads/urunresimleri/buyuk/the-face-cream-mask-50-ml--3994-.jpeg,https://static.ticimax.cloud/cdn-cgi/image/width=76,quality=85/53520/uploads/urunresimleri/buyuk/the-face-cream-mask-50-ml-add5f-.jpeg,CİLT BAKIM ÜRÜNLERİ > MASKE > ,AUGUSTINUS BADER,
TIME MASTER INTENSIVE PROGRAM 14X3 ML,28 günde 4 yaşlanma karşıtı etki. Yaşlanma karşıtı hücresel bakım: nemlendirir, sıkılaştırır, dolgunluk ve parlaklık artırır. Gençlik iksiri! Valmont’un yaşlanma karşıtı ve kırışıklık karşıtı uzmanlığının en iyi kombinasyonu olan bu tedavi, cildin genç görünümü için hücre aktivitesini uyarır. 5 temel aktif bileşen 4 ana faktörü destekler,https://static.ticimax.cloud/cdn-cgi/image/width=76,quality=85/53520/uploads/urunresimleri/buyuk/time-master-intensive-program-14x3-ml-e508cd.jpeg,CİLT BAKIM ÜRÜNLERİ > KIT PROGRAM > ,VALMONT,
VITA B3 Cream 50 ML,VİTA B3 Cream, Cilt yapılandırmaya karşı en güçlü etken maddelerden olan niasinamid, cildin güçlenmesini sağlar. Cilde kadifemsi bir his verir. Renk değişimlerini önlemeye yardımcı olur ve cildi canlandırır. Sağlıklı görünmeyi sağlar. Cildin esnekliğini artırmaya yardımcı olur. Cildin bariyer işlevini dramatik bir şekilde artırır. Suyu ciltte tutarken uzun süreli nemi korur. Cildi kötü çevresel etkilere karşı korur. Cildi daha yumuşak, daha rahat ve esnek hale getirir.,https://static.ticimax.cloud/cdn-cgi/image/width=76,quality=85/53520/uploads/urunresimleri/buyuk/vita-b3-cream-50-ml-4bd24-.jpeg,CİLT BAKIM ÜRÜNLERİ > KREM > ,PH FORMULA,
Wrinkle Filler Day Cream 50ml,Kırışıklıkları azaltır. Nemlendirme sağlar. Cildin sıkılığını geri kazandırır. Cildin en üst katmanına anında nüfuz eder ve tüm katmanların doğru şekilde nefes almasını sağlar. Krem, cildi etkili bir biçimde besler, nemlendirir ve çevrenin zararlı etkilerine karşı korur. Ciltteki kırışıklıkları nemlendiren ve dolduran koruyucu bir tabaka oluşturur böylece en derin olanların bile görünümünü azaltır. İlk uygulamadan sonra cilt ipek gibi pürüzsüz ve yumuşak hale gelir.,https://static.ticimax.cloud/cdn-cgi/image/width=76,quality=85/53520/uploads/urunresimleri/buyuk/wrinkle-filler-day-cream-50ml-917ca4.jpeg,CİLT BAKIM ÜRÜNLERİ > KREM > ,DERMICLAB,
Youth Intensive Crème 100 GR,Youth Intensive Crème, güçlü nemlendirme sağladığı için ince çizgilerin ve kırışıklıkların görünümünü azaltmaya, güçlü antioksidan koruma sağlamaya yardımcı olan, olağanüstü derecede zengin ve lüks, yaşa meydan okuyan bir formüldür.,https://static.ticimax.cloud/cdn-cgi/image/width=76,quality=85/53520/uploads/urunresimleri/buyuk/youth-intensive-cr-me-100-gr-6d98ea.jpeg,CİLT BAKIM ÜRÜNLERİ > KREM > ,IS CLINICAL,
ACTIVE REPAIR EYE CONTOUR CARE 15 ML,30-35 yaş aralığına uygun, göz çevresini yapılandırmaya, yenilemeye ve güçlendirmeye yardımcı olur. Göz altı torbası ve koyu renk halka görünümünü azaltmayı hedefler. Hızlıca emilir.,https://static.ticimax.cloud/cdn-cgi/image/width=76,quality=85/53520/uploads/urunresimleri/buyuk/active-repair-eye-contour-care-15-ml-e-ce4d.jpeg,GÖZ BAKIM ÜRÜNLERİ > KREM > ,ESTHEDERM,TL2.069,00
Age Advanced Eye 15 ML,İçeriğindeki özgün bileşenlerle göz çevresindeki yaşlanma izlerinin azalmasını sağlar. Koyu halkaların ve damarların görünümünü azaltmak için cilde derinlemesine nüfuz eder. Şişkinlikleri ve glikasyonu azaltmaya yardımcı olan göz bakım kompleksidir.,https://static.ticimax.cloud/cdn-cgi/image/width=76,quality=85/53520/uploads/urunresimleri/buyuk/age-advanced-eye-15-ml-8faa37.jpg,GÖZ BAKIM ÜRÜNLERİ > KREM > ,SKINCEUTICALS,TL5.300,00
Age Reversal Eye Complex 15 ML,Gelişmiş mikrokapsüllenmiş Retinol göz bölgesinde yaşlanma ile birlikte oluşan belirtileri azaltmaya yardımcı olur. Mikrokapsülasyon teknolojisi Retinolün ciltteki emilimini arttırmaya ve ince çizgilerin görünümünü azaltmaya yardımcıdır. Mikrokapsüllenmiş Niyasinamid ve Dişbudak Ağacı Kabuğu Özü cildi nemlendirir ve göz çevresindeki koyu renk halkaların belirginliğini azaltmaya yardımcı olur. İçeriğindeki C Vitamini, peptidler ve bitkisel özler ile birlikte sinerjik olarak çalışan Age Reversal Firming Complex cilde pürüzsüz bir yumuşaklık sağlar.,https://static.ticimax.cloud/cdn-cgi/image/width=76,quality=85/53520/uploads/urunresimleri/buyuk/age-reversal-eye-complex-15-ml-c-b34d.jpeg,GÖZ BAKIM ÜRÜNLERİ > KREM > ,DERMALOGICA,TL4.020,00
Algae Eye Patches - 5x1 Paar 3,3 ml,Yüksek kaliteli alg yünü ile birlikte en yeni aktif bileşenlere dayalı kolajen göz maskeleri.,https://static.ticimax.cloud/cdn-cgi/image/width=76,quality=85/53520/uploads/urunresimleri/buyuk/algae-eye-patches-5x1-paar-33-ml-6cf238.jpeg,GÖZ BAKIM ÜRÜNLERİ > MASKE > ,MSB,TL7.017,00
Alpha-Trophox112 Eye Cream - 30 ml,MSB ® Cosmeceuticals tarafından geliştirilen ALPHA AC3 Onarım Kompleksini temel alan, benzersiz bir kaldırma ve güçlendirme etkisi sağlayan aktif bileşenler içeren, yüksek konsantrasyonlu yaşlanma karşıtı bakım .,https://static.ticimax.cloud/cdn-cgi/image/width=76,quality=85/53520/uploads/urunresimleri/buyuk/alpha-trophox112-eye-cream-30-ml-269629.jpeg,GÖZ BAKIM ÜRÜNLERİ > KREM > ,MSB,TL10.791,00
Alpha-Trophox112 Eye Serum - 30 ml,MSB ® Cosmeseuticals tarafından geliştirilen ALPHA AC3 Onarım Kompleksi ile formüle edilmiş, göz çevresindeki hassas ciltler için yüksek konsantrasyonlu, kapsamlı etkili yaşlanma karşıtı sıkılaştırıcı serum .,https://static.ticimax.cloud/cdn-cgi/image/width=76,quality=85/53520/uploads/urunresimleri/buyuk/alpha-trophox112-eye-serum-30-ml-4b6-85.jpeg,GÖZ BAKIM ÜRÜNLERİ > SERUM > ,MSB,TL14.704,00
Anti-Wrinkle & Firm Moisturizing Eye Cream 15 ML,Klinik çalışmalarla desteklenen, Pre-Retinol Kompleks içeren %98 doğal formülü ile göz çevresindeki kırışıklıkların görünümünü azaltmaya, nemlendirmeye ve daha sıkı bir görünüme kavuşturmaya yardımcı olur. Hafif formülü tüm cilt tiplerine uygundur.,https://static.ticimax.cloud/cdn-cgi/image/width=76,quality=85/53520/uploads/urunresimleri/buyuk/anti-wrinkle-firm-moisturizing-eye-cre-f89e7d.jpeg,GÖZ BAKIM ÜRÜNLERİ > KREM > ,LUMENE,TL1.360,00
Aox Eye Gel 15 ML,AOX+ Eye Gel; narin göz çevresi bölgesini oksidatif stresin etkilerine karşı korumak için phloretin ve ferulik asit ile zenginleştirilmiştir. Yaşlanma belirtilerinin görünümüne karşı tüm cilt tiplerine uygun göz çevresi antioksidan jel.,https://static.ticimax.cloud/cdn-cgi/image/width=76,quality=85/53520/uploads/urunresimleri/buyuk/aox-eye-gel-15-ml-867-ec.jpeg,GÖZ BAKIM ÜRÜNLERİ > SERUM > ,SKINCEUTICALS,TL4.600,00
Awake & Lift Eye Patches - 6x3 ml,Yüksek kaliteli kolajen yapağı ile birlikte en son aktif bileşenlere dayanan yenilikçi Awake & Lift Eye Patches, yorgunluk belirtilerini ve tüm yaşlanma belirtilerini hızlı ve verimli bir şekilde telafi eder.,https://static.ticimax.cloud/cdn-cgi/image/width=76,quality=85/53520/uploads/urunresimleri/buyuk/awake-lift-eye-patches-6x3-ml-71-d18.jpeg,GÖZ BAKIM ÜRÜNLERİ > MASKE > ,MBR,TL8.202,00
Awaken Peptide Eye Gel 15 ML,Kafein içeren bu cildi sıkılaştırıcı ve nemlendirici göz jeli, göz bölgesindeki yorgunluktan kaynaklanan şişkin görünümü ve ince çizgileri en aza indiren Tetrapeptidler ve Biberiye Yaprak Özünün oldukça aktif bir karışımını kullanır. Biyomühendislik ile elde edilen Süksinik Asit karışımı daha parlak bir cilt görünümünü destekler. Voandzeia Tohum Özü cildin daha pürüzsüz ve daha parlak görünmesini sağlar.,https://static.ticimax.cloud/cdn-cgi/image/width=76,quality=85/53520/uploads/urunresimleri/buyuk/awaken-peptide-eye-gel-15-ml-c-8ea4.jpeg,GÖZ BAKIM ÜRÜNLERİ > JEL > ,DERMALOGICA,TL2.880,00
BioLumin-C Eye Serum 15 ML,C vitaminli göz serumu günlük göz hareketleri ve çevresel stres ile oluşan zamansız yaşlanma izlerini azaltmaya yardımcı olur. İnce yapılı serum yüksek biyo-yararlanımlı Vitamin C Kompleksi ile göz çevresini aydınlatmaya ve sıkılaştırmaya yardımcıdır.,https://static.ticimax.cloud/cdn-cgi/image/width=76,quality=85/53520/uploads/urunresimleri/buyuk/biolumin-c-eye-serum-15-ml-89a-36.jpeg,GÖZ BAKIM ÜRÜNLERİ > SERUM > ,DERMALOGICA,TL3.780,00
Bright Eyes All-in-One Eye Treatment 15 ML,C Vitamini ve Lumene’ye özel Nordic C Complex ile göz çevresine antioksidan desteği sağlarken, ince çizgilere karşı etki sağlamaya, Hyaluronik Asit ile nemlendirmeye ve Işık Yansıtıcı Beautifeye™ teknoloji sayesinde göz çevresini aydınlatmaya yardımcı olur. Parfüm içermeyen %84 doğal formülü ile her yaştan tüm cilt tiplerinin göz çevresinde kullanımına uygundur.,https://static.ticimax.cloud/cdn-cgi/image/width=76,quality=85/53520/uploads/urunresimleri/buyuk/bright-eyes-all-in-one-eye-treatment-1-69ca6d.jpeg,GÖZ BAKIM ÜRÜNLERİ > KREM > ,LUMENE,TL1.160,00
C Eye Serum Advance+ 15 ML,C Eye Serum Advance+, ince çizgilerin, kırışıklıkların, göz altı torbalarının ve koyu halkaların görünümünü azaltmaya yardımcı olmak üzere formüle edilmiş güçlü ve nazik serumdur.,https://static.ticimax.cloud/cdn-cgi/image/width=76,quality=85/53520/uploads/urunresimleri/buyuk/c-eye-serum-advance-15-ml-15c3fb.jpeg,GÖZ BAKIM ÜRÜNLERİ > SERUM > ,IS CLINICAL,TL2.876,00
Cellulvive Eye Contour Cream 15 ML,Göz çevresi, deri kalınlığı ve yapısı bakımından cildimizin geri kalanından farklıdır. Göz çevresinde deri altını besleyen yapılar daha ince olduğundan, bu bölgede oluşan istenmeyen durumlar, nemsizlik ve yaşlanma belirtileri daha hızlı ortaya çıkar ve her yaşta sorun teşkil eder. Bu yüzden bu bölge ilk gençlik yıllarından itibaren özenle korunmalı, beslenmeli ve nemlendirilmelidir.,https://static.ticimax.cloud/cdn-cgi/image/width=76,quality=85/53520/uploads/urunresimleri/buyuk/cellulvive-eye-contour-cream-15-ml-5212bc.jpeg,GÖZ BAKIM ÜRÜNLERİ > KREM > ,NATURE MIND,
Collagen eye Patches - 5x1 Paar 3,3 ml,Cilt ihtiyacı duyan kişiler için çoklu etkilere sahip, modern aktif içeriklere sahip yenileyici kollajen göz maskeleri.,https://static.ticimax.cloud/cdn-cgi/image/width=76,quality=85/53520/uploads/urunresimleri/buyuk/collagen-eye-patches-5x1-paar-33-ml-02a776.jpeg,GÖZ BAKIM ÜRÜNLERİ > MASKE > ,MSB,TL7.017,00
ContinueLine Protection Shield Eye - 30 ml,Şişiklik giderici, sıkılaştırıcı ve biçimlendirici etkiye sahip nazik, yumuşak göz kremi.,https://static.ticimax.cloud/cdn-cgi/image/width=76,quality=85/53520/uploads/urunresimleri/buyuk/continueline-protection-shield-eye-30--04-912.jpeg,GÖZ BAKIM ÜRÜNLERİ > KREM > ,MBR,TL9.208,00
Correct - Comprehensive Retinol Eye Cream (Reformulation Q3 2021) 15 ML,Kapsamlı Retinol Göz Kremi, daha parlak, daha sıkı ve pürüzsüz bir göz altı görünümü için cildinizin yenilenmesini teşvik etmeye yardımcı olmak için aradığınız bileşen kombinasyonuna sahiptir. Ayrıca, hafif ve kolayca emilir, "topaklanma yapmaz", bu sayede makyajınız taze kalır.,https://static.ticimax.cloud/cdn-cgi/image/width=76,quality=85/53520/uploads/urunresimleri/buyuk/correct-comprehensive-retinol-eye-crea-21588-.jpeg,GÖZ BAKIM ÜRÜNLERİ > KREM > ,NEOSTRATA,TL4.550,00
CREME CONTOUR DES YEUX BIOSENSIBLE 15 ml,Crème Contour des Yeux Biosensible, en hassas yüzlerde bile kullanılmak üzere formüle edilmiş, yatıştırıcı ve koruyucu aktif bileşenlerle dolu eksiksiz bir göz bakımı tedavisidir. Göz çevresindeki hiper hassas bölgeye uygulamanın güvenli olduğu oftalmolojik ve dermatolojik olarak kanıtlanmıştır, cilt kuruluğunu anında giderirken aynı zamanda koyu halkaların görünümünü de azaltır.,https://static.ticimax.cloud/cdn-cgi/image/width=76,quality=85/53520/uploads/urunresimleri/buyuk/creme-contour-des-yeux-biosensible-15--b42-22.jpeg,GÖZ BAKIM ÜRÜNLERİ > KREM > ,BIOLOGIQUE R.,
CREME CONTOUR DES YEUX VIP O2 15 ml,VIP O 2 Crème Contour des Yeux, cildinizde bulunan kirletici maddeleri etkisiz hale getirerek epidermal hücrelere ulaşmasını engeller.Göz çevresindeki cilt rengini derinleştiren pigmentlerin yok edilmesini tetikleyen koyu halkaları hedef alan aktif bileşenler içerir. Koyu halkaların görünümü azalır ve gözler daha dinlenmiş ve parlak görünür.,https://static.ticimax.cloud/cdn-cgi/image/width=76,quality=85/53520/uploads/urunresimleri/buyuk/creme-contour-des-yeux-vip-o2-15-ml-38d-50.jpeg,GÖZ BAKIM ÜRÜNLERİ > KREM > ,BIOLOGIQUE R.,
CREME CONTOUR YEUX ET LEVRES BIOFIXINE 15 ml,Crème Contour Yeux et Lèvres Biofixine, halihazırda ortaya çıkan kırışıklıkları ve ince çizgileri doldurarak yaşlanma belirtilerini gerçek anlamda ortadan kaldıran bir cilt bakım ürünüdür. Formülü, cildi çevresel hasarlardan korumaya ve böylece kutanöz yaşlanmaya karşı savaşmaya yardımcı olan antioksidan aktif maddeler bakımından zengindir. Daha belirgin dudaklar için göz çevresindeki kırışıklıklar kalkmış ve ağız çevresindeki kırışıklıklar dolgunlaşmıştır.,https://static.ticimax.cloud/cdn-cgi/image/width=76,quality=85/53520/uploads/urunresimleri/buyuk/creme-contour-yeux-et-levres-biofixine-5-425e.jpeg,GÖZ BAKIM ÜRÜNLERİ > KREM > ,BIOLOGIQUE R.,
CytoLine Eyecare Cream 100 - 15 ml,Hassas göz bölgesindeki cilt fonksiyonlarının performansını aktif olarak artıran kadifemsi yumuşak, zengin bir göz bakımı.,https://static.ticimax.cloud/cdn-cgi/image/width=76,quality=85/53520/uploads/urunresimleri/buyuk/cytoline-eyecare-cream-100-15-ml-d30-18.jpeg,GÖZ BAKIM ÜRÜNLERİ > KREM > ,MBR,TL7.165,00
CytoLine Eyecare Cream 100 - 30 ml,Hassas göz bölgesindeki cilt fonksiyonlarının performansını aktif olarak artıran kadifemsi yumuşak, zengin bir göz bakımı.,https://static.ticimax.cloud/cdn-cgi/image/width=76,quality=85/53520/uploads/urunresimleri/buyuk/cytoline-eyecare-cream-100-30-ml--63db8.jpeg,GÖZ BAKIM ÜRÜNLERİ > KREM > ,MBR,TL12.084,00
CytoLine Eyecare Firming Concentrate - 15 ml,Kolajen ve elastin yapısını gözle görülür bir sıkılaştırma etkisi ile yeniden canlandırmak için etkili özel bakım.,https://static.ticimax.cloud/cdn-cgi/image/width=76,quality=85/53520/uploads/urunresimleri/buyuk/cytoline-eyecare-firming-concentrate-1-87-4f2.jpeg,GÖZ BAKIM ÜRÜNLERİ > SERUM > ,MBR,TL4.748,00
DETO2X EYE 12 ML,DETO2X EYE, oksijen yüklü benzersiz krem şanti dokusuyla, koyu halkalardan muzdarip, yorgun görünen gözlere canlılık kazandırır.,https://static.ticimax.cloud/cdn-cgi/image/width=76,quality=85/53520/uploads/urunresimleri/buyuk/deto2x-eye-12-ml-ef82b4.jpeg,GÖZ BAKIM ÜRÜNLERİ > KREM > ,VALMONT,TL6.100,00
Double-Ended Volume Set 11 ML,Ödüllü RevitaLash® Cosmetics Hacim Verici Kirpik Bazı ve Maskara, göz kamaştırıcı, zengin pigmentli, gösterişli kirpikler ortaya çıkararak, kirpikleri hazırlamak ve hacim kazandırmak amacıyla tasarlanmış olan 2'si 1 arada kirpik bazı ve maskara.,https://static.ticimax.cloud/cdn-cgi/image/width=76,quality=85/53520/uploads/urunresimleri/buyuk/double-ended-volume-set-11-ml-30ca2-.jpeg,GÖZ BAKIM ÜRÜNLERİ > MASKARA > ,REVITALASH,TL1.000,00
Elastiderm Eye Cream 15 GR,Normalden kuruya dönük göz çevresi için tasarlanan bu krem içeriğinde bi-mineral kompleks,çinko ve bakır içerir, böylece cildin elastin ve kolajen yapılanmasına yardımcı olur. Yaban mersini özütü ile cilde antioksidan desteği de yapar.,https://static.ticimax.cloud/cdn-cgi/image/width=76,quality=85/53520/uploads/urunresimleri/buyuk/elastiderm-eye-cream-15-gr-a625c5.jpeg,GÖZ BAKIM ÜRÜNLERİ > KREM > ,OBAGI,TL5.870,00
Elastiderm Eye Serum 14 ML,Göz çevresini daha pürüzsüz ve sıkı hale getirmek amaç ile üretilmiştir. İçeriğindeki bileşenler ile yatıştırıcı etki yarayır, gözaltı torbalarının görünümünü azaltmaya yardımcı olur.,https://static.ticimax.cloud/cdn-cgi/image/width=76,quality=85/53520/uploads/urunresimleri/buyuk/elastiderm-eye-serum-14-ml-0b-bf9.jpeg,GÖZ BAKIM ÜRÜNLERİ > SERUM > ,OBAGI,TL5.870,00
ELIXIR DES GLACIERS SERUM MAJESTUEUX VOS YEUX 15 ML,Üst göz kapağını kaldırmaya yardımcı olur, nemlendirir ve konturları belirler. Göz kapaklarını uyaran için bal özlü konsantre. Ceylan gözü etkisi! İnanılmaz saten dokusu ile bu serum, tüm göz çevresinde kullanıldığında yeni bir genç görünüm sunar. Düşen göz kapaklarının kaldırılmasına destek olur. Özel kompleksi, nemlendirmek, canlandırmak için hücresel kozmetikleri, arı kovanlarında bulunan bileşenleri ve kontur hedefleyen bileşenleri bir araya getirir. Tüm cilt tipleri için uygundur.,https://static.ticimax.cloud/cdn-cgi/image/width=76,quality=85/53520/uploads/urunresimleri/buyuk/elixir-des-glaciers-serum-majestueux-v-9d-4dd.jpeg,GÖZ BAKIM ÜRÜNLERİ > SERUM > ,VALMONT,TL11.800,00
ELIXIR DES GLACIERS VOS YEUX 15 ML,https://static.ticimax.cloud/cdn-cgi/image/width=76,quality=85/53520/uploads/urunresimleri/buyuk/elixir-des-glaciers-vos-yeux-15-ml-8-9131.jpeg,GÖZ BAKIM ÜRÜNLERİ > KREM > ,TL11.000,00
ENERGIZING EYE ZONE CREAM 30 ML,Bu üstün göz kremi, hassas göz çevresi alanına etkili bir şekilde bakım yapar. Aktif özellikleri, ince çizgileri ve kırışıklıkları düzelterek cildin elastikiyetini geliştirerek besler, yeniler ve sıkılaştırır.,https://static.ticimax.cloud/cdn-cgi/image/width=76,quality=85/53520/uploads/urunresimleri/buyuk/energizing-eye-zone-cream-30-ml-b7-072.jpeg,GÖZ BAKIM ÜRÜNLERİ > KREM > ,MARGY'S,TL6.900,00
Enlighten - Bionic Eye Cream Plus/Brighteing Eye Cream 15 ML,Göz çevresindeki ince çizgi, kırışıklık görünümünü azaltır ve göz altı morluklarının giderilmesine yardımcı olur. Güçlü anti-aging etkisi yaratan Glukonolakton (PHA) ve Laktobionik Asit (PHA). İçeriğindeki A, C ve E vitaminleri ise ekstre antioksidan özellik sağlar.,https://static.ticimax.cloud/cdn-cgi/image/width=76,quality=85/53520/uploads/urunresimleri/buyuk/enlighten-bionic-eye-cream-plusbrighte-4332-4.jpeg,GÖZ BAKIM ÜRÜNLERİ > KREM > ,NEOSTRATA,TL4.690,00
Essential - High Perfection Eye Cream 15 ML,Göz altındaki ince çizgileri ve koyuluklarla savaşan bir göz bakım kremidir. Kadife bir yapısıya sahip olan bu krem hassas göz çevresini çevresel etkilere, elastikiyet kaybına karşı korur, bir yandan da nemlendirir.,https://static.ticimax.cloud/cdn-cgi/image/width=76,quality=85/53520/uploads/urunresimleri/buyuk/essential-high-perfection-eye-cream-15-81674d.jpeg,GÖZ BAKIM ÜRÜNLERİ > KREM > ,SCHRAMMEK,TL2.365,00
EXCELLAGE EYE CARE 15 ML,45 ve üzeri yaş aralığına uygun, göz çevresinin sıkılaşmasına, belirginleşmesine ve rahatlamasına destek olur. Omega 3, 6 ve 9 açısından zengin olan ve Jeju adalarında yılda 1 kere toplanan değerli kamelya yağı ile derinlemesine beslenme sağlar. İpeksi krem dokusu saYesinde pudramsı bir his verir.,https://static.ticimax.cloud/cdn-cgi/image/width=76,quality=85/53520/uploads/urunresimleri/buyuk/excellage-eye-care-15-ml-cfbae4.jpeg,GÖZ BAKIM ÜRÜNLERİ > KREM > ,ESTHEDERM,TL3.309,00
Exquisage Revealing Eye and Lip Contour Cream 15ML,Faydaları: Tüm cilt tiplerine uygun göz kremi Olgunlaşma belirtileri ile savaşır. Göz çevresinin elastikiyetini gözle görülür ölçüde artırmaya, daha dolgun, sıkı, aydınlık bir görünüme, çizgi ve kırışıklık görünümünün azalmasına yardımcı olur. Göz altındaki farklı ton görünümünün azalmasına yardımcı olur. Cildin kolajen kaybı etkilerinin azalmasına katkı sağlar. Kullanımı: Gece & Gündüz. Exquisage Beauty Revealing kremden önce uygulayın Botanik İçerikler: Laminaria Digitata,Mukurossi Meyve Özü,Caesalpinia Spinosa Özü,Altın Papatya,https://static.ticimax.cloud/cdn-cgi/image/width=76,quality=85/53520/uploads/urunresimleri/buyuk/exquisage-revealing-eye-and-lip-contou-13-6b2.jpeg,GÖZ BAKIM ÜRÜNLERİ > KREM > ,DARPHIN,TL3.045,00
Eye and Lip Make-Up Remover 150 ML,Göz ve Dudak Makyaj Temizleyicisi Yumuşatıcı, temizleyici, nemlendirici ve uyarıcı maddelerin karışımı sayesinde, bu losyon göz ve dudak çevresindeki hassas bölgeler için olağanüstü bir makyaj temizleyicidir. Suya dayanıklı göz makyajını da temizler.,https://static.ticimax.cloud/cdn-cgi/image/width=76,quality=85/53520/uploads/urunresimleri/buyuk/eye-and-lip-make-up-remover-150-ml-7-4a25.jpeg,GÖZ BAKIM ÜRÜNLERİ > TEMİZLEME > ,BELLEFONTAINE S.,
Eye Balm 14 GR,Yüksek etkinlikteki, hassas olan bitkisel kimyasalların sinerjik birleşimi olan bu düzeltici bakım kremi özellikle üç ana yaşlanma belirtisi için formüle edilmiştir. Eye balm gözaltı şişkinliklerini azaltır, kırışıklık görünümünün azalmasına yardımcı olur. Göz çevresindeki hassas derinin görünümünü iyileştirir, tahrişi yatıştırır ve cilde nem kazandırır.,https://static.ticimax.cloud/cdn-cgi/image/width=76,quality=85/53520/uploads/urunresimleri/buyuk/eye-balm-14-gr-ea04da.jpeg,GÖZ BAKIM ÜRÜNLERİ > KREM > ,SKINCEUTICALS,TL3.950,00
EYE Balm Cleanse 10ML,Bu güçlü makyaj temizleyici balsam, ciltte beslenmiş bir his bırakırken aynı zamanda makyajı çıkarmak için lüks bir yağa dönüşür. E vitamini ve Murumuru yağı ile formüle edilmiştir. Nazik ve besleyici yapıya sahip olurken inatçı makyajı çıkaracak kadar güçlüdür.,https://static.ticimax.cloud/cdn-cgi/image/width=76,quality=85/53520/uploads/urunresimleri/buyuk/eye-balm-cleanse-10ml-4293-b.jpeg,GÖZ BAKIM ÜRÜNLERİ > TEMİZLEME > ,PH FORMULA,
Eye Brightening Crème 15 GR,Retinol ve ZPRO™ bileşenleri ile mükemmel bir yaşlanma karşıtı kremdir. Gözaltlarınızı aydınlatır, ince çizgi ve kırışıklıkları önler.,https://static.ticimax.cloud/cdn-cgi/image/width=76,quality=85/53520/uploads/urunresimleri/buyuk/eye-brightening-cr-me-15-gr-95a-e3.jpeg,GÖZ BAKIM ÜRÜNLERİ > KREM > ,ZO SKIN HEALTH,TL7.200,00
Eye Complex 15 GR,Eye Complex, güçlü ama nazik botanik formülü, hafif peeling bileşenleri ve cilt parlatıcıları birleştirerek göz altı şişkinlik görünümünü hızla azaltırken nemlendirir ve güçlü antioksidan koruma sağlar.,https://static.ticimax.cloud/cdn-cgi/image/width=76,quality=85/53520/uploads/urunresimleri/buyuk/eye-complex-15-gr-8a1b5-.jpeg,GÖZ BAKIM ÜRÜNLERİ > SERUM > ,IS CLINICAL,TL3.815,00
EYE CONTOUR LIFT COLLAGEN MASK (1x5 Ad.),Bu maske hassas göz çevresi bölgesinde cilt yaşlanmasını, dehidrasyonu, elastikiyet kaybını ve esnekliği önlemeye yardımcı olur. İnce çizgiler ve kırışıklıklar yumuşatılır ve göz altındaki koyu halkalar azalır.,https://static.ticimax.cloud/cdn-cgi/image/width=76,quality=85/53520/uploads/urunresimleri/buyuk/eye-contour-lift-collagen-mask-1x5-ad.-7-4d1e.jpeg,GÖZ BAKIM ÜRÜNLERİ > MASKE > ,MARGY'S,TL6.250,00
Eye Contour Lift Serum,Bu kırışıklık karşıtı göz bakımı, hassas göz bölgesini nemlendirir ve aktif bileşenleri sayesinde göz çevresinin genç görünmesini sağlar. Cildin yaşlanma belirtilerini aktif olarak önler ve görünümünü yumuşatır. İnce çizgileri ve kırışıklıkları gözle görünür şekilde azaltır.,https://static.ticimax.cloud/cdn-cgi/image/width=76,quality=85/53520/uploads/urunresimleri/buyuk/eye-contour-lift-serum-90883-.jpeg,GÖZ BAKIM ÜRÜNLERİ > SERUM > ,BELLEFONTAINE S.,
Eye Contour Perfection Cream 15 ML,Edelweiss ve Argan kök hücrelerinde yoğunlaşan, eşsiz bir göz kremi. Göz çevresindeki kırışıklıkları, şişkinlikleri ve koyu halkaların görünümü gözle görülür şekilde azaltır. Daha parlak, genç ve aydın bakışlar.,https://static.ticimax.cloud/cdn-cgi/image/width=76,quality=85/53520/uploads/urunresimleri/buyuk/eye-contour-perfection-cream-15-ml--42a6-.jpeg,GÖZ BAKIM ÜRÜNLERİ > KREM > ,BELLEFONTAINE S.,
Eye Cream 21 - 30 ml,Işıltılı gözler için göz çevresine canlılık kazandıran zengin ve yoğun bakım kremi. Özellikler; Göz çevresini yumuşatır ve esneklik sağlar. Göz çevresindeki halkaları ve morlukları azaltır. Cildin nem dengesini düzenler. Kılcal kan dolaşımını iyileştirir. Uygulama; Gündüz ve akşam, cildi temizledikten sonra göz çevresine parmak uçlarınızla hafifçe vurarak uygulayın.,https://static.ticimax.cloud/cdn-cgi/image/width=76,quality=85/53520/uploads/urunresimleri/buyuk/eye-cream-21-30-ml-5bfc18.jpeg,GÖZ BAKIM ÜRÜNLERİ > ,21 TRANSDERMAL,TL6.049,00
Eye Injection - 15 ml,Aktif bileşenlerin dekonjestan, sıkılaştırıcı ve gerginleştirici kombinasyonu ile göz çevresi için yüksek konsantrasyonlu, yağsız Power-Gel.,https://static.ticimax.cloud/cdn-cgi/image/width=76,quality=85/53520/uploads/urunresimleri/buyuk/eye-injection-15-ml-4173-b.jpeg,GÖZ BAKIM ÜRÜNLERİ > JEL > ,MBR,TL6.414,00
EYE INSTANT STRESS RELIEVING MASK 5'Lİ,Göz altındaki ince çizgileri ve şişkinliği azaltır. Sadece 15 dakika içinde yaşlanma belirtileri azalır ve gözler rahatlatır - filtreye gerek yoktur! Bu patch maske, görünümü yenileyen 4 temel eylemle anında rahatlama sağlar: göz çevresini yumuşatmak, nemlendirmek, canlandırmak ve mikrosirkülasyonu artırmak. İdeal bir mineral dengesi ve sıkılaştırıcı etki sağlar. Kırışıklıklar azalır.,https://static.ticimax.cloud/cdn-cgi/image/width=76,quality=85/53520/uploads/urunresimleri/buyuk/eye-instant-stress-relieving-mask-5li-86347d.jpeg,GÖZ BAKIM ÜRÜNLERİ > MASKE > ,VALMONT,TL5.400,00
EYE INSTANT STRESS RELIEVING MASK SINGLE,Göz altındaki ince çizgileri ve şişkinliği azaltır. Sadece 15 dakika içinde yaşlanma belirtileri azalır ve gözler rahatlatır - filtreye gerek yoktur! Bu patch maske, görünümü yenileyen 4 temel eylemle anında rahatlama sağlar: göz çevresini yumuşatmak, nemlendirmek, canlandırmak ve mikrosirkülasyonu artırmak. İdeal bir mineral dengesi ve sıkılaştırıcı etki sağlar. Kırışıklıklar azalır.,https://static.ticimax.cloud/cdn-cgi/image/width=76,quality=85/53520/uploads/urunresimleri/buyuk/eye-instant-stress-relieving-mask-sing--4337-.jpeg,GÖZ BAKIM ÜRÜNLERİ > MASKE > ,TL1.500,00
Eye Lift Serum 13,5 ML,Yaşlanmanın etkileriyle mücadele eden Lapacho kabuğu ekstraktı, Ektoin ve Hyalüronik asit bileşenlerinin bir arada yarattığı sinerjiyle cildi sıkılaştıran, gerginleştiren, nemlendiren, kırışıkları önleyen ve ciltte yarattığı gözle görülür etkilerin önüne geçen bir göz serumu. Özel tasarım ürünü metal roller topu uygulama başlığı göz bölgesini canlandırır ve tazeler.,https://static.ticimax.cloud/cdn-cgi/image/width=76,quality=85/53520/uploads/urunresimleri/buyuk/eye-lift-serum-135-ml-4310-a.jpeg,GÖZ BAKIM ÜRÜNLERİ > SERUM > ,PH FORMULA,
EYE MATRIX 15 ML,L-Glutamin ve Genistein sayesinde cilt matriksini yeniden yapılandırarak tüm yaşlanma belirtileri üzerinde etkili olan eşsiz bir formül. Göz çevresinde yer alan koyu halkaları azaltır ve damar geçirgenliğini azaltarak, damarlı görünüm ve torbalanmanın azalmasını sağlar. Niosome Trokserutin göz çevresini pürüzsüzleştirir ve göz çevresinde mikro sirkülasyonu hızlandırır. Hyaluronik Asitle birlikte koyu halkaları azaltır.,https://static.ticimax.cloud/cdn-cgi/image/width=76,quality=85/53520/uploads/urunresimleri/buyuk/eye-matrix-15ml-877bd7.jpeg,GÖZ BAKIM ÜRÜNLERİ > KREM > ,ALPHASCIENCE,TL1.400,00
EYE Recovery 20 ML,Peptitli sıkılaştırıcı göz kremi, nemsiz göz çevresini toparlamaya yardımcı olur.,https://static.ticimax.cloud/cdn-cgi/image/width=76,quality=85/53520/uploads/urunresimleri/buyuk/eye-recovery-20-ml-cfebfb.jpeg,GÖZ BAKIM ÜRÜNLERİ > KREM > ,PH FORMULA,
Eye Serum 21 - 30 ml,Hayati, nihayetinde yenilenmiş ve ışıltılı bir göz bölgesi için yoğun yumuşatıcı ve rahatlatıcı bakım serumu.,https://static.ticimax.cloud/cdn-cgi/image/width=76,quality=85/53520/uploads/urunresimleri/buyuk/eye-serum-21-30-ml--455a-.jpeg,GÖZ BAKIM ÜRÜNLERİ > ,21 TRANSDERMAL,TL6.135,00
EYE ZONE RENOVATING FLUID 30 ML,Bu ferahlatıcı göz jeli, yenileyici, nemlendirici ve yeniden yapılandırıcı özellikler içerir. Gözlerin altındaki koyu halkaları azaltmaya yardımcı olur, ince çizgileri, dehidrasyon ve şişkinliği önler.,https://static.ticimax.cloud/cdn-cgi/image/width=76,quality=85/53520/uploads/urunresimleri/buyuk/eye-zone-renovating-fluid-30-ml-b7f4-4.jpeg,GÖZ BAKIM ÜRÜNLERİ > JEL > ,MARGY'S,TL6.900,00
Eyecell Contour Cream 20 ML,Zengin içeriği ile göz çevresinde gelişen kırışıklıkları önlemeye yardımcı olur. İnce kazayağı çizgilerini önlemeye, göz çevresinin nemini artırmaya yardımcı olur.,https://static.ticimax.cloud/cdn-cgi/image/width=76,quality=85/53520/uploads/urunresimleri/buyuk/eyecell-eye-contour-cream-20-ml-d46bc9.jpeg,GÖZ BAKIM ÜRÜNLERİ > KREM > ,GENOSYS,
Eyecell Contour Serum 10 ML,Peptid içerikli göz çevresi bakım serumu.,https://static.ticimax.cloud/cdn-cgi/image/width=76,quality=85/53520/uploads/urunresimleri/buyuk/eyecell-eye-contour-serum-10-ml-f06-4b.jpeg,GÖZ BAKIM ÜRÜNLERİ > SERUM > ,GENOSYS,
Eyecell Peptide Gel Patch 98 GR,Cildin görünümünü geliştirmeye yardımcı olmaktadır. Yaşlanma karşıtı etkisi ile kırışıklıkların önlenmesine, aynı zamanda göz çevresinin nemlendirilmesine yardımcı olur.,https://static.ticimax.cloud/cdn-cgi/image/width=76,quality=85/53520/uploads/urunresimleri/buyuk/eyecell-eye-peptide-gel-patch-98-gr-1c06c6.jpeg,GÖZ BAKIM ÜRÜNLERİ > MASKE > ,GENOSYS,
Eyelash Booster - 3 ml,Ürünü göz kalemi gibi, aplikatör fırça ile üst ve alt kirpik hattınıza dikkatlice uygulayın ve emilmesine izin verin İstenilen kirpik uzunluğuna ulaşıldığında, haftada 3 kez uygulama yeterlidir.,https://static.ticimax.cloud/cdn-cgi/image/width=76,quality=85/53520/uploads/urunresimleri/buyuk/eyelash-booster-3-ml--4bd9-.jpeg,GÖZ BAKIM ÜRÜNLERİ > SERUM > ,MBR,TL7.717,00
EyeLift Cream - 30 ml,Göz çevresini en kısa sürede yeniden tanımlayan ve gözle görülür şekilde daha pürüzsüz ve daha sıkı konturlar veren kozmetik bir göz kaldırma.,https://static.ticimax.cloud/cdn-cgi/image/width=76,quality=85/53520/uploads/urunresimleri/buyuk/eyelift-cream-30-ml-19-efe.jpeg,GÖZ BAKIM ÜRÜNLERİ > KREM > ,MBR,TL7.557,00
Glorious Lashes - 3 ml,Hacimli kirpikler için kıl köklerini besler, uyarır ve güçlendirir. Doğal kaş ve kirpik oluşumunu destekler kıl köklerinin ömrünü uzatarak dökülmelerini yavaşlatır uzun süreli bakım ve hacim sağlar daha yoğun ve daha uzun kirpikler ve belirgin kaşlar yaratır. Kullanımı ; Cildi temizledikten sonra uygulayın Bir gözü kapatarak, göz kalemi gibi uygulayın ve kuruması için bekleyin İstenilen kirpik uzunluğuna ulaşıldıktan sonra haftada 2-3 defa uygulanması yeterli olacaktır.,https://static.ticimax.cloud/cdn-cgi/image/width=76,quality=85/53520/uploads/urunresimleri/buyuk/glorious-lashes-3-ml-272ecf.jpeg,GÖZ BAKIM ÜRÜNLERİ > ,21 TRANSDERMAL,TL7.582,00
Growth Factor Eye Serum 15 ML,Göz çevresine yeniden volüm kazandırmayı ve canlandırmayı hedefleyen "Growth Factor Eye Serum" derin çizgilerin, kırışık oluşumunun ve çukurluğun azalmasına, mikro sirkülasyonun artmasına katkı sağlar.,https://static.ticimax.cloud/cdn-cgi/image/width=76,quality=85/53520/uploads/urunresimleri/buyuk/growth-factor-eye-serum-15-ml-a7b11c.jpeg,GÖZ BAKIM ÜRÜNLERİ > SERUM > ,ZO SKIN HEALTH,TL7.200,00
HI-DEF Brow Gel Clear Multi Lang (Şeffaf),Anında, uzun süren ve etkileyici sonuçlar için kaşlarınızı şekillendirmeye, düzeltmeye ve biçim vermeye yardımcı, hem erkek hem de kadınların kullanabildiği çok amaçlı bir kaş düzenleyici jel.,https://static.ticimax.cloud/cdn-cgi/image/width=76,quality=85/53520/uploads/urunresimleri/buyuk/hi-def-brow-gel-clear-multi-lang-seffa-1-6db1.jpeg,GÖZ BAKIM ÜRÜNLERİ > JEL > ,REVITALASH,TL1.030,00
HI-DEF Brow Gel Dark Brown Multi Lang (Koyu Kahverengi),Anında, uzun süren ve etkileyici sonuçlar için kaşlarınızı şekillendirmeye, düzeltmeye ve biçim vermeye yardımcı, hem erkek hem de kadınların kullanabildiği çok amaçlı bir kaş düzenleyici jel.,https://static.ticimax.cloud/cdn-cgi/image/width=76,quality=85/53520/uploads/urunresimleri/buyuk/hi-def-brow-gel-dark-brown-multi-lang--ac3fec.jpeg,GÖZ BAKIM ÜRÜNLERİ > JEL > ,REVITALASH,TL1.030,00
HI-DEF Brow Gel Soft Brown (Açık Kahverengi),Anında, uzun süren ve etkileyici sonuçlar için kaşlarınızı şekillendirmeye, düzeltmeye ve biçim vermeye yardımcı, hem erkek hem de kadınların kullanabildiği çok amaçlı bir kaş düzenleyici jel.,https://static.ticimax.cloud/cdn-cgi/image/width=76,quality=85/53520/uploads/urunresimleri/buyuk/hi-def-brow-gel-soft-brown-acik-kahver--b2eeb.jpeg,GÖZ BAKIM ÜRÜNLERİ > JEL > ,REVITALASH,TL1.030,00
HI-DEF Brow Pencil Warm Brown (Sıcak Kahverengi),Bu çok işlevli, uzun ömürlü, suya dayanıklı kaş kalemi kişiye özel tasarım sağlar. İnce uçlu aplikatörü, doğal incecik bir görünüm yaratırken, esnek, yapışkan olmayan bir formülle, dolgun ve cesur bir kaş görünümü oluşturur.,https://static.ticimax.cloud/cdn-cgi/image/width=76,quality=85/53520/uploads/urunresimleri/buyuk/hi-def-brow-pencil-warm-brown-sicak-ka-0a2-ef.jpeg,GÖZ BAKIM ÜRÜNLERİ > KALEM > ,REVITALASH,TL1.110,00
High Protection Eye & Lip SPF 50 - 7,5 ml,SPF 50 ve bol miktarda nem içeren, özellikle göz çevresi ve dudaklar için besleyici güneş koruyucu krem. Güneşlenirken güneşe duyarlı cildi güvenilir bir şekilde korur, bakım yapar ve yeniler.,https://static.ticimax.cloud/cdn-cgi/image/width=76,quality=85/53520/uploads/urunresimleri/buyuk/high-protection-eye-lip-spf-50-75-ml-cdb-5b.jpeg,GÖZ BAKIM ÜRÜNLERİ > GÜNEŞ KORUMA > ,MBR,TL3.421,00
Horme™GOLD Re-Generation Eye Balm 15 ML,Pürüzsüz Bir Göz Çevresi,https://static.ticimax.cloud/cdn-cgi/image/width=76,quality=85/53520/uploads/urunresimleri/buyuk/horme-gold-re-generation-eye-balm-15-m-6a1371.jpeg,GÖZ BAKIM ÜRÜNLERİ > KREM > ,HORMETA,TL2.506,00
Horme™LINE Eye Contour Focus Gel 15 ML,Gözlerinizi Ortaya Çıkartın. Özellikle göz çevresini yeniden tanımlamak, ifade çizgilerini pürüzsüzleştirmek, nem sağlamak ve göz çevresini canlandırmak için tasarlanan hafif bir jel. Göz çevresini rahatlatır, güçlendirir. Yüksek Performanslı Ürünün Canlandırıcı Etkisi. Göz çevresindeki kırışıklıkları ve kazayağı çizgilerini pürüzsüzleştirir. Hassas göz çevresi, gözle görünür bir şekilde daha aydınlık hale gelir ve canlanır. Canlandırıcı, ağırlık yaratmayan bir his için hafif jel dokusu.,https://static.ticimax.cloud/cdn-cgi/image/width=76,quality=85/53520/uploads/urunresimleri/buyuk/horme-line-eye-contour-focus-gel-15-ml-ef-ea3.jpeg,GÖZ BAKIM ÜRÜNLERİ > JEL > ,HORMETA,TL2.376,00
Horme™LINE Global Eye Contour Cream 15 ML,Kırışıklık Karşıtı Göz Çevresi Kremi. Göz çevresindeki kırışıklıkları azaltmak ve görünür yaşlanma etkileriyle savaşmak için uzman bir göz kremi. Göz çevresini derinlemesine nemlenir, besler, güçlendirir ve sıkılaştırır. Kırışıklıklar ve kazayağı çizgilerini pürüzsüzleştirir. Yumuşak, yapışmayan krem dokusu ile yüksek hassasiyetli ve hedefe odaklı bir göz çevresi kremdir.,https://static.ticimax.cloud/cdn-cgi/image/width=76,quality=85/53520/uploads/urunresimleri/buyuk/horme-line-global-eye-contour-cream-15-f3eb-1.jpeg,GÖZ BAKIM ÜRÜNLERİ > KREM > ,HORMETA,TL2.376,00
Hyalogy daily and nightly cream for eyes 20g,Göz kapaklarının çevresindeki hassas deri için üretilmiş bio membran ve hidrolize inci proteininden oluşan güçlü bir gençleştirici eliksirdir. Derin nemlendirme ve yenilenme sağlar. Swerita japonica ve saxifraga stolonifera ekstreleri şişme ve torbaların önüne geçer. Alfa-arbutin, melanin üretimini bloke eder.,https://static.ticimax.cloud/cdn-cgi/image/width=76,quality=85/53520/uploads/urunresimleri/buyuk/hyalogy-daily-and-nightly-cream-for-ey-55bef2.jpeg,GÖZ BAKIM ÜRÜNLERİ > KREM > ,FORLLED,
Hyalogy daily and nightly cream for eyes 9g,Göz kapaklarının çevresindeki hassas deri için üretilmiş bio membran ve hidrolize inci proteininden oluşan güçlü bir gençleştirici eliksirdir. Derin nemlendirme ve yenilenme sağlar. Swerita japonica ve saxifraga stolonifera ekstreleri şişme ve torbaların önüne geçer. Alfa-arbutin, melanin üretimini bloke eder.,https://static.ticimax.cloud/cdn-cgi/image/width=76,quality=85/53520/uploads/urunresimleri/buyuk/hyalogy-daily-and-nightly-cream-for-ey-acf-49.jpeg,GÖZ BAKIM ÜRÜNLERİ > KREM > ,FORLLED,
Hyalogy P-effect sheet 8P,Bu jel pedler, göz çevresine yoğun bakım ve rejenerasyon sağlamak için tasarlanmıştır. Bu ürün ile kaz ayaklarının ve koyu halkaların görünümü düzelir, göz çevresi şişlikleri iner, cilt rengi iyileşir. Düzenli kullanım ile cildi derinlemesine nemlendirir ve elastikiyetini önemli ölçüde arttırarak ince çizgileri azaltır.,https://static.ticimax.cloud/cdn-cgi/image/width=76,quality=85/53520/uploads/urunresimleri/buyuk/hyalogy-p-effect-sheet-8p--963d-.jpeg,GÖZ BAKIM ÜRÜNLERİ > MASKE > ,FORLLED,
Hyalogy Platinum Eye Cream 20g,Platinum Göz Kremi, platinin derinizde oluşturduğu muhteşem etkileri göz çevresine de yaşatmak için tasarlanmıştır. Bu krem göz çevresini gençleştirir ve bu bölgedeki yaşlanma belirtilerini azaltır. Platinum Göz Çevresi kremi düzenli kullanım ile göz çevresine aydınlık, canlı ve genç bir görünüm katar.,https://static.ticimax.cloud/cdn-cgi/image/width=76,quality=85/53520/uploads/urunresimleri/buyuk/hyalogy-platinum-eye-cream-20g-3d6b-e.jpeg,GÖZ BAKIM ÜRÜNLERİ > KREM > ,FORLLED,
Hyalogy Re-Dify Eye Mask 8 sheet,Yoğun özlü göz maskesi. Göz çevresindeki cilde sıkıca yapışır ve bol miktarda nemlendirme sağlar. Alışılmadık formu, göz çevresindeki geniş bir alanı tedavi etmesine izin vererek, yalnızca iyi bir kaldırma etkisi sağlamakla kalmaz, aynı zamanda belirgin lenfatik drenaj da sağlar. Maske, ince çizgilerin ve kırışıklıkların görünümünü azaltır ve göz çevresindeki cildi gençleştirir. Tahrişi yatıştırır. En hassas ciltler için uygundur.,https://static.ticimax.cloud/cdn-cgi/image/width=76,quality=85/53520/uploads/urunresimleri/buyuk/hyalogy-re-dify-eye-mask-8-sheet-f0-492.jpeg,GÖZ BAKIM ÜRÜNLERİ > MASKE > ,FORLLED,
Hydraskin All Day Eye Refresh Gel Cream 15ML,Tüm cilt tiplerine uygun göz kremi Göz altlarının canlı görünüm kazanmasına yardımcı olur. Hafif yapıdaki jel krem göz çevresini nemlendirir, göz çevresinin canlı görünüm kazanmasına, yorgunluk belirtilerinin ve yorgun görünümün azalmasına yardımcı olur. Göz çevresi ferahlatan neme kavuşur. Kullanımı: Gece &Gündüz Hydraskin nemlendirici kremden önce uygulayın Botanik İçerikler: Fransız Lavantası, Deniz Börücesi, Imperata Cylindrica, Donmuş Su Yosunu,https://static.ticimax.cloud/cdn-cgi/image/width=76,quality=85/53520/uploads/urunresimleri/buyuk/hydraskin-all-day-eye-refresh-gel-crea--57d9-.jpeg,GÖZ BAKIM ÜRÜNLERİ > KREM > ,DARPHIN,TL1.235,00
Hydrating - Hydra Maximum Eye Fluid 15 ML,Kurumadan kaynaklı kırışıklıklar, göz torbaları ve koyu halkalarla savaşan bir göz altı kremidir. Göz çevresine sağladığı maksimum nem ile ince çizgilerin açılmasını sağlar ve göz altı çevresini pürüzsüzleştirir.,https://static.ticimax.cloud/cdn-cgi/image/width=76,quality=85/53520/uploads/urunresimleri/buyuk/hydrating-hydra-maximum-eye-fluid-15-m-f-84f3.jpeg,GÖZ BAKIM ÜRÜNLERİ > KREM > ,SCHRAMMEK,TL2.200,00
Ideal Resource Restorative Bright Eye Cream 15ML,Faydaları: Tüm cilt tiplerine uygun göz kremi Göz çevresine aydınlık ve pürüzsüz görünüm kazandırmaya yardımcı olur. Göz altındaki farklı ton görünümünün azalmasına yardımcı olur. Çizgi ve kırışıklık görünümünün azalmasına katkı sağlar. Cilt bariyerini güçlenmesini destekler. Kullanımı: Gece & Gündüz: Ideal Resource ürünlerinden önce uygulayın. Botanik İçerikler: Karpuz, Mineraller,Asetil Glukozamin, Gotu Kola, Beyaz Hibiskus ,Japanese Knotweed,https://static.ticimax.cloud/cdn-cgi/image/width=76,quality=85/53520/uploads/urunresimleri/buyuk/ideal-resource-restorative-bright-eye--052d9e.jpeg,GÖZ BAKIM ÜRÜNLERİ > KREM > ,DARPHIN,TL2.265,00
Illuminating Eyes Collection KIT,Illuminating Eyes Collection KIT, hassas göz bölgelerinde gözle görülür yaşlanma belirtilerini azaltmaya yardımcı olan, klinik olarak kanıtlanmış formüller içerir. Bu lüks, hafif ürünler, ince çizgilerin, kırışıklıkların, koyu halkaların ve göz altı şişliklerinin görünümünü gözle görülür şekilde azaltmak için güçlü antioksidanlar ve besleyici nemlendirme sağlarken göz çevresindeki cildi destekler ve size daha parlak, genç bir görünüm kazandırır.,https://static.ticimax.cloud/cdn-cgi/image/width=76,quality=85/53520/uploads/urunresimleri/buyuk/illuminating-eyes-collection-kit-3-b810.jpeg,GÖZ BAKIM ÜRÜNLERİ > KIT PROGRAM > ,IS CLINICAL,TL5.177,00
Intense Eye Creme 15ML,Gözler yaşlanma belirtilerini gösteren ilk bölgelerdendir. Dengeli, kırışıksız ve aydınlık bir göz çevresi için komple bakım sağlayan bu krem ile yaşlanma belirtilerin önüne geçebilirsiniz,https://static.ticimax.cloud/cdn-cgi/image/width=76,quality=85/53520/uploads/urunresimleri/buyuk/intense-eye-creme-15ml--6f633.jpeg,GÖZ BAKIM ÜRÜNLERİ > KREM > ,ZO SKIN HEALTH,TL7.200,00
INTENSIVE CARE EYE REGERENATING MASK 5'Lİ,Yaşlanma karşıtı ve yorgunluk önleyici maske. 20 dakika içinde tüm göz çevresi, uzun süreli etkilerle anında canlanır. Valmont uzmanlığının bir simgesi olan, markanın tıbbi köklerinden miras kalan bu maske, cildi onarıcı, dermo-tensör kolajen ile doldurur. Sadece 20 dakikada yoğun şekilde nemlendirir ve yatıştırır, kırışıklıkları ve ince çizgileri düzeltir. Tıkanıklığı gideren bileşenleri şişkinlik görünümünü azaltır, mikro sirkülasyonu etkinleştirir ve koyu halkalarla savaşır. Gözler taze, ışıltılı ve gözle görülür şekilde iyi dinlenmiş görünür. 5 haftalık bakım olarak tüm cilt tipleri için uygundur.,https://static.ticimax.cloud/cdn-cgi/image/width=76,quality=85/53520/uploads/urunresimleri/buyuk/intensive-care-eye-regerenating-mask-5-6-8f43.jpeg,GÖZ BAKIM ÜRÜNLERİ > MASKE > ,VALMONT,TL11.200,00
INTENSIVE HYALURONIC EYE SERUM 15 ML,https://static.ticimax.cloud/cdn-cgi/image/width=76,quality=85/53520/uploads/urunresimleri/buyuk/intensive-hyaluronic-eye-serum-15-ml-5-b722.jpeg,GÖZ BAKIM ÜRÜNLERİ > KREM > ,TL2.959,00
LIFT PATCHES 2x10,Hassas göz çevresine 5 dakikada etki ederek derinlemesine yapılanmasına ve sıkılaşmasına destek olur. Göz çevresindeki 4 farklı problemi hedef alarak göz altı bölgesinde oluşan koyu renk halkalarının, göz altı torbalarının, sıkılık kaybının ve yorgunluk belirtilerinin azalmasına yardımcı olur.,https://static.ticimax.cloud/cdn-cgi/image/width=76,quality=85/53520/uploads/urunresimleri/buyuk/lift-patches-2x10-bb-ef1.jpeg,GÖZ BAKIM ÜRÜNLERİ > MASKE > ,ESTHEDERM,TL2.619,00
Lifting Eye patches - 6x3 ml,Kaliteli kolajen dokusu ile birlikte en modern etken maddelere dayanan son derece etkili Lifting Eye Patches, en kısa sürede yorgunluk belirtilerini ve tüm cilt yaşlanması izlerini hoş bir şekilde giderir. Göz çevrenizi düzleştirir, sıkılaştırır ve gözle görülür oranda dinlendirir. Göz çevresini en uygun biçimde nemle besler. Hücre dokusunu güçlendirir ve sıkılaştırır. Şişkinlik ve yorgunluk belirtilerini azaltır. Anında pürüzsüzleştirici, gerginleştirici etkiye sahiptir. Cilt sakinleşmiş, rahatlamış ve taze bir görünüm kazanır.,https://static.ticimax.cloud/cdn-cgi/image/width=76,quality=85/53520/uploads/urunresimleri/buyuk/lifting-eye-patches-6x3-ml-81e58f.jpeg,GÖZ BAKIM ÜRÜNLERİ > MASKE > ,TL5.933,00
LIPOSMOSE SERUM AUTHENTIQUE 30 ml,Özellikle tıkalı ve şiş göz çevresi için formüle edilmiş olan Liposmose, su ve yağ birikimi olan göz altı torbaları ile kutanöz yaşlanmaya bağlı olanları hedef alarak uzun süreli bir çözüm sağlar.,https://static.ticimax.cloud/cdn-cgi/image/width=76,quality=85/53520/uploads/urunresimleri/buyuk/liposmose-serum-authentique-30-ml-4a66-8.jpeg,GÖZ BAKIM ÜRÜNLERİ > SERUM > ,BIOLOGIQUE R.,
MD Plus - Eyebrow & Eyelash Serum,Yoğunlaştırılmış içeriği ile HairMD Transplant Clinical Kaş ve Kirpik Serumu, özel ve güçlü formülasyonu sayesinde kaş ve kirpikleri uzatarak, büyüme sürelerinin uzamasına yardımcı olur.,https://static.ticimax.cloud/cdn-cgi/image/width=76,quality=85/53520/uploads/urunresimleri/buyuk/md-plus-eyebrow-eyelash-serum-6-8cc7.jpeg,GÖZ BAKIM ÜRÜNLERİ > SERUM > ,HAIR MD,
ME LINE DARK CIRCLE 10 ML,Göz çevresi için koyu halka giderici roll on formül.,https://static.ticimax.cloud/cdn-cgi/image/width=76,quality=85/53520/uploads/urunresimleri/buyuk/me-line-dark-circle-10-ml-9a69ee.jpg,GÖZ BAKIM ÜRÜNLERİ > SERUM > ,ME LINE,
MSB Eye Cream - 30 ml,Hassas göz çevresi için narin, yumuşak ve özellikle cilt uyumlu yoğun bakım kremi. Cytobiol Lumin Eye ile şişlik giderici etkiye sahiptir (lenfatik dolaşımı), sıkılaştırır, rahatlatır ve yorgunluk izlerini giderir. Seramid III ile kalıcı nem depolama. Shea yağı / Vitamin E ile nemi bağlar, serbest radikalleri bağlayarak lipitler üzerindeki tahrip edici etkisini önler. Kıyı papatyası / D-Pantenol ile yatıştırıcı ve dengeleyici etki sağlar. Kafein ile hücre etkinliğini tetikler. Kırışıklıkları ve mimik kırışıklıkları azaltır. Yorgunluk belirtilerini giderir. İçeriğindeki Asetil heksapeptit-8 ile saatler içerisinde cildi ipeksi ve yumuşak tutar. Cildin kuruluğunu alır, cilt rahatlamış ve pürüzsüz gözükür.Trylagen ile 3'lü kolajen bakımı sağlar. (kolajen yenileme/ organizasyon/ koruma),https://static.ticimax.cloud/cdn-cgi/image/width=76,quality=85/53520/uploads/urunresimleri/buyuk/msb-eye-cream-30-ml--d3c50.jpeg,GÖZ BAKIM ÜRÜNLERİ > KREM > ,MSB,TL4.416,00
MultiVitamin Power Firm 15 ML,Sıkılaştırıcı özellikteki kompleks, nazik göz çevresindeki çizgileri azaltmaya yardımcıdır. Antioksidan C Vitamini ve E Vitamini serbest radikalleri baskılar, koruyucu bariyer vazifesi görerek oluşabilecek hasarlara karşı korur ve cildi güçlendirmeye yardımcı olur. Eşsiz bitkisel özler cilt yapısını gerginleştirir, yumuşatır ve ince çizgileri en aza indirmeye yardımcı olur. Cildi makyaja hazırlamak için kapatıcı öncesinde uygulanabilecek mükemmel bir bazdır.,https://static.ticimax.cloud/cdn-cgi/image/width=76,quality=85/53520/uploads/urunresimleri/buyuk/multivitamin-power-firm-15-ml-11b125.jpeg,GÖZ BAKIM ÜRÜNLERİ > KREM > ,DERMALOGICA,TL3.420,00
OLAPLEX BROWBOND™ BUILDING SERUM 3,5 ML,Peptit Kompleks Teknolojisi™ ile güçlendirilmiştir.,https://static.ticimax.cloud/cdn-cgi/image/width=76,quality=85/53520/uploads/urunresimleri/buyuk/olaplex-browbond-building-serum-35-ml-8a-8af.jpeg,GÖZ BAKIM ÜRÜNLERİ > KAŞ & KİPRİK BAKIMI > ,OLAPLEX,TL3.564,00
OLAPLEX LASHBOND SERUM 4,5 ML,KİRPİKLERİ UZATAN & GÜRLEŞTİREN SERUM,https://static.ticimax.cloud/cdn-cgi/image/width=76,quality=85/53520/uploads/urunresimleri/buyuk/olaplex-lashbond-serum-45-ml-cb5bd6.jpeg,GÖZ BAKIM ÜRÜNLERİ > SERUM > ,OLAPLEX,TL3.564,00
OLIGO-PROTEINES MARINES SERUM AUTHENTIQUE 30 ml,Oligo-Protéines Marines, göz çevresindeki koyu halkaların görünümünü azaltmak için özel olarak tasarlanmış bir serumdur. Saf Deniz Oligo Proteinleri Kompleksinden oluşan bu serum, gerçek bir "yorgunluk önleyici" etkisi yaratır.,https://static.ticimax.cloud/cdn-cgi/image/width=76,quality=85/53520/uploads/urunresimleri/buyuk/oligo-proteines-marines-serum-authenti-1-4b67.jpeg,GÖZ BAKIM ÜRÜNLERİ > SERUM > ,BIOLOGIQUE R.,
Patchs Defatigants 1 Sachets 6 ML,Patchs Défatigants, şişkinlik önleyici, koyu halkalar ve kırışıklık önleyici aktif bileşenlerle zenginleştirilmiş bir formülasyona sahiptir. Doğal biyoselüloz desteği , küresel ve etkili bir tedavi için göz çevresine mükemmel bir şekilde yapışır.,https://static.ticimax.cloud/cdn-cgi/image/width=76,quality=85/53520/uploads/urunresimleri/buyuk/patchs-defatigants-1-sachets-6-ml-0-1fd6.jpeg,GÖZ BAKIM ÜRÜNLERİ > MASKE > ,BIOLOGIQUE RECHERCHE,
Patchs Defatigants 3 Sachets 6 ML,Patchs Défatigants, şişkinlik önleyici, koyu halkalar ve kırışıklık önleyici aktif bileşenlerle zenginleştirilmiş bir formülasyona sahiptir. Doğal biyoselüloz desteği , küresel ve etkili bir tedavi için göz çevresine mükemmel bir şekilde yapışır.,https://static.ticimax.cloud/cdn-cgi/image/width=76,quality=85/53520/uploads/urunresimleri/buyuk/patchs-defatigants-3-sachets-6-ml-f1e3b7.jpeg,GÖZ BAKIM ÜRÜNLERİ > MASKE > ,BIOLOGIQUE R.,
Precision Tweezer (Cımbız),Tutması kolay profesyonel cımbız.,https://static.ticimax.cloud/cdn-cgi/image/width=76,quality=85/53520/uploads/urunresimleri/buyuk/precision-tweezer-cimbiz-ea4f-4.jpeg,GÖZ BAKIM ÜRÜNLERİ > DİĞER > ,REVITALASH,TL635,00
PRIME CONTOUR 15 ML,Ultra besleyici, nemlendirici ve genel yaşlanma karşıtı Mutlak bir zorunluluk olan bu krem, yaşlanma belirtilerine en yatkın hassas cilt hatlarını nemlendirir ve güçlendirir. Bu lüks krem, ince çizgileri azaltarak ve yaşlanma belirtilerine karşı koruyarak göz ve dudak çevresindeki cildi gözle görülür şekilde iyileştirir. Bu hassas bölgeleri yoğun nemlendirme ve beslenme ile güçlendirir. Kırışıklıklar görsel olarak en aza indirilir ve cilt yumuşak kalır.,https://static.ticimax.cloud/cdn-cgi/image/width=76,quality=85/53520/uploads/urunresimleri/buyuk/prime-contour-15-ml-01b-84.jpeg,GÖZ BAKIM ÜRÜNLERİ > KREM > ,VALMONT,TL5.300,00
Pure Perfection 100 N Eye Cream Smooth 100 - 15 ml,Tüm göz bölgesi için ince, hafif, son derece etkili bir emülsiyon. Göz çevresi bazen şişmiş, koyu halkalara veya çok esnek olmayan, parşömen benzeri bir görünüme sahipse idealdir.,https://static.ticimax.cloud/cdn-cgi/image/width=76,quality=85/53520/uploads/urunresimleri/buyuk/pure-perfection-100-n-eye-cream-smooth-4123-b.jpeg,GÖZ BAKIM ÜRÜNLERİ > KREM > ,MBR,TL21.296,00
Pure Perfection 100 N Eyecare Smoothing Gelmask - 30 ml,Hassas olanlar da dahil olmak üzere tüm göz bölgesi için berrak, sıkılaştırıcı, yoğun nemlendirici jel maske. Göz çevresi yorgun göründüğünde kullanımı idealdir.,https://static.ticimax.cloud/cdn-cgi/image/width=76,quality=85/53520/uploads/urunresimleri/buyuk/pure-perfection-100-n-eyecare-smoothin-21991-.jpeg,GÖZ BAKIM ÜRÜNLERİ > MASKE > ,TL17.114,00
Purifying Dew Drops Hydrating Eye Gel 15 ML,Hyaluronik Asit, Organik Huş Ağacı Özü ve Kutup Kaynak Suyu içeren ferah jel yapısı ve parfüm içermeyen formülü ile göz çevresini nemlendirmeye, dinlenmiş ve aydınlık bir görünüme kavuşturmaya yardımcı olur. Anında serinleme ve tazelenme için buzdolabında saklayınız.,https://static.ticimax.cloud/cdn-cgi/image/width=76,quality=85/53520/uploads/urunresimleri/buyuk/purifying-dew-drops-hydrating-eye-gel--0ee352.jpeg,GÖZ BAKIM ÜRÜNLERİ > JEL > ,LUMENE,TL1.110,00
Rejuvi ''İ'' Eye Repair Gel 30 GR,Benzersiz yapısı ile göz çevresinde oluşan hafif kaz ayağı çizgileri, morluk, torbalanma ve koyu halkaların giderilmesine yardımcı olur.,https://static.ticimax.cloud/cdn-cgi/image/width=76,quality=85/53520/uploads/urunresimleri/buyuk/rejuvi-i-eye-repair-gel-30-gr-7ab4a8.jpeg,GÖZ BAKIM ÜRÜNLERİ > JEL > ,REJUVI,TL3.400,00
Rejuvi ''İ''' Eye Repair Cream 30 GR,Hassas göz çevresinde oluşan derin çizgilerin giderilmesinde etkin özel bir üründür.,https://static.ticimax.cloud/cdn-cgi/image/width=76,quality=85/53520/uploads/urunresimleri/buyuk/rejuvi-i-eye-repair-cream-30-gr-859-a1.jpeg,GÖZ BAKIM ÜRÜNLERİ > KREM > ,REJUVI,TL3.400,00
Renewing Eye Cream 15 ML,İçeriğindeki ultra güçlü peptitler ve Retinol ile cildin esnekliğini arttırırken, ince çizgi ve kırışıklıkların görünümünü azaltmaya yardımcı olur. İçeriğindeki özel etken maddeler ile göz çevresindeki koyu renk halka görünümünü ve şişkinliği azaltmayı destekler. Göz çevresini sıkılaştırmaya ve daha aydınlık ve genç bir görünüm vermeye yardımcı olur.,https://static.ticimax.cloud/cdn-cgi/image/width=76,quality=85/53520/uploads/urunresimleri/buyuk/renewing-eye-cream-15-ml-710cc4.jpeg,GÖZ BAKIM ÜRÜNLERİ > KREM > ,MURAD,TL7.310,00
Restore - Eye Cream 15 GR,Rahat, ipeksi bir bitişe sahip bu nazik, hafif göz kremi, cildin nem bariyerini koruduğu bilinen yaşlanma karşıtı Polihidroksi Asit (PHA) teknolojisini ultra zengin bir his ile hafif bir kremde birleştirir.,https://static.ticimax.cloud/cdn-cgi/image/width=76,quality=85/53520/uploads/urunresimleri/buyuk/restore-eye-cream-15-gr-14-4b0.jpeg,GÖZ BAKIM ÜRÜNLERİ > KREM > ,NEOSTRATA,TL4.410,00
Retinal Resculpt Eye Treatment 15 ML,Vitamin A'nın en etkili formu olan retinal, özel bir iletim sistemine kapsüle edilmiştir. Bu özel teslimat sistemi, arttırılmış stabilite ve cildin derinliklerine hedeflenmiş bir iletim sağlayarak, serbest retinale kıyasla %2.5 daha fazla etkinlik sunmaktadır. Aynı zamanda, göz altı ve göz kapaklarına karşı nazik ve hassas olmasına rağmen, cildin derinliklerine etkili bir şekilde nüfuz eder. Formül, retinalin avantajlarını artırmak için yeniden şekillendirici Centiyana Kökü Özü ve Yulaf Şeker Özü ile güçlendirilmiştir. Özellikle sarkmış göz kapakları ve derin kırışıklıklar üzerinde etkili olur, cildin kalkık, daha sıkı ve gergin bir görünüme kavuşmasına katkı sağlar.,https://static.ticimax.cloud/cdn-cgi/image/width=76,quality=85/53520/uploads/urunresimleri/buyuk/retinal-resculpt-eye-treatment-15-ml--ba64-.jpeg,GÖZ BAKIM ÜRÜNLERİ > KREM > ,MURAD,TL7.500,00
Retinol Youth Renewal Eye Serum 15 ML,Amerika’nın 1 Numaralı Retinol Markası* İçeriğindeki çığır açan patentli Retinol Tri-Active Teknolojisi ile göz çevresindeki yaşlanma belirtilerinin ve kaz ayağı çizgilerinin görümünü gözle görülür biçimde azaltmaya yardımcı olur. Deniz Yosunu Özü ile cildi sıkılaştırmayı ve koyu renk halkalarının görünümünü azaltmayı destekler. 1 haftadan itibaren cildin daha genç ve canlı görünmesine yardımcı olur. *Kaynak: The NPD Group, Inc. Based on U.S.,https://static.ticimax.cloud/cdn-cgi/image/width=76,quality=85/53520/uploads/urunresimleri/buyuk/retinol-youth-renewal-eye-serum-15-ml-ac0-0e.jpeg,GÖZ BAKIM ÜRÜNLERİ > SERUM > ,MURAD,TL7.310,00
RevitaBrow® Advanced 1.5 mL,Doktorlar tarafından geliştirilen bu orijinal kaş besleyici serum; kimyasal ve çevresel stres faktörleri, aşırı tüy alma ve şekillendirme ürünleri nedeniyle kaş yaşlanmasının gözle görülür belirtilerini gidererek daha sağlıklı bir görünüme ve daha göz alıcı kaşlara sahip olmanızı sağlar.,https://static.ticimax.cloud/cdn-cgi/image/width=76,quality=85/53520/uploads/urunresimleri/buyuk/revitabrow-advanced-1.5-ml-5c-2a6.jpeg,GÖZ BAKIM ÜRÜNLERİ > SERUM > ,REVITALASH,TL2.120,00
RevitaBrow® Advanced 3.0 mL,Doktorlar tarafından geliştirilen bu orijinal kaş besleyici serum; kimyasal ve çevresel stres faktörleri, aşırı tüy alma ve şekillendirme ürünleri nedeniyle kaş yaşlanmasının gözle görülür belirtilerini gidererek daha sağlıklı bir görünüme ve daha göz alıcı kaşlara sahip olmanızı sağlar.,https://static.ticimax.cloud/cdn-cgi/image/width=76,quality=85/53520/uploads/urunresimleri/buyuk/revitabrow-advanced-3.0-ml--87f0c.jpeg,GÖZ BAKIM ÜRÜNLERİ > SERUM > ,REVITALASH,TL3.760,00
Revitalash & Brow Masque (Kirpik ve Kaş Maskesi),"Bu kaş&kirpik bakım maskesi, yıpranmış ve fiziksel yorgunluk belirtileri olan kaş ve kirpiklerde sağlıklı görünümü hedefler. Fazla şekillendirme, yoğun günlük makyaj uygulamaları veya profesyonel kirpik ve kaş işlemlerinden kaynaklanan hasarlara karşı daha sağlıklı, yumuşak, parlak ve daha esnek bir görünüm kazandırmak için önerilir. İçeriğindeki besin açısından zengin bileşenler, zarar görmüş kılların onarılmasına yardımcı olur.,https://static.ticimax.cloud/cdn-cgi/image/width=76,quality=85/53520/uploads/urunresimleri/buyuk/revitalash-brow-masque-kirpik-ve-kas-m--b041-.jpeg,GÖZ BAKIM ÜRÜNLERİ > MASKE > ,REVITALASH,TL950,00
RevitaLash Micellar Water Lash Wash,Kirpikler, kaşlar ve göz kapakları için rahatlatıcı, yumuşak ve kalıntı bırakmayan bir temizleyicidir. Misel su formülü, cildi kurutmadan makyajı, yağı temizler ve kirlerden arındırır. Hassas gözler için de kullanımı uygundur.,https://static.ticimax.cloud/cdn-cgi/image/width=76,quality=85/53520/uploads/urunresimleri/buyuk/revitalash-micellar-water-lash-wash-2299ba.jpeg,GÖZ BAKIM ÜRÜNLERİ > TEMİZLEME > ,REVITALASH,TL1.160,00
RevitaLash® Advanced 1.0 mL,Doğal bir şekilde büyüyen kirpiklerin esnekliğini ve gücünü arttırırken görünümünü de iyileştiren ve kırılmalara karşı koruyan bu orijinal ve eşsiz kirpik besleyici serum, göz hekimleri tarafından geliştirildi.,https://static.ticimax.cloud/cdn-cgi/image/width=76,quality=85/53520/uploads/urunresimleri/buyuk/revitalash-advanced-1.0-ml--44fd-.jpeg,GÖZ BAKIM ÜRÜNLERİ > SERUM > ,REVITALASH,TL2.050,00
RevitaLash® Advanced 2.0 mL,Doğal bir şekilde büyüyen kirpiklerin esnekliğini ve gücünü arttırırken görünümünü de iyileştiren ve kırılmalara karşı koruyan bu orijinal ve eşsiz kirpik besleyici serum, göz hekimleri tarafından geliştirildi.,https://static.ticimax.cloud/cdn-cgi/image/width=76,quality=85/53520/uploads/urunresimleri/buyuk/revitalash-advanced-2.0-ml-9a86-e.jpeg,GÖZ BAKIM ÜRÜNLERİ > SERUM > ,REVITALASH,TL3.370,00
RevitaLash® Advanced 3.5 mL,Doğal bir şekilde büyüyen kirpiklerin esnekliğini ve gücünü arttırırken görünümünü de iyileştiren ve kırılmalara karşı koruyan bu orijinal ve eşsiz kirpik besleyici serum, göz hekimleri tarafından geliştirildi.,https://static.ticimax.cloud/cdn-cgi/image/width=76,quality=85/53520/uploads/urunresimleri/buyuk/revitalash-advanced-3.5-ml-88-bf8.jpeg,GÖZ BAKIM ÜRÜNLERİ > SERUM > ,REVITALASH,TL4.970,00
RevitaLash® Aquablur 15 ML,Makyajlı veya makyajsız olarak kullanabileceğiniz, göz çevresini nemlendiren, koruyan ve kırışıklıkları azaltan, kaş ve kirpiklerinizi kuvvetlendiren, saf, hafif ve etkili bir nemlendirici göz jeli. Yağlardan arınmış (oil free), vitaminlerle güçlendirilmiş, antioksidan özellikli zengin bir formül.,https://static.ticimax.cloud/cdn-cgi/image/width=76,quality=85/53520/uploads/urunresimleri/buyuk/revitalash-aquablur-15-ml-e06-42.jpeg,GÖZ BAKIM ÜRÜNLERİ > JEL > ,REVITALASH,TL1.570,00
RevitaLash® Defining Liner,Yüksek etkili ve doğala yakın renk için zengin pigmentli, kullanımı kolay, krem eyeliner formülü.,https://static.ticimax.cloud/cdn-cgi/image/width=76,quality=85/53520/uploads/urunresimleri/buyuk/revitalash-defining-liner-4b9-ff.jpeg,GÖZ BAKIM ÜRÜNLERİ > EYELİNER > ,REVITALASH,TL1.110,00
Revitalizing Eye Cream 15 ML,Göz çevresi için ideal bir yaşlanma karşıtı tedavi sunar .Şişlikleri ve koyu halkaları azaltır,kırışıklıkları ve ince çizgileri düzeltir. Göz çevresindeki cildin tazeliğini ve parlaklığını geri kazandırarak görünür yaşlanma belirtilerini azaltır. Zengin, yumuşak dokusu cildin yenilenmesini ve canlanmasını sağlar.,https://static.ticimax.cloud/cdn-cgi/image/width=76,quality=85/53520/uploads/urunresimleri/buyuk/revitalizing-eye-cream-15-ml-262222.jpeg,GÖZ BAKIM ÜRÜNLERİ > KREM > ,BELLEFONTAINE S.,
Sensitive - Sensiderm Eye Balm 15 ML,Koyu halkaları, kaz ayağını ve şişkinliği azaltmaya yardımcı olur. Göz çevresini pürüzsüzleştirir ve güçlendirir.,https://static.ticimax.cloud/cdn-cgi/image/width=76,quality=85/53520/uploads/urunresimleri/buyuk/sensitive-sensiderm-eye-balm-15-ml-3a7837.jpeg,GÖZ BAKIM ÜRÜNLERİ > KREM > ,SCHRAMMEK,TL2.690,00
Silken & Calm Eye Patches - 6x3 ml,Yüksek kaliteli kolajen yapağı ile birlikte en yeni aktif bileşenlere dayanan yenilikçi Silken & Calm Eye Patch’leri, en hassas göz çevresine bile rahatlatıcı bir rahatlama sunar ve doğal koruyucu bariyeri güçlendirir.,https://static.ticimax.cloud/cdn-cgi/image/width=76,quality=85/53520/uploads/urunresimleri/buyuk/silken-calm-eye-patches-6x3-ml-51-a07.jpeg,GÖZ BAKIM ÜRÜNLERİ > MASKE > ,MBR,TL8.202,00
Skin Active - Intensive Eye Therapy 15 GR,Göz çevresinin görünümünü iyileştirir, göz kapağı sarkması ve göz altı kırışıklıklarında gözle görülür şekilde azaltır, cilde tonlu ve pürüzsüz bir görünüm bırakır. Gençleştirici peptitler içeren bu nemlendirici göz kremi, daha sıkı bir görünüm için destekleyici matrisin görünümünü iyileştirir.,https://static.ticimax.cloud/cdn-cgi/image/width=76,quality=85/53520/uploads/urunresimleri/buyuk/skin-active-intensive-eye-therapy-15-g-4cf6-1.jpeg,GÖZ BAKIM ÜRÜNLERİ > KREM > ,NEOSTRATA,TL5.250,00
Skin EssentiA - Antioxidant Peptide Eye Gel 15 ML,Hassas göz cevresi derisine özel formüle edilen bu krem içeriğindeki zengin antioksidan etkili vitamin ve peptidler sayesinde gençleşmiş ve tazelenmiş bir göz çevresi dokusu kazanmanıza yardımcı olur.,https://static.ticimax.cloud/cdn-cgi/image/width=76,quality=85/53520/uploads/urunresimleri/buyuk/skin-essentia-antioxidant-peptide-eye---40541.jpeg,GÖZ BAKIM ÜRÜNLERİ > JEL > ,ENVIRON,
Skin EssentiA - Eye Make Up Remover 100 ML,İritasyon yaratmadan, nazikçe makyajı temizleyen, yağsız bir göz makyaj temizleyicisidir. Göz çevresindeki cildi kurutmadığı gibi, cildi de yatıştırır. Kontakt lens kullanıcıları için güvenlidir.,https://static.ticimax.cloud/cdn-cgi/image/width=76,quality=85/53520/uploads/urunresimleri/buyuk/skin-essentia-eye-make-up-remover-100---4126-.jpeg,GÖZ BAKIM ÜRÜNLERİ > TEMİZLEME > ,ENVIRON,
SOS - Eye Rescue 15 ML,Cilde uyumlu renkli seramidler sayesinde, aydınlatma imkanı SOS EYE RESCUE da. Işığı yansıtan formülü ile göz çevresine kolayca uygulanır. Yumuşacık yapısını E vitamininden ve sıkılaştıran peptid kompleksinden alan Sos Eye Rescue, göz kremine yeni başlayanlar için kullanımı uygundur. Göz çevresine parlak ve sağlıklı bir görünüm kazandırmaya yardımcı olur.,https://static.ticimax.cloud/cdn-cgi/image/width=76,quality=85/53520/uploads/urunresimleri/buyuk/sos-eye-rescue-15-ml-44bdf8.jpeg,GÖZ BAKIM ÜRÜNLERİ > KREM > ,PH FORMULA,
Stress Positive Eye Lift 25 ML,Yüksek performanslı serinletici göz bakımı ve maske stres kaynaklı belirtileri azaltmak için cilde enerji sağlar. Aktif serinletici krem-jel gözaltındaki torbalanmaları ve morlukları azaltırken cildi aydınlatır göz bölgesini gerginleştirir ve cilt bariyer bütünlüğünü güçlendirmeye yardımcı olur. Yabani Indigo Tohum aktifleri göz altı halkalarının belirginliğini azaltmaya yardımcı olmak için cildi aydınlatır. Deniz Suyu ve Arktik Alg torbalanmayı azaltır. Fermente Maya ve eşsiz Hyaluronik Asit karışımı göz çevresini gerginleştirici etkiye sahiptir. Biyoaktif Diglukosil Gallik Asit cildin doğal mikrobiyomu (mikroorganizmalar) ile çalışarak göz çevresine enerji ve canlılık sağlar.,https://static.ticimax.cloud/cdn-cgi/image/width=76,quality=85/53520/uploads/urunresimleri/buyuk/stress-positive-eye-lift-25-ml-1140-4.jpeg,GÖZ BAKIM ÜRÜNLERİ > MASKE > ,DERMALOGICA,TL3.850,00
The Best Eye - 30 ml,Cildin daha derin katmanlarına nüfuz eden ve cilde sansasyonel bir parlaklık veren tüm göz bölgesi için benzersiz, yüksek konsantrasyonlu, hedefe yönelik bakım kremi. MBR® için özel olarak geliştirilmiş özel MBR® FibroBoost Kompleksi, patentli Capsules™ teknolojisi ile birlikte ek yüksek verimli aktif bileşenlerle birlikte cildin yaşlanma sürecini yavaşlatır ve kırışıklıkları ve ifade çizgilerini azaltır.,https://static.ticimax.cloud/cdn-cgi/image/width=76,quality=85/53520/uploads/urunresimleri/buyuk/the-best-eye-30-ml--9142-.jpeg,GÖZ BAKIM ÜRÜNLERİ > KREM > ,MBR,TL43.724,00
THE BEST Golden Eye Patches - 1x3 ml,Cilde sansasyonel bir görünüm veren göz bölgesi için 24 ayar altından yapılmış benzersiz, son derece konsantre, hedefe yönelik göz maskeleri. MBR® için özel olarak geliştirilen özel MBR® FibroBoost Kompleksi, patentli Capsules ™ teknolojisi ile birinci sınıf altın kombinasyonunu içerir, cildin yaşlanma sürecini yavaşlatır, kırışıklıkları ve ifade çizgilerini azaltır ve cildi parlak hale getirir.,https://static.ticimax.cloud/cdn-cgi/image/width=76,quality=85/53520/uploads/urunresimleri/buyuk/the-best-golden-eye-patches-1x3-ml--b088-.jpeg,GÖZ BAKIM ÜRÜNLERİ > MASKE > ,MBR,TL10.971,00
THE BEST Golden Eye Patches - 5x3 ml,Cilde sansasyonel bir görünüm veren göz bölgesi için 24 ayar altından yapılmış benzersiz, son derece konsantre, hedefe yönelik göz maskeleri. MBR® için özel olarak geliştirilen özel MBR® FibroBoost Kompleksi, patentli Capsules ™ teknolojisi ile birinci sınıf altın kombinasyonunu içerir, cildin yaşlanma sürecini yavaşlatır, kırışıklıkları ve ifade çizgilerini azaltır ve cildi parlak hale getirir.,https://static.ticimax.cloud/cdn-cgi/image/width=76,quality=85/53520/uploads/urunresimleri/buyuk/the-best-golden-eye-patches-5x3-ml-d78-40.jpeg,GÖZ BAKIM ÜRÜNLERİ > MASKE > ,MBR,TL43.883,00
The Eye Cream Full Set 15 ML,Fransız Deniz Yosunu, Pennywort ve Arjun Ağacı özlerinin karışımını içeren hafif yapılı ama yoğun nemlendirici formülü, doğal amino asitler, antioksidanlar ve sentezlenmiş moleküllerden oluşan TFC8® kompleksi sayesinde göz çevresindeki şişkinliklerinin, koyu halkaların, ince çizgilerin ve kırışıklıkların görünümünü azaltmaya yardımcı olur. Formülündeki Niasinamid ve C Vitamini ile göz çevresinin daha dinlenmiş, tazelenmiş ve aydınlık görünmesine katkıda bulunarak sağlıklı görünümünü destekler. Ürün açıldıktan sonra 6 ay içinde tüketilmelidir.,https://static.ticimax.cloud/cdn-cgi/image/width=76,quality=85/53520/uploads/urunresimleri/buyuk/the-eye-cream-full-set-15-ml--4d02-.jpeg,https://static.ticimax.cloud/cdn-cgi/image/width=76,quality=85/53520/uploads/urunresimleri/buyuk/the-eye-cream-full-set-15-ml-b790d9.jpeg,GÖZ BAKIM ÜRÜNLERİ > KREM > ,AUGUSTINUS BADER,TL7.250,00
The Eye Cream Nomad 15 ML,Fransız Deniz Yosunu, Pennywort ve Arjun Ağacı özlerinin karışımını içeren hafif yapılı ama yoğun nemlendirici formülü, doğal amino asitler, antioksidanlar ve sentezlenmiş moleküllerden oluşan TFC8® kompleksi sayesinde göz çevresindeki şişkinliklerinin, koyu halkaların, ince çizgilerin ve kırışıklıkların görünümünü azaltmaya yardımcı olur. Formülündeki Niasinamid ve C Vitamini ile göz çevresinin daha dinlenmiş, tazelenmiş ve aydınlık görünmesine katkıda bulunarak sağlıklı görünümünü destekler. Ürün açıldıktan sonra 6 ay içinde tüketilmelidir.,https://static.ticimax.cloud/cdn-cgi/image/width=76,quality=85/53520/uploads/urunresimleri/buyuk/the-eye-cream-nomad-15-ml-f7-4a8.jpeg,https://static.ticimax.cloud/cdn-cgi/image/width=76,quality=85/53520/uploads/urunresimleri/buyuk/the-eye-cream-nomad-15-ml-1-a504.jpeg,GÖZ BAKIM ÜRÜNLERİ > KREM > ,AUGUSTINUS BADER,TL6.600,00
The Eye Patches 6 Pack 6x3 GR,Doğal amino asitler, vitaminler ve sentezlenmiş moleküllerden oluşan TFC8® kompleksi ile desteklenen canlandırıcı hidrojel göz bantları, göz altındaki koyu halkaların, şişliklerin, ince çizgilerin ve kırışıklıkların görünümünü azaltmaya yardımcı olur. Formülündeki Asetillenmiş Hyaluronik Asit, Allantoin, Niasinamid ve Fermente Polisakkarit ile nemlendirmeye, daha enerjik, aydınlık, pürüzsüz ve dolgun görünüme katkıda bulunarak göz çevresinin sağlıklı görünümünü destekler.,https://static.ticimax.cloud/cdn-cgi/image/width=76,quality=85/53520/uploads/urunresimleri/buyuk/the-eye-patches-6-pack-6x3-gr-d047c6.jpeg,https://static.ticimax.cloud/cdn-cgi/image/width=76,quality=85/53520/uploads/urunresimleri/buyuk/the-eye-patches-6-pack-6x3-gr-b772-e.jpeg,GÖZ BAKIM ÜRÜNLERİ > MASKE > ,AUGUSTINUS BADER,TL3.950,00
The Eye Patches Row 3 GR,Doğal amino asitler, vitaminler ve sentezlenmiş moleküllerden oluşan TFC8® kompleksi ile desteklenen canlandırıcı hidrojel göz bantları, göz altındaki koyu halkaların, şişliklerin, ince çizgilerin ve kırışıklıkların görünümünü azaltmaya yardımcı olur. Formülündeki Asetillenmiş Hyaluronik Asit, Allantoin, Niasinamid ve Fermente Polisakkarit ile nemlendirmeye, daha enerjik, aydınlık, pürüzsüz ve dolgun görünüme katkıda bulunarak göz çevresinin sağlıklı görünümünü destekler.,https://static.ticimax.cloud/cdn-cgi/image/width=76,quality=85/53520/uploads/urunresimleri/buyuk/the-eye-patches-row-3-gr-b560-7.jpeg,https://static.ticimax.cloud/cdn-cgi/image/width=76,quality=85/53520/uploads/urunresimleri/buyuk/the-eye-patches-row-3-gr-e9fc5e.jpeg,GÖZ BAKIM ÜRÜNLERİ > MASKE > ,AUGUSTINUS BADER,TL750,00
The Eyebrow & Lash Enhansing Serum 8 ML,İçeriğindeki Hibiskus ve Aspir Ekstresi, Biotin, Hyaluronik Asit Kompleksi, Kırmızı Kış Yosunu ve Hint Yağı ile doğal amino asitler, vitaminler ve sentezlenmiş moleküllerden oluşan TFC8® kompleksi sayesinde kaş ve kirpiklerin beslenmesine, daha canlı, gür ve dolgun görünüm kazanmasına yardımcı olur. Ürün açıldıktan sonra 6 ay içinde tüketilmelidir.,https://static.ticimax.cloud/cdn-cgi/image/width=76,quality=85/53520/uploads/urunresimleri/buyuk/the-eyebrow-lash-enhansing-serum-8-ml--45d7-.jpeg,GÖZ BAKIM ÜRÜNLERİ > SERUM > ,AUGUSTINUS BADER,TL4.950,00
Uplifting & Shaping Eyelids Definition Serum 15ML,Faydaları: Tüm cilt tiplerine uygun göz serumu Daha canlı ve ışıldayan göz çevresi için cilt tonunu eşitlemeye yardımcı olur. Doğal lifting etkili içerikler bulundurur. Göz kapağını şekillendirmeye katkı sağlar. Kullanımı: Gece &Gündüz: Sonrasında uygun göz kremini uygulayın. Botanik İçerikler: Ölmezotu,Menyanthes trifoliata,https://static.ticimax.cloud/cdn-cgi/image/width=76,quality=85/53520/uploads/urunresimleri/buyuk/uplifting-shaping-eyelids-definition-s-4b-962.jpeg,GÖZ BAKIM ÜRÜNLERİ > SERUM > ,TL1.585,00
V-FIRM EYE,"Bal jeli" dokusuna sahip bu gurme kehribar balsamı, göz kapağındaki sarkmalar ve göz altı morluklarıyla aktif olarak savaşır. Her uygulamada bakışlar açılır, yorgunluğu giderir ve canlı bir gençlik ışıltısını ortaya çıkarır. Hyaluronik asit cildi nemlendirici, gerginleştirici bir film gibi kaplar ve V-FIRM'in temel formülünün (Peptid Kokteyl, Yoğunluk Kompleksi ve DNA/RNA ikilisi) derinlemesine etkisini tamamlar.,https://static.ticimax.cloud/cdn-cgi/image/width=76,quality=85/53520/uploads/urunresimleri/buyuk/v-firm-eye-f77477.jpeg,GÖZ BAKIM ÜRÜNLERİ > KREM > ,VALMONT,TL8.500,00
V-LINE LIFTING EYE CREAM 15 ML,Pürüzsüzleştirici kırışıklık toparlayıcı göz kremi Ani sıkılaştırma, kırışıklık önleyici bakım Kırışıklıkları yumuşatır, göz çevresini güzelleştirir ve şişkinliği azaltır. Göz çevresinin yeni kahramanı!,https://static.ticimax.cloud/cdn-cgi/image/width=76,quality=85/53520/uploads/urunresimleri/buyuk/v-line-lifting-eye-cream-15-ml-865e04.jpeg,GÖZ BAKIM ÜRÜNLERİ > KREM > ,VALMONT,TL7.500,00
VALMONT HYDRA 3 EYE 15 ML,Koyu halkaları ve yorgunluk belirtilerini alırken anında ve kalıcı bir şekilde nemlendiren etkili bir emülsiyon,https://static.ticimax.cloud/cdn-cgi/image/width=76,quality=85/53520/uploads/urunresimleri/buyuk/valmont-hydra-3-eye-15-ml-3090d2.jpg,GÖZ BAKIM ÜRÜNLERİ > KREM > ,VALMONT,TL4.500,00
Vegan Collagen Eye Serum 10 ML,İskandinav İsveç Kirazı Suyu, üç farklı çeşit Hyaluronik Asit ve Vegan Kollajen ile formüle edilen bu hafif yapıdaki parfümsüz %97 doğal içerikli serum, genç görünen esnek bir cilt için cildi yoğun bir şekilde nemlendirerek ince çizgi ve kırışıklıkları azaltmaya destek olur. Soğutma etkili metal aplikatörü ile canlandırıcı bir göz çevresi masajı etkisi sağlar.,https://static.ticimax.cloud/cdn-cgi/image/width=76,quality=85/53520/uploads/urunresimleri/buyuk/vegan-collagen-eye-serum-10-ml-9ba3bd.jpeg,GÖZ BAKIM ÜRÜNLERİ > SERUM > ,LUMENE,TL1.275,00
Vita-C Eyes Dark Circle Corrector 15 ML,Göz çevresini nemlendirirken aynı zamanda çevresel etkenlerden ve güneşten göz çevresinde oluşabilecek koyu lekelerin sebep olduğu renk düzensizliklerini aydınlatır. Renkli formülü ve Işık Yansıtan Mikromineraller ile göz çevresinin ışıltısını artırarak koyu halkaların düzenlenmesine yardımcı olur. Formülündeki Kırmızı ve Kahverengi Alg Özleri ile göz çevresinin sıkı görünmesini destekler.,https://static.ticimax.cloud/cdn-cgi/image/width=76,quality=85/53520/uploads/urunresimleri/buyuk/vita-c-eyes-dark-circle-corrector-15-m--4894-.jpeg,GÖZ BAKIM ÜRÜNLERİ > KREM > ,MURAD,TL5.505,00
Vitality - Time Control Eye Cream 15 ML,Göz bölgesi için tasarlanmış, gençleştiren ve esnekliği arttıran bir üründür. Göz altı halkalarını ve torbalanmalarının azalmasına yardımcı olur, kırışıklıkları nemledirir ve göz çevresini güçlendirerek yeniden yapılandırır.,https://static.ticimax.cloud/cdn-cgi/image/width=76,quality=85/53520/uploads/urunresimleri/buyuk/vitality-time-control-eye-cream-15-ml-273fce.jpeg,GÖZ BAKIM ÜRÜNLERİ > KREM > ,SCHRAMMEK,TL3.690,00
Youth EssentiA - Vita Peptide Eye Gel 10 ML,Bu ürün hassas göz cevresi derisine özel formüle edilmiştir. İçeriğindeki zengin antioksidan etkili vitamin ve peptidler sayesinde çizgileri doldurulmuş, gençleşmiş ve tazelenmiş göz çevresi dokusu kazandırır.,https://static.ticimax.cloud/cdn-cgi/image/width=76,quality=85/53520/uploads/urunresimleri/buyuk/youth-essentia-vita-peptide-eye-gel-10-32b77-.jpeg,GÖZ BAKIM ÜRÜNLERİ > JEL > ,ENVIRON,
Youth Eye Complex 15 GR,Youth Eye Complex, yaşlanmanın gözle görülür belirtileriyle mücadele etmek için ileri teknolojileri kullanarak cildi gün boyu nemli, pürüzsüz ve korumalı tutan, göz altı bölgesini aydınlatan çığır açan bir formüldür.,https://static.ticimax.cloud/cdn-cgi/image/width=76,quality=85/53520/uploads/urunresimleri/buyuk/youth-eye-complex-15-gr--9a51-.jpeg,GÖZ BAKIM ÜRÜNLERİ > SERUM > ,IS CLINICAL,TL4.875,00
Collagen Lift Paris - Eye Serum 15 ML,THE EYE SERUM'un benzersiz formülünün göz şişliğini azalttığı ve göz altındaki koyu halkaları azalttığı klinik olarak kanıtlanmıştır. Ayrıca göz çevresindeki hassas cildin tonunu, sıkılığını ve elastikiyetini geri kazandırır.,https://static.ticimax.cloud/cdn-cgi/image/width=76,quality=85/53520/uploads/urunresimleri/buyuk/collagen-lift-paris-eye-serum-15-ml--022cf.jpeg,GÖZ BAKIM ÜRÜNLERİ > SERUM > ,COLLAGEN LIFT PARIS,
LIFT & REPAIR EYE CONTOUR SMOOTHING GEL 15 ML,35-45 yaş aralığına uygun, sıkılaşmaya destek olan jel dokusu saYesinde kırışıklıkları ve kaz ayağı görünümünü düzeltmeye destek olur. Göz çevresi genç görünümünü geri kazanmaya başlar.,https://static.ticimax.cloud/cdn-cgi/image/width=76,quality=85/53520/uploads/urunresimleri/buyuk/lift-repair-eye-contour-smoothing-gel--bca-90.jpeg,GÖZ BAKIM ÜRÜNLERİ > KREM > ,ESTHEDERM,
Wrinkle Corrective Eye Contour Cream 15ML,Faydaları: Tüm cilt tiplerine uygun göz kremi Göz çevresinde çizgi ve kırışıklık görünümünü gözle görülür ölçüde azaltmaya, göz çevresine ışıltılı görünüm kazandırmaya yardımcı olur. Kullanımı: Gece &Gündüz Uygun serumdan sonra uygulayın. Botanik İçerikler: Peptitler, Manolya, Siegesbeckia, Hyaluronic Asit,https://static.ticimax.cloud/cdn-cgi/image/width=76,quality=85/53520/uploads/urunresimleri/buyuk/wrinkle-corrective-eye-contour-cream-1-5ad2b4.jpeg,GÖZ BAKIM ÜRÜNLERİ > KREM > ,DARPHIN,
After SUN Body - 200 ml,Yoğun besleyici vücut losyonu, UV radyasyonu ile strese giren cilde yatıştırıcı bir serinlik sağlar ve yenilenme sürecini destekler.,https://static.ticimax.cloud/cdn-cgi/image/width=76,quality=85/53520/uploads/urunresimleri/buyuk/after-sun-body-200-ml-f2aad6.jpeg,VÜCUT BAKIM ÜRÜNLERİ > GÜNEŞ KORUMA > ,MBR,TL9.144,00
All Day Hydrating Hand & Nail Cream 75ML,El ve tırnak bakım kremi.,https://static.ticimax.cloud/cdn-cgi/image/width=76,quality=85/53520/uploads/urunresimleri/buyuk/all-day-hydrating-hand-nail-cream-75ml-c5-9f5.jpeg,VÜCUT BAKIM ÜRÜNLERİ > KREM > ,DARPHIN,TL749,00
Alpha-Trophox112 Anti-Cellulite - 200 ml,MSB ® Cosmeceuticals tarafından geliştirilen ALPHA AC3 Onarım Kompleksi ile üst kollar, mide, alt kısım ve uyluktaki inatçı problem bölgeleri için yüksek konsantreli, tonlayıcı ve sıkılaştırıcı jel emülsiyon .,https://static.ticimax.cloud/cdn-cgi/image/width=76,quality=85/53520/uploads/urunresimleri/buyuk/alpha-trophox112-anti-cellulite-200-ml-74eebd.jpeg,VÜCUT BAKIM ÜRÜNLERİ > KREM > ,MSB,TL18.417,00
Alpha-Trophox112 Bust up Cream - 100 ml,MSB ® Cosmeceuticals tarafından geliştirilen ALPHA AC3 Onarım Kompleksi ile sıkı ve güzel bir göğüs için yüksek konsantrasyonlu, sıkılaştırıcı, yaşlanma karşıtı göğüs bakımı .,https://static.ticimax.cloud/cdn-cgi/image/width=76,quality=85/53520/uploads/urunresimleri/buyuk/alpha-trophox112-bust-up-cream-100-ml-9-468d.jpeg,VÜCUT BAKIM ÜRÜNLERİ > KREM > ,MSB,TL13.091,00
Alpha-Trophox112 Foot Cream - 100 ml,MSB ® Cosmeseuticals tarafından geliştirilen ALPHA AC3 Onarım Kompleksi içeren, yüksek konsantrasyonlu, şımartıcı ve yatıştırıcı ayak kremi .,https://static.ticimax.cloud/cdn-cgi/image/width=76,quality=85/53520/uploads/urunresimleri/buyuk/alpha-trophox112-foot-cream-100-ml-04-9bd.jpeg,VÜCUT BAKIM ÜRÜNLERİ > KREM > ,MSB,TL7.998,00
Alpha-Trophox112 Hand Cream - 100 ml,MSB ® Cosmeseuticals tarafından geliştirilen ALPHA AC3 Onarım Kompleksi ile formüle edilmiş, yüksek konsantrasyonlu, koruyucu ve yoğun besleyici yaşlanma karşıtı el kremi .,https://static.ticimax.cloud/cdn-cgi/image/width=76,quality=85/53520/uploads/urunresimleri/buyuk/alpha-trophox112-hand-cream-100-ml-4-9772.jpeg,VÜCUT BAKIM ÜRÜNLERİ > KREM > ,MSB,TL7.998,00
Alpha-Trophox112 Neck Cream - 100 ml,MSB ® Cosmeceuticals tarafından geliştirilen ALPHA AC3 Onarım Kompleksi ile boyun ve dekolte için yüksek konsantrasyonlu Anti-Aging özel bakımı .,https://static.ticimax.cloud/cdn-cgi/image/width=76,quality=85/53520/uploads/urunresimleri/buyuk/alpha-trophox112-neck-cream-100-ml-5-475a.jpeg,VÜCUT BAKIM ÜRÜNLERİ > KREM > ,MSB,TL18.055,00
ANTI CELLULITE COLLAGEN CREAM 100 ML,Dolaşımı uyaran yenilikçi formül, yoğun uyarı ile yağ dokusunun yok edilmesine yardımcı olur ve “portakal kabuğu” etkisini azaltır. Karın, uyluk, kalça ve kalçadaki selülitten kaynaklı sorunları ele alır.,https://static.ticimax.cloud/cdn-cgi/image/width=76,quality=85/53520/uploads/urunresimleri/buyuk/anti-cellulite-collagen-cream-100-ml-b9b-b9.jpg,VÜCUT BAKIM ÜRÜNLERİ > KREM > ,TL5.750,00
BEAUTY EMULSION 100 ML,Bu ipeksi pürüzsüz vücut emülsiyonunun hafif dokusu kolayca emilir ancak uzun süreli nem sağlar. Tahriş olmuş veya güneşten zarar görmüş cildi besler, korur, nemlendirir ve yatıştırır.,https://static.ticimax.cloud/cdn-cgi/image/width=76,quality=85/53520/uploads/urunresimleri/buyuk/beauty-emulsion-100-ml-efc-31.jpeg,VÜCUT BAKIM ÜRÜNLERİ > LOSYON > ,MARGY'S,TL5.350,00
BEAUTY SCRUB 100 ML,Kirliliği önleyen vücut peelingi, hyaluronik asit içinde yüksek oranda konsantredir ve cildi nemli tutarken derinlemesine temizler. Cildi temizler ve parlatır.,https://static.ticimax.cloud/cdn-cgi/image/width=76,quality=85/53520/uploads/urunresimleri/buyuk/beauty-scrub-100-ml-d45511.jpeg,VÜCUT BAKIM ÜRÜNLERİ > PEELING > ,MARGY'S,TL3.800,00
Body - Derma Lac Lotion 200 ML,Doğal ölü hücre giderme sağlayarak ücut cildinin gözeneklerinin açılması, pürüzlerinin giderilmesi ve mükemmel bir yumuşaklık kazanması sağlanır.,https://static.ticimax.cloud/cdn-cgi/image/width=76,quality=85/53520/uploads/urunresimleri/buyuk/body-derma-lac-lotion-200-ml-d08f49.jpeg,VÜCUT BAKIM ÜRÜNLERİ > LOSYON > ,ENVIRON,
Body - TRI Complex Contouring Cream 125 ML,3 aktif içerik ile vücut cildini güçlendirir, nemlendirir, inceltir ve sıkılaştırır. Elastikiyetini kaybetmiş, sıkılaşmaya ve incelmeye ihtiyacı olan her bölge için uygundur; karın, kalça, kol ve aynı zamanda gıdı bölgesi.,https://static.ticimax.cloud/cdn-cgi/image/width=76,quality=85/53520/uploads/urunresimleri/buyuk/body-tri-complex-contouring-cream-125--beb810.jpeg,VÜCUT BAKIM ÜRÜNLERİ > KREM > ,ENVIRON,
Body - Vitamin AC&E Body Oil 100 ML,Kuru, nemsiz, pullanan ve güneşte zarar görmüş cildi, besleyen ve rahatlatan yüksek A, C ve E vitamini konsantresine sahip hafif vücut yağıdır.,https://static.ticimax.cloud/cdn-cgi/image/width=76,quality=85/53520/uploads/urunresimleri/buyuk/body-vitamin-ace-body-oil-100-ml-ca16ce.jpeg,VÜCUT BAKIM ÜRÜNLERİ > BAKIM YAĞI > ,ENVIRON,
Body - Vitamin AC&E Body Oil Forte 100 ML,Kuru ve güneşten zarar görmüş cildi beslemeye ve rahatlatmaya yardımcı olmak için yüksek düzeyde A, C ve E vitamini ve biberiye özleri içeren hafif bakım yağıdır.,https://static.ticimax.cloud/cdn-cgi/image/width=76,quality=85/53520/uploads/urunresimleri/buyuk/body-vitamin-ace-body-oil-forte-100-ml-573c21.jpeg,VÜCUT BAKIM ÜRÜNLERİ > BAKIM YAĞI > ,ENVIRON,
BODY 24 HOUR 100 ML,Valmont uzmanlığının üç aşamasını birleştiren vücut için temel yaşlanma karşıtı çözümdür:,https://static.ticimax.cloud/cdn-cgi/image/width=76,quality=85/53520/uploads/urunresimleri/buyuk/body-24-hour-100-ml-227ac9.jpg,VÜCUT BAKIM ÜRÜNLERİ > KREM > ,VALMONT,TL3.900,00
BODY 24 HOUR 150 ML,Valmont uzmanlığının üç aşamasını birleştiren vücut için temel yaşlanma karşıtı çözümdür:,https://static.ticimax.cloud/cdn-cgi/image/width=76,quality=85/53520/uploads/urunresimleri/buyuk/body-24-hour-150-ml--6cc1-.jpeg,VÜCUT BAKIM ÜRÜNLERİ > KREM > ,TL4.500,00
Body Contouring Gel 200 ML,Sıkılaştırma sağlama özelliklerine sahip bitki bileşenleri içerir.,https://static.ticimax.cloud/cdn-cgi/image/width=76,quality=85/53520/uploads/urunresimleri/buyuk/body-contouring-gel-200-ml-7ebcd8.jpeg,VÜCUT BAKIM ÜRÜNLERİ > JEL > ,PH FORMULA,
Body Emulsion Plus 240 ML,Vücudunuzun ihtiyaçlarını karşılamak için tasarlanmış bu çok etkili vücut bakım kremi iyi bir cilt görüntüsü sağlar, kuru ciltleri yumuşatır ve retinollü içeriği ile cilt tonunu dengeler.,https://static.ticimax.cloud/cdn-cgi/image/width=76,quality=85/53520/uploads/urunresimleri/buyuk/body-emulsion-plus-240-ml-c95-90.jpeg,VÜCUT BAKIM ÜRÜNLERİ > KREM > ,ZO SKIN HEALTH,TL4.000,00
Body Firming Lotion 200 ML,Cildin elastikiyetini geri kazanmaya yardımcı olan, yenilenen ve sıkılaştırıcı bitki özleri içeren zenginleştirici bir losyondur. Bu nemlendirici, vücut losyonu doğal olarak mineral tuzları ve cildi canlandıran, tonlandıran ve sertleştiren elementler bakımından zengindir. Vücut sıkılaşması için tasarlanmış Body Firming Lotion, cildin sıkılığını ve genel görünümünü artırır. Cildi nemli, yumuşak ve ipeksi yumuşaklıkta bırak,https://static.ticimax.cloud/cdn-cgi/image/width=76,quality=85/53520/uploads/urunresimleri/buyuk/body-firming-lotion-200-ml--a6cc-.jpeg,VÜCUT BAKIM ÜRÜNLERİ > LOSYON > ,PH FORMULA,
Body Hydrating Cream 295 ML,Nemlendir, yumuşatır ve güçlendir: bu besleyici krem, tüm cilt koşullarına fayda sağlamak için tüm dünyadan esansiyel yağ koleksiyonuna sahiptir. Aromatik Portakal Yağı ve Çin Yeşil Çayı cildi yatıştırır ve yumuşatır. Fransız Lavanta ve Endonezya Paçuli yağları, Laktik Asit, Şeker Kamışı ve Elmadan doğal olarak elde edilen hidroksi asit özleri cildi yumuşatır ve kuruluğu rahatlatır – ve bu içeriklerin hepsi de anında, parlak bir nemlendirme için kolayca emilen ipeksi, orta ağırlıkta bir formülde yer almaktadır.,https://static.ticimax.cloud/cdn-cgi/image/width=76,quality=85/53520/uploads/urunresimleri/buyuk/body-hydrating-cream-295-ml--499d-.jpeg,VÜCUT BAKIM ÜRÜNLERİ > KREM > ,DERMALOGICA,TL1.650,00
BODY OXYGENANT 125 ml,Marka,https://static.ticimax.cloud/cdn-cgi/image/width=76,quality=85/53520/uploads/urunresimleri/buyuk/body-oxygenant-125-ml--4f11-.jpeg,VÜCUT BAKIM ÜRÜNLERİ > BAKIM SPREYİ > ,BIOLOGIQUE R.,
Body Refresher 21 - 200 ml,Cildi tazeler, rahatlatır ve canlandırır.,https://static.ticimax.cloud/cdn-cgi/image/width=76,quality=85/53520/uploads/urunresimleri/buyuk/body-refresher-21-200-ml-d-4d40.jpeg,21 TRANSDERMAL,TL5.427,00
Body Science - Body After Sun 200 ML,Etkili güneş sonrası losyonu, güneşlendikten sonra cildi rahatlatır. Pantenol, deniz tuzu ve bisabolol gibi kanıtlanmış bileşenler nem ve anında rahatlık sağlar. Kızarıklığın ve ısı hissinin azalmasına yardımcı olur. Body After Sun hoş, yağsız bir cilt hissi bırakır ve uzun süreli, eşit bir bronzluk sağlar.,https://static.ticimax.cloud/cdn-cgi/image/width=76,quality=85/53520/uploads/urunresimleri/buyuk/body-science-body-after-sun-200-ml-5c9020.jpeg,VÜCUT BAKIM ÜRÜNLERİ > ,SCHRAMMEK,TL2.270,00
Body Science - Body Sun Lotion SPF50+ 75 ML,UVA ve UVB filtreli suya dayanıklı güneş losyonu, güneş ışınlarının zararlı etkilerine karşı etkili, yüksek koruma sağlar. Gliserin ve pantenol nemlendirici etkiye sahiptir ve cildin kurumasını önler. Yeni, hafif dokusunun yayılması kolaydır, hızla emilir ve beyaz kalıntı bırakmadan doğal bir görünüm bırakır.,https://static.ticimax.cloud/cdn-cgi/image/width=76,quality=85/53520/uploads/urunresimleri/buyuk/body-science-body-sun-lotion-spf50-75--c-97b5.jpeg,VÜCUT BAKIM ÜRÜNLERİ > ,SCHRAMMEK,TL2.450,00
Body Science - CelluContour Body Cream 200 ML,Daha pürüzsüz bir cilt yüzeyi için jel-krem. Yenilikçi, selülit önleyici içerik karışımı, cildin doğal detoksifikasyon sürecinin yanı sıra metabolizmayı da uyarır. Daha pürüzsüz, daha sıkı bir görünüm için sorunlu bölgelerdeki yağların azaltılmasını destekler.,https://static.ticimax.cloud/cdn-cgi/image/width=76,quality=85/53520/uploads/urunresimleri/buyuk/body-science-cellu-contour-body-cream--aa8-b6.jpeg,VÜCUT BAKIM ÜRÜNLERİ > ,SCHRAMMEK,TL4.175,00
Body Science - Shape Perfection Body Oil 150 ML,Aktifleştirici vücut yağı, Devedikeni, susam ve amarant tohumu yağı gibi değerli bakım yağlarının birleşimi, kırmızı biber ve hardal filizi bazlı bir bileşenle zenginleştirilmiştir. Mikro dolaşımı aktive etmeye ve cilt metabolizmasını desteklemeye yardımcı olur. Yenileyici doku, yapışkan bir cilt hissi bırakmadan cilde nazikçe ve kolayca masajla uygulanabilir.,https://static.ticimax.cloud/cdn-cgi/image/width=76,quality=85/53520/uploads/urunresimleri/buyuk/body-science-shape-perfection-body-oil-24-914.jpeg,VÜCUT BAKIM ÜRÜNLERİ > ,SCHRAMMEK,TL3.360,00
Body Science - Super Body Peeling 150 ML,Etkili peeling her vücut bakımının ideal temelini oluşturur. Enzymatik peelingin etkili bir karışımı ile fazla deri pulları giderilir. Cilt sonraki bakım ürünlerine daha duyarlı hale gelir ve cilt görünümü daha ince ve pürüzsüz hale gelir. Aynı zamanda canlandırıcı bir etki sağlar. Kan dolaşımını destekler.,https://static.ticimax.cloud/cdn-cgi/image/width=76,quality=85/53520/uploads/urunresimleri/buyuk/body-science-super-body-peeling-150-ml-ba-462.jpeg,VÜCUT BAKIM ÜRÜNLERİ > ,SCHRAMMEK,TL2.100,00
Body Vital Massage Oil 140 ML,Masaj Yağı Kayısı, Jojoba, Tatlı Portakal, Limon Esansiyel yağları ve E vitamininin, antioksidan özellikleriyle cildi beslemek ve enerji vermek için mükemmel bir karışımıdır. Cilde enerji ve rahatlık verir.,https://static.ticimax.cloud/cdn-cgi/image/width=76,quality=85/53520/uploads/urunresimleri/buyuk/body-vital-massage-oil-140-ml-3f521d.jpeg,VÜCUT BAKIM ÜRÜNLERİ > BAKIM YAĞI > ,BELLEFONTAINE S.,
BOOTIFUL Anti-Cellulite Firming Cream 200 ML,BOOTIFUL Selülit Karşıtı Sıkılaştırıcı Krem, selülit görünümünü engellerken daha pürüzsüz ve daha sıkı bir cilt görünümü elde etmenize yardımcı olmak üzere özel olarak formüle edilmiştir. Klinik çalışmalarla kanıtlanmış etkili formülü ve güçlü içerikleriyle BOOTIFUL, selülitin temel nedenlerini hedef alarak portakal kabuğu görünümünü engellemeye yardımcı olurken cildin elastikiyetini arttırmayı destekler. İçeriğindeki Carnitine ile ciltte yağ oluşumunu engellemeyi, Vanillyl Butyl Ether ile deride bulunan yağın yakımını hızlandırmayı, Coffee Arabica Oil ile ise selülit oluşumunu önlemeyi destekler. Selülitin özgüveninizi daha fazla engellemesine izin vermeyin. Devrim niteliğindeki BOOTIFUL ile gururla sergileyeceğiniz daha pürüzsüz, daha sıkı ve daha güzel bir cilde kavuşun. Güzellik yolculuğunuzda kontrolü ele alın ve farkı kendiniz deneyimleyin! Sıkı ve pürüzsüz bir cilt elde etmek için günde 2 kere düzenli olarak kullanmayı ve bol su içmeyi unutmayın.,https://static.ticimax.cloud/cdn-cgi/image/width=76,quality=85/53520/uploads/urunresimleri/buyuk/bootiful-anti-cellulite-firming-cream--acd7c7.jpeg,VÜCUT BAKIM ÜRÜNLERİ > KREM > ,BOOTIFUL,TL795,00
CBD Scalp + Body Oil 60 ML,CBD Scalp Body Oil, vücutta oluşan ağrı ve iltihaplanma gibi çeşitli rahatsızlıkları potansiyel olarak hafifletmeye yardımcı olabilecek 100 mg CBD içeren vücut yağı.,https://static.ticimax.cloud/cdn-cgi/image/width=76,quality=85/53520/uploads/urunresimleri/buyuk/cbd-scalp-body-oil-60-ml-4-3821.jpeg,VÜCUT BAKIM ÜRÜNLERİ > BAKIM YAĞI > ,PHILIP B,TL4.838,00
Cell - Power Hornskin Reducer - 100 ml,Nasırlı, kuru ve pürüzlü cildin hedeflenen azaltılması için etkili özel bakım.,https://static.ticimax.cloud/cdn-cgi/image/width=76,quality=85/53520/uploads/urunresimleri/buyuk/cell-power-hornskin-reducer-100-ml-f-5f93.jpeg,VÜCUT BAKIM ÜRÜNLERİ > KREM > ,MBR,TL4.242,00
Cell-Power Anti-Cellulite Treatment - 200 ml,Karın, kalça, popo, basen ve üst kollardaki inatçı sorunlu bölgeleri sıkılaştırmak ve güçlendirmek için yeni aktif selülit önleyici/zayıflatıcı formüle sahip, yağlı olmayan, aktive edici jel emülsiyon.,https://static.ticimax.cloud/cdn-cgi/image/width=76,quality=85/53520/uploads/urunresimleri/buyuk/cell-power-anti-cellulite-treatment-20-eed-57.jpeg,VÜCUT BAKIM ÜRÜNLERİ > KREM > ,MBR,TL8.860,00
Cell-Power Bust up Concentrate - 50 ml,Sıkı ve güzel bir göğüs için sıkılaştırıcı yoğun bakım. Meme dokusunun gençlikteki sıkılığını ve elastikiyetini korur.,https://static.ticimax.cloud/cdn-cgi/image/width=76,quality=85/53520/uploads/urunresimleri/buyuk/cell-power-bust-up-concentrate-50-ml-e-585b.jpeg,VÜCUT BAKIM ÜRÜNLERİ > SERUM > ,MBR,TL10.185,00
Cell-Power Cream Deodorant - 50 ml,https://static.ticimax.cloud/cdn-cgi/image/width=76,quality=85/53520/uploads/urunresimleri/buyuk/cell-power-cream-deodorant-50-ml-ce0718.jpeg,VÜCUT BAKIM ÜRÜNLERİ > DEODORANT > ,TL2.413,00
Cell-Power Firming Body Lotion - 200 ml,Vücuda yeni hatlar ve sıkılık kazandıran pürüzsüzleştirici, sıkılaştırıcı losyon. Doku oluşumunu destekler ve kolajen sentezini uyarır,https://static.ticimax.cloud/cdn-cgi/image/width=76,quality=85/53520/uploads/urunresimleri/buyuk/cell-power-firming-body-lotion-200-ml-17d-72.jpeg,VÜCUT BAKIM ÜRÜNLERİ > LOSYON > ,MBR,TL8.426,00
Cell-Power Foot & Leg Cream - 100 ml,Canlandırıcı, serinletici ve detoksifiye edici ayak ve bacak kremi.,https://static.ticimax.cloud/cdn-cgi/image/width=76,quality=85/53520/uploads/urunresimleri/buyuk/cell-power-foot-leg-cream-100-ml-8ff378.jpeg,VÜCUT BAKIM ÜRÜNLERİ > KREM > ,MBR,TL4.462,00
Cell-Power Hand Treatment - 100 ml,Yoğun koruyucu ve besleyici el kremi.,https://static.ticimax.cloud/cdn-cgi/image/width=76,quality=85/53520/uploads/urunresimleri/buyuk/cell-power-hand-treatment-100-ml-10dc90.jpeg,VÜCUT BAKIM ÜRÜNLERİ > KREM > ,MBR,TL4.290,00
Cell-Power Lipo Peel - 200 ml,Değerli bitki lipidlerine ve seçilmiş şeker ve tuz kristallerine dayalı özel vücut peelingi.,https://static.ticimax.cloud/cdn-cgi/image/width=76,quality=85/53520/uploads/urunresimleri/buyuk/cell-power-lipo-peel-200-ml-6ab3d2.jpeg,VÜCUT BAKIM ÜRÜNLERİ > PEELING > ,MBR,TL4.169,00
Cell-Power Lipo Shower Gel - 200 ml,Vücudun temizlenmesi, bakımı ve canlandırılması için yeniden yağlayıcı lipidler içeren duş ve banyo jeli.,https://static.ticimax.cloud/cdn-cgi/image/width=76,quality=85/53520/uploads/urunresimleri/buyuk/cell-power-lipo-shower-gel-200-ml-e-5c0b.jpeg,VÜCUT BAKIM ÜRÜNLERİ > JEL > ,MBR,TL3.900,00
Cell-Power Nail Oil - 7,5 ml,Sağlıklı ve bakımlı tırnaklar için güçlendirici tırnak yağı.,https://static.ticimax.cloud/cdn-cgi/image/width=76,quality=85/53520/uploads/urunresimleri/buyuk/cell-power-nail-oil-75-ml--ea63-.jpeg,VÜCUT BAKIM ÜRÜNLERİ > BAKIM YAĞI > ,MBR,TL1.757,00
Cell-Power Neck&Decollete Cream - 100 ml,Cildin performansını aktif olarak artıran zengin içerikli, yoğun sıkılaştırıcı besleyici krem.,https://static.ticimax.cloud/cdn-cgi/image/width=76,quality=85/53520/uploads/urunresimleri/buyuk/cell-power-neckdecollete-cream-100-ml-7d1-e6.jpeg,VÜCUT BAKIM ÜRÜNLERİ > KREM > ,MBR,TL9.591,00
Cell-Power Neck&Decollete Cream - 200 ml,Cildin performansını aktif olarak artıran zengin içerikli, yoğun sıkılaştırıcı besleyici krem.,https://static.ticimax.cloud/cdn-cgi/image/width=76,quality=85/53520/uploads/urunresimleri/buyuk/cell-power-neckdecollete-cream-200-ml-10-9c1.jpeg,VÜCUT BAKIM ÜRÜNLERİ > KREM > ,MBR,TL15.058,00
Cell-Power Rich Contouring Cream - 200 ml,Yenilenmeye ihtiyaç duyan stresli, kuru ciltler için zengin, kremamsı iyi hissettiren bakım.,https://static.ticimax.cloud/cdn-cgi/image/width=76,quality=85/53520/uploads/urunresimleri/buyuk/cell-power-rich-contouring-cream-200-m-2-6669.jpeg,VÜCUT BAKIM ÜRÜNLERİ > KREM > ,MBR,TL13.754,00
Cell-Power Rich Contouring Cream - 400 ml,Yenilenmeye ihtiyaç duyan stresli, kuru ciltler için zengin, kremamsı iyi hissettiren bakım.,https://static.ticimax.cloud/cdn-cgi/image/width=76,quality=85/53520/uploads/urunresimleri/buyuk/cell-power-rich-contouring-cream-400-m-f1-42e.jpeg,VÜCUT BAKIM ÜRÜNLERİ > KREM > ,MBR,TL24.787,00
COLLAGEN BOOSTER SERUM 100 ML,Çözünür kolajen bakımından zengin olan bu serum, elastikiyetini geri kazandırırken vücudu sıkılaştırır, tonlar ve nemlendirir.,https://static.ticimax.cloud/cdn-cgi/image/width=76,quality=85/53520/uploads/urunresimleri/buyuk/collagen-booster-serum-100-ml--0c0fb.jpeg,VÜCUT BAKIM ÜRÜNLERİ > SERUM > ,MARGY'S,TL6.600,00
COLLAGEN FIRMING CREAM 100 ML,Zengin ve ipeksi bir dokuya sahip, vücut hatlarını sıkılaştıran yaşlanma karşıtı vücut kremi. Deniz kolajeni ile formüle edilmiş, cildinizi sıkılaştırır ve hücresel yenilenmeye izin verir. Cildin elastikiyetini geri kazandırmak için en iyi aktif bileşenleri içerir.,https://static.ticimax.cloud/cdn-cgi/image/width=76,quality=85/53520/uploads/urunresimleri/buyuk/collagen-firming-cream-100-ml-78d5e5.jpeg,VÜCUT BAKIM ÜRÜNLERİ > KREM > ,MARGY'S,TL5.750,00
Conditioning Body Wash 295 ML,Bu zengin, duyulara hitap eden, cildi besleyici vücut ürünü ile temizleyin, bakım yapın ve canlandırın. Türk hamamlarında kullanılan uçucu yağlardan esinlenen bu ipeksi, nazik temizleyici formül, Çay Ağacı ve Limon yağları ile birlikte, cildi temizlemek ve duyuları uyandırmak için Fransız Biberiye ve Çin Okaliptüs aromatik yağlarını içerir. Pro-Vitamin B5 ve sakinleştirici Sandal Ağacı, Lavanta ve Adaçayı, cildi yumuşatır ve rahatlatır.,https://static.ticimax.cloud/cdn-cgi/image/width=76,quality=85/53520/uploads/urunresimleri/buyuk/conditioning-body-wash-295-ml-fb-bc5.jpeg,VÜCUT BAKIM ÜRÜNLERİ > TEMİZLEME > ,DERMALOGICA,TL1.600,00
CREME AMINCISSANTE OXYGENANTE MC 110 200 ml,Bu zayıflama kremi gün boyu etki eder ve daha dengeli bir vücut, daha sıkı ve pürüzsüz bir cilt için vazgeçilmez bir üründür. Zayıflamaya yardımcı olmak için limon esansiyel yağları ve sünger özü, nane, selvi ve kekik tohumları içerir.,https://static.ticimax.cloud/cdn-cgi/image/width=76,quality=85/53520/uploads/urunresimleri/buyuk/creme-amincissante-oxygenante-mc-110-2-86-b1c.jpeg,VÜCUT BAKIM ÜRÜNLERİ > KREM > ,BIOLOGIQUE R.,
CREME ANTI-C 200 ml,Bu çoklu fayda sağlayan ürün, selülitin neden olduğu tüm görünür hasarları onarmak için farklı cephelerde eş zamanlı hareket sağlar. Adiposit kütlesini hacim olarak azaltır, dermo-epidermal yapılarda düzensizliği önler, pul pul dökülür ve portakal kabuğu derisinin görünümünü azaltır. Bitki özleri, sarmaşık, atkuyruğu, ısırgan otu ve huş ağacı kabuğu bakımından zengin formül, mikro dolaşımı uyarır.,https://static.ticimax.cloud/cdn-cgi/image/width=76,quality=85/53520/uploads/urunresimleri/buyuk/creme-anti-c-200-ml-13-e0e.jpeg,VÜCUT BAKIM ÜRÜNLERİ > KREM > ,
CREME DERMO-RL CORPS 175 ml,Crème Dermo-RL Corps, temel yağ asitleri alımı sayesinde, lipid eksikliği olan epidermislerin yenilenmesini destekler. Nemlendirici ve koruyucu aktif bileşenleri, cildi dehidrasyondan ve günlük saldırılara karşı korumak için kutanöz hidrolipidik bariyerin bütünlüğünü korumaya yardımcı olur. Bu tedavi epidermisin doğal lipidik filmini eski haline getirerek cildin orijinal yapısını geri kazanmasına yardımcı olur.,https://static.ticimax.cloud/cdn-cgi/image/width=76,quality=85/53520/uploads/urunresimleri/buyuk/creme-dermo-rl-corps-175-ml--ee8c-.jpeg,VÜCUT BAKIM ÜRÜNLERİ > KREM > ,BIOLOGIQUE R.,
CREME LIPOSCULT AC 200 ML,Liposculpt AC, şekil düzeltici, selülit görünümünü azaltıcı bir inceltici bakım kremidir. Lipolitik ve drenaj etkili aktif bileşenleri, yağlı selülit (lipolitik etki) ve su birikimleri olan selülitle (mikro sirkülasyon üzerindeki etki) mücadeleye yardımcı olur. Dokularda depolanan yağ birikintilerinin ve suyun yok edilmesini kolaylaştırırlar.,https://static.ticimax.cloud/cdn-cgi/image/width=76,quality=85/53520/uploads/urunresimleri/buyuk/creme-liposcult-ac-200-ml-44b5-9.jpeg,VÜCUT BAKIM ÜRÜNLERİ > KREM > ,BIOLOGIQUE R.,
CREME MATRICIELLE 100 ml,Sarkan cildi sıkılaştırmayı hedef alan Crème Matricielle, ayrıca ince, ipeksi ve yağ bırakmayan bir yapıya sahiptir. Düzenli kullanım ile cilt pürüzsüzleşir ve sıkılaşır.,https://static.ticimax.cloud/cdn-cgi/image/width=76,quality=85/53520/uploads/urunresimleri/buyuk/creme-matricielle-100-ml-7-8630.jpeg,VÜCUT BAKIM ÜRÜNLERİ > KREM > ,BIOLOGIQUE R.,
CREME MSR-H CORPS 200 ml,Crème MSR-H Corps, hormonal aktivite yavaşladıkça cilt ve vücut hatlarındaki değişiklikleri dikkate alan hedefli bir formülasyonla besleyici yaşlanma karşıtı cilt bakımı sunar. Menopoz öncesi, sırasında ve sonrasında ortaya çıkan deri dengesizliklerinin telafi edilmesine yardımcı olarak cildi yeniden yoğunlaştırmak ve dengelemek için hareket eder.,https://static.ticimax.cloud/cdn-cgi/image/width=76,quality=85/53520/uploads/urunresimleri/buyuk/creme-msr-h-corps-200-ml-5a-7d3.jpeg,VÜCUT BAKIM ÜRÜNLERİ > KREM > ,BIOLOGIQUE R.,
Delicious nourishing scrub with Coco 260 GR,Gerçek bir 2'si 1 arada bakım ürünü olan bu scrub cildi eksfoliye eder ve besler. Tuz kristalleri ve hindistancevizi %100 doğal eksfoliantlardan oluşan hoş karışım, ölü hücreleri, en kuru ciltleri bile nazikçe ve etkili bir şekilde ortadan kaldırır. Cildiniz pürüzsüz, yumuşak ve parlaktır. Organik hindistancevizi yağı ile zenginleştirilmiş, cildi yoğun ve yatıştırıcı bir şekilde besler. Gerçek bir zindelik anı için, yağ içinde balsam dokusu, su ile temas ettiğinde, hoş bir hindistancevizi kokusu ekleyen sütlü, besleyici bir örtüye dönüşür. KULLANIM: Islak ve temiz cilde dairesel hareketlerle uygulayın. Ardından durulayın.,https://static.ticimax.cloud/cdn-cgi/image/width=76,quality=85/53520/uploads/urunresimleri/buyuk/delicious-nourishing-scrub-with-coco-2-103469.jpeg,VÜCUT BAKIM ÜRÜNLERİ > PEELING > ,HEI POA,TL569,00
Eau de Toilette ‐ Aquatic Sensuality 50 ML,TURKUAZ BİR LAGUNDA YOLCULUK SIRASINDA TENİNİZDE SOĞUK BİR RÜZGAR HİSSİ THE FRAGRANCE - Tiara & Water Jasmine (Su Yasemini),https://static.ticimax.cloud/cdn-cgi/image/width=76,quality=85/53520/uploads/urunresimleri/buyuk/eau-de-toilette-aquatic-sensuality-50--cc-1d4.jpg,VÜCUT BAKIM ÜRÜNLERİ > DİĞER > ,HEI POA,TL569,00
Eau de Toilette ‐ Exotic Sensuality 50 ML,ÇİÇEKLER VE TROPİK MEYVELER İLE EGZOTİK DENEYİM THE FRAGRANCE - Tiara & Pitaya (Ejder Meyvesi),https://static.ticimax.cloud/cdn-cgi/image/width=76,quality=85/53520/uploads/urunresimleri/buyuk/eau-de-toilette-exotic-sensuality-50-m-acdac2.jpg,VÜCUT BAKIM ÜRÜNLERİ > DİĞER > ,HEI POA,TL569,00
Eau de Toilette ‐ Mythic Sensualite ‐ Tiara & Vanilla 50 ML,SECRET AND SENSUAL, IT LEAVES A DELICATE TRAIL ON THE SKIN THE FRAGRANCE - Tiara & Vanilla,https://static.ticimax.cloud/cdn-cgi/image/width=76,quality=85/53520/uploads/urunresimleri/buyuk/eau-de-toilette-mythic-sensualite-tiar-a-918e.jpg,VÜCUT BAKIM ÜRÜNLERİ > DİĞER > ,HEI POA,TL569,00
Eau de toilette Idyllic Sensuality ‐ Tiara & Frangipani 50 ML,SICAK, IŞILTILI VE TROPİK NOTALARI TAMAMLAYAN BİR İDİL THE FRAGRANCE - Tiara & Frangipani (Hint Yasemini),https://static.ticimax.cloud/cdn-cgi/image/width=76,quality=85/53520/uploads/urunresimleri/buyuk/eau-de-toilette-idyllic-sensuality-tia-71886-.jpg,VÜCUT BAKIM ÜRÜNLERİ > DİĞER > ,HEI POA,TL569,00
Eau de Toilette Polynesian treasure 50 ML,VANİLYA NOTALARI İLE TİARA VE YASEMİN ÇİÇEKLERİ BUKESİ THE FRAGRANCE – Trésor de Polynésie (Polinezya Hazinesi),https://static.ticimax.cloud/cdn-cgi/image/width=76,quality=85/53520/uploads/urunresimleri/buyuk/eau-de-toilette-polynesian-treasure-50--9f8d-.jpg,VÜCUT BAKIM ÜRÜNLERİ > DİĞER > ,HEI POA,TL569,00
EMULSION CORPS VIP O2 150 ml,Emulsion Corps VIP O2, kirlilik önleyici bir kalkan görevi görerek, kirletici parçacıkların cilt yüzeyine yapışmasını ve böylece nüfuz etmelerini engeller. Oksijen verici ve nemlendirici aktif bileşenlerin zenginliği, epidermisi günlük kirleticilere maruz kalmaktan korumak için birleşir.,https://static.ticimax.cloud/cdn-cgi/image/width=76,quality=85/53520/uploads/urunresimleri/buyuk/emulsion-corps-vip-o2-150-ml--c22ed.jpeg,VÜCUT BAKIM ÜRÜNLERİ > KREM > ,BIOLOGIQUE R.,
EMULSION MAINS PIGM 400 75ML,Emulsion Mains PIGM 400, kuru ellerdeki pigmentasyon lekeleriyle savaşan çok yönlü bir kremdir. Cilde hızla nüfuz eder ve koyu lekeleri gözle görülür şekilde azaltır. Ellerdeki cilt yumuşak ve parlak hale gelir hem de yağlı bir tabaka bırakamadan.,https://static.ticimax.cloud/cdn-cgi/image/width=76,quality=85/53520/uploads/urunresimleri/buyuk/emulsion-mains-pigm-400-75ml-067c-3.jpeg,VÜCUT BAKIM ÜRÜNLERİ > KREM > ,BIOLOGIQUE R.,TL1.780,00
EMULSION ORIGINELLE REGENERANTE CORPS 200 ml,Emulsion Originelle Régénérante Corps, ""yenileme etkisi"" sayesinde epidermisi aşırı hava koşullarından koruyan, lipit yenileyici aktif bileşenlerle zenginleştirilmiş bir nemlendirici kremdir.,https://static.ticimax.cloud/cdn-cgi/image/width=76,quality=85/53520/uploads/urunresimleri/buyuk/emulsion-originelle-regenerante-corps--b-99af.jpeg,VÜCUT BAKIM ÜRÜNLERİ > KREM > ,BIOLOGIQUE R.,
EMULSION RENOVATRICE MAINS 75 ml,Emulsion Rénovatrice Mains, elleri bir arada korur ve nemlendirir. Sert çevre ve hava koşullarına karşı eller için kalkan görevi görür, cildi rahatlatır, gerginliği giderir, tırnakları güçlendirir. Hafif dokusu, yağlı olmayan, yapışkan olmayan bir son verir ve cildi satensi pürüzsüz bırakır.",https://static.ticimax.cloud/cdn-cgi/image/width=76,quality=85/53520/uploads/urunresimleri/buyuk/emulsion-renovatrice-mains-75-ml-1-b648.jpeg,VÜCUT BAKIM ÜRÜNLERİ > KREM > ,BIOLOGIQUE R.,TL1.530,00
Energetix - Body Brush,Bu ahşap kuru masaj fırçası, ergonomik şekilli bir sapla birlikte gelir. Sapı çıkarıp fırçayı tekstil halkasıyla birlikte pratik bir el fırçası olarak kullanmak mümkündür. Doğal kıllar ve çoklu masaj noktaları hoş bir masaj etkisi yaratır. Cildinizi düzenli olarak fırçalamak kan dolaşımını ve lenfatik akışları uyarır. Ayrıca cildinizi ölü deri hücrelerinden arındıracak ve yeni hücrelerin üretimini teşvik edeceksiniz. Cildi kuru bir fırçayla fırçalamak binlerce yıldır Ayurveda yaklaşımının önemli bir parçası olmuştur. Fırça, uygun saklama için bir kumaş kese içerir.,https://static.ticimax.cloud/cdn-cgi/image/width=76,quality=85/53520/uploads/urunresimleri/buyuk/energetix-body-brush-cd3d-4.jpeg,VÜCUT BAKIM ÜRÜNLERİ > WELLNESS > ,ENERGETIX,TL2.107,00
Energetix - Counterpart for MagnetHeart (Flower of Life),'Hayat Çiçeği' motifi, popüler MagnetHeart'ın bu benzerini akıllı bir tasarıma sahip mükemmel bir eklentiye dönüştürüyor. Sevdiğiniz ve zarif görünümüyle ikna ettiğiniz MagnetHeart'ta kesinlikle göz alıcı olacak.,https://static.ticimax.cloud/cdn-cgi/image/width=76,quality=85/53520/uploads/urunresimleri/buyuk/energetix-counterpart-for-magnetheart--4f6c-8.jpeg,VÜCUT BAKIM ÜRÜNLERİ > WELLNESS > ,ENERGETIX,TL842,00
Energetix - Magnet Bandage,ENERGETIX'in MagnetBandajı, bipolar mıknatıslarıyla sağlığınız için yumuşak, doğal bir güç sağlar. Sıcaklık verir ve gerginliği gidermeye yardımcı olur. Velcro tokalı çıkarılabilir askısı, vücudun her yerine rahatça takılmasını sağlar. Ayrı olarak satılan kılıf, kayış olmadan minder veya üzerine yatılacak yastık olarak kullanılmasına olanak tanır.,https://static.ticimax.cloud/cdn-cgi/image/width=76,quality=85/53520/uploads/urunresimleri/buyuk/energetix-magnet-bandage-d67-cf.jpeg,VÜCUT BAKIM ÜRÜNLERİ > WELLNESS > ,ENERGETIX,TL3.409,00
Energetix - Magnet Blanket,https://static.ticimax.cloud/cdn-cgi/image/width=76,quality=85/53520/uploads/urunresimleri/buyuk/energetix-magnet-blanket-801bc0.jpeg,VÜCUT BAKIM ÜRÜNLERİ > WELLNESS > ,TL3.795,00
Energetix - Magnet Comfort,Rahatlamak ve uyumak için konfor ve sağlıklı yaşam. Yüksek kaliteli hafızalı köpük, sevimli yumuşak bir dış malzemeyle kaplanmıştır. Ergonomik şekli boyun ağrısını ve gerginliğini önlemeye yardımcı olabilir. Boyun ve omuz bölgesinde her biri 0,12 Tesla'ya sahip sekiz güçlü neodimyum mıknatıs, mıknatısların gücüyle ek sağlık sağlar. Evde ve yoldayken idealdir. Neden kendin denemiyorsun? Taşıma çantasına konulan boyun yastığı çok küçüktür ve her yolculukta rahatça yanınızda taşıyabilirsiniz.,https://static.ticimax.cloud/cdn-cgi/image/width=76,quality=85/53520/uploads/urunresimleri/buyuk/energetix-magnet-comfort-ad-390.jpeg,VÜCUT BAKIM ÜRÜNLERİ > WELLNESS > ,ENERGETIX,TL2.875,00
Energetix - Magnet Faceroller,https://static.ticimax.cloud/cdn-cgi/image/width=76,quality=85/53520/uploads/urunresimleri/buyuk/energetix-magnet-faceroller-9942-3.jpeg,VÜCUT BAKIM ÜRÜNLERİ > WELLNESS > ,TL2.185,00
Energetix - Magnet Heart,Popüler MagnetHeart iki parçadan oluşur: cilde takılan ekstra güçlü mıknatıs parçası ve mıknatısı giysinize dışarıdan sabitleyen aynı tasarıma sahip parça. MagnetHeart isteğe göre tamamen bakır tarafıyla veya bakır tarafı olmadan mevcuttur. Aksesuar birçok şekilde kullanılabilir ve vücudun herhangi bir yerine takılabilir. Aksesuarı çekici bir takıya dönüştüren çeşitli dekoratif karşılıkları da mevcuttur. ENERGETIX, yardımlarla mücadelede toplumun en zayıf kesimlerini destekleyen Hugo Tempelman Vakfı'na satılan her mıknatıslı kalp için iki avro bağışlıyor.,https://static.ticimax.cloud/cdn-cgi/image/width=76,quality=85/53520/uploads/urunresimleri/buyuk/energetix-magnet-heart-d00e4a.jpeg,VÜCUT BAKIM ÜRÜNLERİ > WELLNESS > ,ENERGETIX,TL1.598,00
Energetix - Magnet Long Water Stick (Modern Design),Bu özellikle uzun, manyetik su çubuğu, basit ve ince tasarımıyla etkileyicidir ve sürahiler için idealdir. Manyetik kuvvet alanını doğrudan içeceğinize getirmekle kalmıyor, aynı zamanda içmeyi görsel bir deneyime dönüştürüyor. Cilalı yüzey, kişiselleştirilmiş gravür için alan sunarak manyetik çubuğu mükemmel bir hediye haline getirir.,https://static.ticimax.cloud/cdn-cgi/image/width=76,quality=85/53520/uploads/urunresimleri/buyuk/energetix-magnet-long-water-stick-mode-d16e3b.jpeg,VÜCUT BAKIM ÜRÜNLERİ > WELLNESS > ,ENERGETIX,TL1.495,00
Energetix - Magnet Relax,Bu rahatlama maskesi MagnetRelax ile kendinizi harika hissedin! İster seyahatte ister evde olun – MagnetRelax rahatlama maskesi rahatsız edici ışığa karşı optimum koruma sağlar. Yedi güçlü neodimyum mıknatıs, ek bir sağlıklı yaşam etkisi sağlar. Mıknatıslar, yumuşak malzeme, yumuşak burun köprüsü ve yastıklı Velcro® kayış bir araya gelerek standart uyku maskelerine göre katma değer yaratır. ✔ derin yenileyici rahatlama ✔ ek sağlıklı yaşam etkisi ✔ pratik bir taşıma çantasında,https://static.ticimax.cloud/cdn-cgi/image/width=76,quality=85/53520/uploads/urunresimleri/buyuk/energetix-magnet-relax-3-99ff.jpeg,VÜCUT BAKIM ÜRÜNLERİ > WELLNESS > ,ENERGETIX,TL1.992,00
Energetix - Magnet Short Water Stick (Lucky Clover Leaf),Dört yapraklı yoncalı su mıknatısı çubuğu Mıknatısların gücünü doğrudan suyunuza aktarmak için bu mıknatıs çubuğunu içecek bardağınıza yerleştirmeniz yeterlidir. Su çubuğunun bu kısa versiyonunun avantajı, daha küçük bardaklarla da kullanılabilmesi ve şeklinin kenardan kolayca asılabilmesidir. Yonca yaprağı motifinin görünümü çok güzeldir ve su mıknatısı çubuğunu sevilen biri için harika bir hediye haline getirir.,https://static.ticimax.cloud/cdn-cgi/image/width=76,quality=85/53520/uploads/urunresimleri/buyuk/energetix-magnet-short-water-stick-luc-b03-9d.jpeg,VÜCUT BAKIM ÜRÜNLERİ > WELLNESS > ,ENERGETIX,TL1.514,00
Energetix - Magnet Strip For Back,Küçük, güçlü ve kuvvet dolu: En popüler ürünlerimizden olan, iki adet güçlü neodimyum miknatis içeren ManyetikStrip, karsi parçasi ile giysi üzerinde sabitlenir. ManyetikStrip'te bakirli ve bakirsiz seçenegi bulunmaktadir. Isteginize göre seçiminizi yapabilirsiniz . Manyetik gücü sade formda arayanlara hitap etmektedir. MagnetHeart takmak istemeyenlere alternatif olarak sunulmaktadir. Görselde de görmüs oldugunuz gibi; lütfen kapagi miknatislarin oldugu yüzeye degil, cilali yüzeye sabitleyiniz.,https://static.ticimax.cloud/cdn-cgi/image/width=76,quality=85/53520/uploads/urunresimleri/buyuk/energetix-magnet-strip-for-back-fe3-de.jpeg,VÜCUT BAKIM ÜRÜNLERİ > WELLNESS > ,ENERGETIX,TL1.598,00
Energetix - Magnet Water Stick (Drop Shape),Damla şeklinde üst kısmı olan MagnetStick Bu su MagnetStick, cilalı paslanmaz çelikten yapılmıştır ve damla şeklinde bir üst kısma sahiptir. Çubuk istek üzerine bir gravürle kişiselleştirilebilir. MagnetStick, mıknatısların gücünün doğrudan içme suyunuza eklenmesini sağlar ve aynı zamanda harika görünür!,https://static.ticimax.cloud/cdn-cgi/image/width=76,quality=85/53520/uploads/urunresimleri/buyuk/energetix-magnet-water-stick-drop-shap-e32989.jpeg,VÜCUT BAKIM ÜRÜNLERİ > WELLNESS > ,ENERGETIX,TL1.514,00
Energetix - Magnet Water Stick (Flower of Life),Marka,https://static.ticimax.cloud/cdn-cgi/image/width=76,quality=85/53520/uploads/urunresimleri/buyuk/energetix-magnet-water-stick-flower-of-b86796.jpeg,VÜCUT BAKIM ÜRÜNLERİ > WELLNESS > ,ENERGETIX,TL1.598,00
Energetix - Magnet Water Stick (Frog),Doğrudan içme suyuna manyetik güç eklemek için popüler su çubuğunu kullanın. Farklı motiflerle sunulan mıknatıslı su çubuğu, günlük 1,5 litre su ihtiyacını da görsel bir keyfe dönüştürüyor. ENERGETIX'in alamet-i farikası olan neşeyle sıçrayan kurbağanın gözlerinden biri parlak bir kristale sahiptir.,https://static.ticimax.cloud/cdn-cgi/image/width=76,quality=85/53520/uploads/urunresimleri/buyuk/energetix-magnet-water-stick-frog-92a132.jpeg,VÜCUT BAKIM ÜRÜNLERİ > WELLNESS > ,ENERGETIX,TL1.514,00
Energetix - Magnet Water Stick (Lotus Flower),Lotus Çiçeği su çubuğu son derece parlak paslanmaz çelikten yapılmıştır. Saflık ve güzelliğin popüler sembolü olan stilize nilüfer çiçeği, görsel açıdan öne çıkan unsurdur. Bu su çubuğunu ister kendiniz için kullanabilir, ister özel birine hediye edebilirsiniz.,https://static.ticimax.cloud/cdn-cgi/image/width=76,quality=85/53520/uploads/urunresimleri/buyuk/energetix-magnet-water-stick-lotus-flo-9074-2.jpeg,VÜCUT BAKIM ÜRÜNLERİ > WELLNESS > ,ENERGETIX,TL1.598,00
Energetix - Magnet Water Stick (Lucky Shamrock),Doğrudan içme suyuna manyetik güç eklemek için popüler su çubuğunu kullanın. Farklı motiflerle sunulan mıknatıslı su çubuğu, günlük 1,5 litre su ihtiyacını da görsel bir keyfe dönüştürüyor. Dört yapraklı yoncalar uğurlu tılsımlar olarak kabul edilir; Bu nedenle su çubuğu da hediye olarak idealdir.,https://static.ticimax.cloud/cdn-cgi/image/width=76,quality=85/53520/uploads/urunresimleri/buyuk/energetix-magnet-water-stick-lucky-sha-7f-9cb.jpeg,VÜCUT BAKIM ÜRÜNLERİ > WELLNESS > ,ENERGETIX,TL1.514,00
Energetix - Magnet Water Stick (Modern Design),Bu manyetik su çubuğu basit ve ince tasarımıyla etkileyicidir. Mıknatısların gücünü doğrudan bardağınıza taşımakla kalmıyor, aynı zamanda içmeyi görsel bir deneyime dönüştürüyor. Cilalı yüzey bireysel gravür için alan sunar, bu da manyetik çubuğu mükemmel bir hediye haline getirir.,https://static.ticimax.cloud/cdn-cgi/image/width=76,quality=85/53520/uploads/urunresimleri/buyuk/energetix-magnet-water-stick-modern-de-4799-a.jpeg,VÜCUT BAKIM ÜRÜNLERİ > WELLNESS > ,ENERGETIX,TL1.379,00
Energetix - Magnet Water Stick (Nazar Motif),Entegre mıknatıslı su çubuğu, manyetik gücü doğrudan içme suyuna aktarır. Burada büyüleyici Nazar motifi var; yaygın inanışa göre nazardan koruyan mavi bir göz.,https://static.ticimax.cloud/cdn-cgi/image/width=76,quality=85/53520/uploads/urunresimleri/buyuk/energetix-magnet-water-stick-nazar-mot-f87-ac.jpeg,VÜCUT BAKIM ÜRÜNLERİ > WELLNESS > ,ENERGETIX,TL1.877,00
Energetix - Magnet Water Stick (Tree of Life),Bu cilalı paslanmaz çelik su çubuğunun üzerinde, içsel güç ve dengeyi temsil eden sembolik bir unsur olan hayat ağacı motifi kullanılmıştır. Büyüme ve istikrarın simgesi olan ağaç, her zaman popüler ve güçlü bir sembol olmuştur.,https://static.ticimax.cloud/cdn-cgi/image/width=76,quality=85/53520/uploads/urunresimleri/buyuk/energetix-magnet-water-stick-tree-of-l-a71c06.jpeg,VÜCUT BAKIM ÜRÜNLERİ > WELLNESS > ,ENERGETIX,TL1.598,00
Energetix - Magnetic Coaster (Flower of Life),Paslanmaz çelikten yapılmış bu bardak altlığı sadece bardaklarınızı ve şişelerinizi koymak için mükemmel bir ürün değil, aynı zamanda dekoratif bir yaşam aksesuarıdır. İçeceklerinizi görsel olarak çekici bir şekilde yerleştirin ve delikli 'Hayat Çiçeği' süs tasarımıyla büyülenin. İster işte ister evde, üç entegre mıknatıslı bardak altlığının favori aksesuarlarınızdan biri olacağı garantidir.,https://static.ticimax.cloud/cdn-cgi/image/width=76,quality=85/53520/uploads/urunresimleri/buyuk/energetix-magnetic-coaster-flower-of-l-3d-048.jpeg,VÜCUT BAKIM ÜRÜNLERİ > WELLNESS > ,ENERGETIX,TL1.992,00
Energetix - Magnets For Head,Manyetik masaj toplarına sahip paslanmaz çelik kafa spası Bu rahatlama aksesuarı, on iki adet esnek ve aynı zamanda boyutsal olarak stabil paslanmaz çelik masaj kolları ile birlikte gelir. Her kolun ucunda altısı manyetik olan bir masaj topu bulunur. Ergonomik sap, doğal bir çekicilik yayan ve ele tam oturan, açık renkli, yüksek kaliteli ahşaptan yapılmıştır. Sap, sınırsız masaj keyfi için baş spasının karmaşık olmayan ve çabadan tasarruf sağlayan bir şekilde uygulanmasına olanak tanır.,https://static.ticimax.cloud/cdn-cgi/image/width=76,quality=85/53520/uploads/urunresimleri/buyuk/energetix-magnets-for-head-eaf-a2.jpeg,VÜCUT BAKIM ÜRÜNLERİ > WELLNESS > ,ENERGETIX,TL1.992,00
Energy & Perfect - 50 ml,Bileşenler,https://static.ticimax.cloud/cdn-cgi/image/width=76,quality=85/53520/uploads/urunresimleri/buyuk/energy-perfect-50-ml-67-42a.jpeg,VÜCUT BAKIM ÜRÜNLERİ > DİĞER > ,MBR,TL5.266,00
Fenlo - Mandarin Body Scrub 300 GR,Fenlo Mandarin Body Scrub, vücudu derinlemesine temizlemek ve ölü deri hücrelerinden arındırmak kullanılan ve içeriğinde bulunan Mandalina Kabukları ile cilde tazelik veren fiziksel bir eksfoliant olup, cilt üzerine fırçalama etkisine yakın bir canlanma görülmesini destekler. Tüm cilt tiplerine ve tüm cilt durumlarına uygundur. Ürün, kullanıldıktan sonra, 24 saate varan süreyle, içeriğinde bulunan Citrus Nobilis sayesinde teninizin hoş kokmasına yardımcı olur.,https://static.ticimax.cloud/cdn-cgi/image/width=76,quality=85/53520/uploads/urunresimleri/buyuk/fenlo-mandarin-body-scrub-300-gr-024bda.jpeg,VÜCUT BAKIM ÜRÜNLERİ > PEELING > ,FENLO,TL690,00
Fenlo - Tırnak Bakım Serumu 20 ML,Tırnak Bakım Serumu,https://static.ticimax.cloud/cdn-cgi/image/width=76,quality=85/53520/uploads/urunresimleri/buyuk/fenlo-tirnak-bakim-serumu-20-ml-a1fca0.jpeg,VÜCUT BAKIM ÜRÜNLERİ > EL & AYAK BAKIMI > ,FENLO,TL470,00
Firm & Tone Breast Treatment,Son derece etkili jel formdaki ürün içeriğindeki Malakit ,yarı kıymetli taş, Carrageenan ve İsviçre Buzul Suyu ile anında serinlik ve ton düzeltme etkisi sunar.Kollajen üretimini uyarırken cildi dış saldırılara karşı güçlendirir ve sıkılığını arttırır.Günden güne göğüs kontürünün görünümü iyileşir ve sıkılaşır.,https://static.ticimax.cloud/cdn-cgi/image/width=76,quality=85/53520/uploads/urunresimleri/buyuk/firm-tone-breast-treatment-f5cca7.jpeg,VÜCUT BAKIM ÜRÜNLERİ > JEL > ,BELLEFONTAINE S.,
Floral Lavender Hand Crème 350 ML,Zengin Karışım içeren el kremi, esnek ve nemli hissetmek için nemi bol miktarda sağlar. Zarif pompalı şişe muhteşem bir görünüme sahiptir. Bir kurdele ile son dokunuşu yapabilirsiniz.,https://static.ticimax.cloud/cdn-cgi/image/width=76,quality=85/53520/uploads/urunresimleri/buyuk/floral-lavender-hand-cr-me-350-ml-f75abb.jpeg,VÜCUT BAKIM ÜRÜNLERİ > EL & AYAK BAKIMI > ,PHILIP B,TL2.546,00
Floral Lavender Hand Wash 350 ML,Şaşırtıcı derecede hafif ve kadifemsi bir his veren ve soymadan nazikçe temizleyen bir köpük için çiçek lavanta özlerinin karışımından yapılmıştır. Gelişmiş bitkisel nemlendiriciler ve güçlü L-Amino Asit Kompleksi kuru cildi nemlendirir. Kış için ve yaz için idealdir. Çiçeksi, naneli bitkisel ve canlandırıcı odunsu notalarla birleşen muhteşem lavanta kokusuyla.,https://static.ticimax.cloud/cdn-cgi/image/width=76,quality=85/53520/uploads/urunresimleri/buyuk/floral-lavender-hand-wash-350-ml-493-40.jpeg,VÜCUT BAKIM ÜRÜNLERİ > EL & AYAK BAKIMI > ,PHILIP B,TL2.139,00
GOMMAGE P50 CORPS 200 ml,Gommage P50 Corps, hücre yenilenmesini teşvik etmek için en kalın ciltlere ve en pürüzlü bölgelere hem kimyasal hem de mekanik yoğun pul pul dökülme sağlar.,https://static.ticimax.cloud/cdn-cgi/image/width=76,quality=85/53520/uploads/urunresimleri/buyuk/gommage-p50-corps-200-ml-bcd7a4.jpeg,VÜCUT BAKIM ÜRÜNLERİ > PEELING > ,BIOLOGIQUE R.,
GREEN & WHITE - 100 ml,Bileşenler,https://static.ticimax.cloud/cdn-cgi/image/width=76,quality=85/53520/uploads/urunresimleri/buyuk/green-white-100-ml--bff8-.jpeg,VÜCUT BAKIM ÜRÜNLERİ > BAKIM SPREYİ > ,MBR,TL6.436,00
Hand & Body for Men - 200 ml,Eller ve vücut için çok yönlü erkek bakımı - hafiflikte , ayrıca müşkülpesent, maskülen kokusuyla yoğun bakımda benzersiz!,https://static.ticimax.cloud/cdn-cgi/image/width=76,quality=85/53520/uploads/urunresimleri/buyuk/hand-body-for-men-200-ml-406c-a.jpeg,VÜCUT BAKIM ÜRÜNLERİ > KREM > ,MBR,TL6.509,00
HAND 24 HOUR 75 ML,HAND 24 HOUR, güçlü formülü sayesinde cildi kalıcı olarak güçlendirir. Ürün kullanıldıkça cildiniz hasara karşı daha dirençli hale gelir. Bu kümülatif etki; yumuşak, güzel ve mükemmel şekilde korunmuş elleri ortaya çıkarır.Valmont'un hücresel uzmanlığına sadık kalan HAND 24 HOUR krem, güçlü onarıcı ve yaşlanma karşıtı etki için DNA ve RNA'dan yapılmıştır. İlk uygulamadan itibaren yüksek onarıcı etki sağlar.,https://static.ticimax.cloud/cdn-cgi/image/width=76,quality=85/53520/uploads/urunresimleri/buyuk/hand-24-hour-75-ml-82685b.jpeg,VÜCUT BAKIM ÜRÜNLERİ > KREM > ,VALMONT,TL3.000,00
HAND NUTRITIVE TREATMENT 100 ML,Elleriniz için koruma sağlar ve onarır. Güçlü formülü sayesinde cildi kalıcı olarak güçlendirir. Ürün kullanıldıkça cildiniz hasara karşı daha dirençli hale gelir. Bu kümülatif etki; yumuşak, güzel ve mükemmel şekilde korunmuş elleri ortaya çıkarır.Valmont'un hücresel uzmanlığına sadık kalan HAND 24 HOUR krem, güçlü onarıcı ve yaşlanma karşıtı etki için DNA ve RNA'dan yapılmıştır. İlk uygulamadan itibaren yüksek onarıcı etki sağlar.,https://static.ticimax.cloud/cdn-cgi/image/width=76,quality=85/53520/uploads/urunresimleri/buyuk/hand-nutritive-treatment-100-ml-6d7-01.jpeg,VÜCUT BAKIM ÜRÜNLERİ > KREM > ,VALMONT,TL3.000,00
HAND Perfection Cream,Bu benzersiz formülasyon yoğun bir nemlendirici bakım sağlarken cilt yaşlanması belirtilerini gözle görülür şekilde önlemeye yardımcı olur. St. John Wort içeren eldeki dezenfektan kullanımına bağlı veya aşırı ısı değişimine bağlı nemsizlik problemlerini hafifletme yeteneğine sahiptir. Gün içinde istenilen miktarda ellere uygulanır.,https://static.ticimax.cloud/cdn-cgi/image/width=76,quality=85/53520/uploads/urunresimleri/buyuk/hand-perfection-cream--abf3-.jpeg,VÜCUT BAKIM ÜRÜNLERİ > KREM > ,PH FORMULA,
Harmony & Balance - 50 ml,Bileşenler,https://static.ticimax.cloud/cdn-cgi/image/width=76,quality=85/53520/uploads/urunresimleri/buyuk/harmony-balance-50-ml--9a90-.jpeg,VÜCUT BAKIM ÜRÜNLERİ > DİĞER > ,MBR,TL5.266,00
Heavy Legs Relieving Concentrate 140 ML,Menthol, Ruscus, Kafein ve İsviçre Buzul Suyu ile konsantre olan bu enerji verici jel, yorgun bacakları anında rahatlatır, yeniler, tonlar ve canlandırır.,https://static.ticimax.cloud/cdn-cgi/image/width=76,quality=85/53520/uploads/urunresimleri/buyuk/heavy-legs-relieving-concentrate-140-m-557-1f.jpeg,VÜCUT BAKIM ÜRÜNLERİ > SERUM > ,BELLEFONTAINE S.,
High Protection Body Lotion SPF 30 - 200 ml,Nazikçe eriyen ve besleyici güneş losyonu, güneşe alışık olmayan bronzlaşmamış cildi güvenilir bir şekilde korur, bakım yapar ve canlandırır. Hafif matlaştırıcı losyonun yayılması kolaydır ve yağlı veya yapışkan olmadan cilde bakım yapar. Sonuç, eşit ve sağlıklı bir bronzluk ile yumuşak, sıkı ve ideal şekilde korunmuş bir cilttir.,https://static.ticimax.cloud/cdn-cgi/image/width=76,quality=85/53520/uploads/urunresimleri/buyuk/high-protection-body-lotion-spf-30-200-44-821.jpeg,VÜCUT BAKIM ÜRÜNLERİ > GÜNEŞ KORUMA > ,MBR,TL10.416,00
HUILE BENEFIQUE 100 ml,Huile Bénéfique, saçta olduğu gibi vücutta ve yüzde de eşit derecede harika sonuçlar veren çok amaçlı bir yağdır. Lipid yenileyici, koruyucu ve nem giderici aktif bileşenleri cildi ve saçı besler ve iyileştirir.,https://static.ticimax.cloud/cdn-cgi/image/width=76,quality=85/53520/uploads/urunresimleri/buyuk/huile-benefique-100-ml-1e5977.jpeg,VÜCUT BAKIM ÜRÜNLERİ > BAKIM YAĞI > ,BIOLOGIQUE R.,
HUILE DERMOTONIQUE 100 ml,Huile Dermotonique, hızlı kilo verme veya sarkma belirtileri gösteren cildi sıkılaştırır. Tonlayıcı ve enerji verici aktif bileşenleri epidermisi canlandırır ve cildi daha pürüzsüz ve sıkı hale gelir.,https://static.ticimax.cloud/cdn-cgi/image/width=76,quality=85/53520/uploads/urunresimleri/buyuk/huile-dermotonique-100-ml-8c932b.jpeg,VÜCUT BAKIM ÜRÜNLERİ > BAKIM YAĞI > ,BIOLOGIQUE R.,
HUILE DETENTE 100 ml,Huile Détente, sakinleştirici özellikleri aynı zamanda rahatlatıcı masajlar için uygun hale getiren tüm vücut için çok yönlü bir terapötik destresandır. İçerdiği besleyici etken maddeler cildi yumuşak, rahat ve esnek bir hale getirir.,https://static.ticimax.cloud/cdn-cgi/image/width=76,quality=85/53520/uploads/urunresimleri/buyuk/huile-detente-100-ml-c-214e.jpeg,VÜCUT BAKIM ÜRÜNLERİ > BAKIM YAĞI > ,BIOLOGIQUE R.,
HUILE FONDAMENTALE 100 ml,Huile Fondamentale, antioksidan, nemlendirici ve yenileyici özellikleriyle bilinen 6 saf bitkisel yağın bileşiminden oluşur. Esansiyel yağ asitlerinin (Omega 3, 6, 7 ve 9) yüksek konsantrasyonu, bu ürünü kutanöz lipidlerin dengesini korumak, cildin kalitesini geri kazandırmak, kuru ve kırılgan saçları güçlendirmek için nihai ve çok kullanımlı bir bakım ürünü haline getirir.,https://static.ticimax.cloud/cdn-cgi/image/width=76,quality=85/53520/uploads/urunresimleri/buyuk/huile-fondamentale-100-ml-5bc761.jpeg,VÜCUT BAKIM ÜRÜNLERİ > BAKIM YAĞI > ,BIOLOGIQUE R.,
HUILE JAMBES LOURDES 100 ml,Yorgun bacakları hafifletir ve mikro dolaşımı iyileştirmeye yardımcı olur.,https://static.ticimax.cloud/cdn-cgi/image/width=76,quality=85/53520/uploads/urunresimleri/buyuk/huile-jambes-lourdes-100-ml--a4ee-.jpeg,VÜCUT BAKIM ÜRÜNLERİ > BAKIM YAĞI > ,BIOLOGIQUE R.,
HUILE SOUS-OMBILICALE 100 ml,Huile Sous-Ombilicale, besler ve karın bölgesindeki toksinleri ve yok eder. Rahatlatıcı aktif bileşenleri anında rahatlama sağlarken masaj, su tutmaya ve şişkin bir göbeğe karşı yardımcı olur.,https://static.ticimax.cloud/cdn-cgi/image/width=76,quality=85/53520/uploads/urunresimleri/buyuk/huile-sous-ombilicale-100-ml-547-4e.jpeg,VÜCUT BAKIM ÜRÜNLERİ > BAKIM YAĞI > ,BIOLOGIQUE R.,
IDM Concept Manikür Eldiveni,Manikür için ihtiyacınız olan tüm ürünleri bir arada sunan bu set ile hijyen garanti altında.,https://static.ticimax.cloud/cdn-cgi/image/width=76,quality=85/53520/uploads/urunresimleri/buyuk/idm-concept-manikur-eldiveni-73b-4d.jpeg,https://static.ticimax.cloud/cdn-cgi/image/width=76,quality=85/53520/uploads/urunresimleri/buyuk/idm-concept-manikur-eldiveni-a3b90-.jpeg,https://static.ticimax.cloud/cdn-cgi/image/width=76,quality=85/53520/uploads/urunresimleri/buyuk/idm-concept-manikur-eldiveni-32-214.jpeg,VÜCUT BAKIM ÜRÜNLERİ > DİĞER > ,IDM CONCEPT,TL100,00
IDM Concept Pedikür Çorabı,Pedikür için ihtiyacınız olan tüm ürünleri bir arada sunan bu set ile hijyen garanti altında.,https://static.ticimax.cloud/cdn-cgi/image/width=76,quality=85/53520/uploads/urunresimleri/buyuk/idm-concept-pedikur-corabi-4b4-40.jpeg,https://static.ticimax.cloud/cdn-cgi/image/width=76,quality=85/53520/uploads/urunresimleri/buyuk/idm-concept-pedikur-corabi-146e49.jpeg,https://static.ticimax.cloud/cdn-cgi/image/width=76,quality=85/53520/uploads/urunresimleri/buyuk/idm-concept-pedikur-corabi-178ebc.jpeg,VÜCUT BAKIM ÜRÜNLERİ > DİĞER > ,IDM CONCEPT,TL150,00
Intensive Hand Treatment 30 ML,Nemsiz ve kuru elleri tedavi eder, cilt pigmentasyonunu önler ve zararlı dış etkenlerden karşı korur.,https://static.ticimax.cloud/cdn-cgi/image/width=76,quality=85/53520/uploads/urunresimleri/buyuk/intensive-hand-treatment-30-ml-465e-b.jpeg,VÜCUT BAKIM ÜRÜNLERİ > KREM > ,BELLEFONTAINE S.,
Invigorating exfoliating gel with tahiti monoi oil and zest of lemon 150 ML,Tahitian Monoi ve limon kabuğu içerikli çift etkili 100 % bitkisel bazlı jel cildi arındırır ve nemlendirir*.Cilt dokusu düzelmiş, yumuşak ve pürüzsüz hissedilir. Cilde uygulandığında lüks dokusu ince bir köpük haline dönüşür. Monoï ve Tiare çiçeklerinin enerji verici notaları ile esenlik ve Pasifiğe bir kaçış anını yaşayın. *Epidermisin üst tabakalarını nemlendirir.,https://static.ticimax.cloud/cdn-cgi/image/width=76,quality=85/53520/uploads/urunresimleri/buyuk/invigorating-exfoliating-gel-with-tahi-47186f.jpeg,VÜCUT BAKIM ÜRÜNLERİ > BAKIM YAĞI > ,HEI POA,TL346,00
KIT GANT DE MASSAGE CORPS,Aktif bileşenlerin vücudunuza daha iyi yayılması için, Biologique Recherche onaylı bir aksesuardır. İki taraftan oluşan bu silikon eldiven, vücudun tüm bölgelerine masaj yapmak için kullanılır.,https://static.ticimax.cloud/cdn-cgi/image/width=76,quality=85/53520/uploads/urunresimleri/buyuk/kit-gant-de-massage-corps-c23-e4.jpeg,VÜCUT BAKIM ÜRÜNLERİ > DİĞER > ,BIOLOGIQUE R.,
LIPOGEN AC 100ml,Lipogen AC, "portakal kabuğu" etkisini gözle görülür şekilde iyileştiren bir cilt bakım yağıdır. Formülü, selülit görünümünü azaltmaya yardımcı olan, cildi daha sıkı ve daha tonlu bırakan konsantre aktif maddeler bakımından zengindir. Figür yeniden tanımlanır ve hoş olmayan gamzeler yumuşatılır.,https://static.ticimax.cloud/cdn-cgi/image/width=76,quality=85/53520/uploads/urunresimleri/buyuk/lipogen-ac-100ml-c0d574.jpeg,VÜCUT BAKIM ÜRÜNLERİ > BAKIM YAĞI > ,BIOLOGIQUE R.,
LÒR - 100 ml,https://static.ticimax.cloud/cdn-cgi/image/width=76,quality=85/53520/uploads/urunresimleri/buyuk/l-r-100-ml-e1c-5b.jpeg,VÜCUT BAKIM ÜRÜNLERİ > DİĞER > ,TL12.799,00
LOTION P50 CORPS 250 ml,Ölü deri hücrelerini yok eder, pürüzleri yumuşatır, dirsekteki kalınlığa iyi gelir, sırt ve göğüsteki sivilceleri giderir, cildi besler ve sonrasında vücudu krem veya yağa hazırlar.,https://static.ticimax.cloud/cdn-cgi/image/width=76,quality=85/53520/uploads/urunresimleri/buyuk/lotion-p50-corps-250-ml-9a-482.jpeg,VÜCUT BAKIM ÜRÜNLERİ > LOSYON > ,BIOLOGIQUE R.,
Luxurious Neroli Blend Shower 200 ML,Lüks anti-stres duş jeli cilde enerji verir ve tüm gün boyunca canlılık sağlar. Zengin dokusu, güçlendirici, yorgunluk giderici ve yeniden yapılandırma etkileriyle tanınan değerli ve nadir Edelgen ve Vegetable Taurini ile zenginleştirilmiştir. Neroli notalarının şık karışımı, duyuları uyandırır ve enerji ile doldurur.,https://static.ticimax.cloud/cdn-cgi/image/width=76,quality=85/53520/uploads/urunresimleri/buyuk/luxurious-neroli-blend-shower-200-ml-47e0-9.jpeg,VÜCUT BAKIM ÜRÜNLERİ > JEL > ,BELLEFONTAINE S.,
MASQUE GOMMAGE MAINS 75 ml,Masque Gommage Mains, bir maskenin güzellik faydalarını tek bir üründe birleştiren bir dokuya sahip, yenilikçi, çok amaçlı bir cilt bakımı uygulamasıdır. Birlikte çalışarak, aktif bileşenleri cildi eksfoliye eder ve hücre yenilenmesini uyarır, aynı zamanda epidermisi nemlendirir ve pigmentasyon düzensizliklerini giderir.,https://static.ticimax.cloud/cdn-cgi/image/width=76,quality=85/53520/uploads/urunresimleri/buyuk/masque-gommage-mains-75-ml-939b42.jpeg,VÜCUT BAKIM ÜRÜNLERİ > PEELING > ,BIOLOGIQUE R.,TL1.980,00
MBR - Design Box (1),Ürün İçeriği,https://static.ticimax.cloud/cdn-cgi/image/width=76,quality=85/53520/uploads/urunresimleri/buyuk/mbr-design-box-1-4baa02.jpeg,VÜCUT BAKIM ÜRÜNLERİ > KIT PROGRAM > ,MBR,TL14.100,00
MBR - Design Box (2),Ürün İçeriği;,https://static.ticimax.cloud/cdn-cgi/image/width=76,quality=85/53520/uploads/urunresimleri/buyuk/mbr-design-box-2-fa-43f.jpeg,VÜCUT BAKIM ÜRÜNLERİ > KIT PROGRAM > ,MBR,TL8.918,00
MBR - Design Box (3),Ürün İçeriği;,https://static.ticimax.cloud/cdn-cgi/image/width=76,quality=85/53520/uploads/urunresimleri/buyuk/mbr-design-box-3-d70e9e.jpeg,VÜCUT BAKIM ÜRÜNLERİ > KIT PROGRAM > ,MBR,TL9.343,00
ME LINE INTIMATE 20 ML,Vücuttaki lekelenmeleri önler. Ürünümüz dış genital bölge ve koltukaltı kararması için önleyici etkiye sahiptir.,https://static.ticimax.cloud/cdn-cgi/image/width=76,quality=85/53520/uploads/urunresimleri/buyuk/me-line-intimate-20-ml-cf-b52.jpeg,VÜCUT BAKIM ÜRÜNLERİ > VÜCUT BAKIMI > ,ME LINE,
Medikoz Body Moisturizing 200 ML,İçeriğinde yer alan Beta Karoten ve Üre ile cildin bariyerini güçlendirerek nemlendirilmesine yardımcı olur. Aşırı kuru,pullanan ciltler dahil tüm cilt tiplerinde el ve vücut bölgesinde tercih edilir.Kıl köklerini beslemediği için lazer uygulamaları öncesi ve sonrası günlük nemlendirici ürün olarak kullanımı tavsiye edilir.Lazer uygulamaları ile kuruyan,yıpranan,hasar gören cildi onarır,sakinleştirir ve nemlendirmeyi sağlar.,https://static.ticimax.cloud/cdn-cgi/image/width=76,quality=85/53520/uploads/urunresimleri/buyuk/medikoz-body-moisturizing-200-ml-7e-a74.jpeg,VÜCUT BAKIM ÜRÜNLERİ > KREM > ,MEDIKOZ,TL600,00
Meditech Lipoderm Plus,Lipoderm Plus içeriğindeki Üre, Hyaluronik Asit ve Kaprilik/Kaprik Trigliserit ile kuru ve pullanmaya yatkın derinin koruma tabakasını güçlendirmeye, nem tutma kapasitesini arttırmaya ve yeniden yapılanmasını destekler. İçeriğindeki patentli Hyaluronik asit nem oranının yüksek olduğu ortamlarda havadan, düşük olduğu ortamlarda epidermis ve dermisten su çekerek hidrasyonu sağlar.,https://static.ticimax.cloud/cdn-cgi/image/width=76,quality=85/53520/uploads/urunresimleri/buyuk/meditech-lipoderm-plus-7-47a7.jpeg,VÜCUT BAKIM ÜRÜNLERİ > LOSYON > ,MEDITECH,TL550,00
Medium Protection Body Lotion SPF 20 - 200 ml,Güneşe alışkın bronzlaşmış ciltler için tüm vücut için nazikçe eriyen ve zengin güneş koruyucu losyon. Sonuç, eşit ve sağlıklı bir bronzluk ile yumuşak, sıkı ve ideal şekilde korunmuş bir cilttir.,https://static.ticimax.cloud/cdn-cgi/image/width=76,quality=85/53520/uploads/urunresimleri/buyuk/medium-protection-body-lotion-spf-20-2-e0759f.jpeg,VÜCUT BAKIM ÜRÜNLERİ > GÜNEŞ KORUMA > ,MBR,TL10.416,00
Mild Deo Cream - 50 ml,Etkili ancak hafif formüle edilmiş, terlemeyi önleyici etkiye sahip Deo Creme, uzun süreli vücut tazeliği sağlar ve sizi özel MBR® MEN Oleosome kokusuyla şımartır.,https://static.ticimax.cloud/cdn-cgi/image/width=76,quality=85/53520/uploads/urunresimleri/buyuk/mild-deo-cream-50-ml-2d0-fe.jpeg,VÜCUT BAKIM ÜRÜNLERİ > DEODORANT > ,MBR,TL2.267,00
Milky Spray ‐ Detangling Nourishing ‐ Coconut water scent 150 ML,Hindistan cevizi kokulu durulama gerektirmeyen saç spreyi Kullanmadan önce çalkalayın Havluyla kurutulmuş saçı şampuanladıktan sonra saç boylarına püskürtün ve tarak kullanarak dolaşıklıkları açın.,https://static.ticimax.cloud/cdn-cgi/image/width=76,quality=85/53520/uploads/urunresimleri/buyuk/milky-spray-detangling-nourishing-coco-daa28a.jpeg,VÜCUT BAKIM ÜRÜNLERİ > BAKIM SPREYİ > ,HEI POA,TL498,00
ModukineTM Body Lotion - 150 ml,Cilt üzerindeki hoş olmayan etkileri yatıştıran, kaşıntıyı azaltan ve cilt tahrişini önleyen mükemmel bir yatıştırıcı tahriş önleyici losyon. Günlük bakım olarak Modukine™ Body Lotion, stresli cildin kendi savunma ve koruyucu faktörlerini yeniden oluşturmasına yardımcı olur.,https://static.ticimax.cloud/cdn-cgi/image/width=76,quality=85/53520/uploads/urunresimleri/buyuk/modukinetm-body-lotion-150-ml-3-cb05.jpeg,VÜCUT BAKIM ÜRÜNLERİ > LOSYON > ,MBR,TL8.426,00
Moisturizing body milk with Tahiti Monoi 150 ML,Orjinal coğrafi kökenli Tahiti Monoi ile zenginleştirilmiş vücut sütü cildi anında 24 saate kadar nemlendirir*. Hafif, yapışkan olmayan dokusu, yumuşak ve pürüzsüz bir cilt için hızla emilir. Monoi ve Tiara çiçeğinin narin kokusuyla cildinizi tamamen tazelenmiş ve hoş kokulu bırakır. *Epidermisin üst tabakalarını nemlendirir.,https://static.ticimax.cloud/cdn-cgi/image/width=76,quality=85/53520/uploads/urunresimleri/buyuk/moisturizing-body-milk-with-tahiti-mon-3-4817.jpeg,VÜCUT BAKIM ÜRÜNLERİ > BAKIM YAĞI > ,HEI POA,TL529,00
Monoi Dry Oil SPF50 ‐ Tiara scent 150 ML,Nemlendirici* ve besleyici özelliği olan Tahiti monoï yağı içerikli kuru güneş bakım yağı, cildi UVA/ UVB ışınlarından korur. Su geçirmez. Yağlı olmayan kuru yağ, hoş ve hızlı bir uygulama ve emilim sağlar, cilt yüzeyinde kalmaz. *Epidermisin üst katmanlarının nemlendirilmesi.,https://static.ticimax.cloud/cdn-cgi/image/width=76,quality=85/53520/uploads/urunresimleri/buyuk/monoi-dry-oil-spf50-tiara-scent-150-ml-5be213.jpeg,VÜCUT BAKIM ÜRÜNLERİ > GÜNEŞ KORUMA > ,HEI POA,TL905,00
Monoi dry oil Treasure of Polynesia ‐ spray ‐ Body & Hair 100 ML,Polinezya'nın hazinesi Tahiti Monoï Yağı açısından zengin Çok Amaçlı Kuru Yağ, besler, nemlendirir*, yüz, vücut ve saçı güzelleştirir. Yumuşak bir cilt için arkasında saten bir buğu bırakır. Cennet çiçeklerinin kokusu ile Polinezya'ya anlık bir kaçamak sağlar. *Epidermisin üst tabakalarını nemlendirir.,https://static.ticimax.cloud/cdn-cgi/image/width=76,quality=85/53520/uploads/urunresimleri/buyuk/monoi-dry-oil-treasure-of-polynesia-sp-f-4903.jpeg,VÜCUT BAKIM ÜRÜNLERİ > BAKIM SPREYİ > ,HEI POA,TL701,00
Monoi shower oil 250 ML,Orjinal coğrafi kökenli Tahiti Monoi Yağı ile yumuşaklığını korumak için cildin hidrolipidik filmine duyarlı, yüzü ve vücudu nazikçe temizleyen duş yağı. Cilt günlük olarak nemlenir* ve beslenir. Monoi ve tiara çiçeği harmanı ile duyusal bir deneyim. *Epidermisin üst tabakalarını nemlendirir.,https://static.ticimax.cloud/cdn-cgi/image/width=76,quality=85/53520/uploads/urunresimleri/buyuk/monoi-shower-oil-250-ml-4675-8.jpeg,VÜCUT BAKIM ÜRÜNLERİ > BAKIM YAĞI > ,HEI POA,TL468,00
Natural & Pure - 50 ml,Bileşenler,https://static.ticimax.cloud/cdn-cgi/image/width=76,quality=85/53520/uploads/urunresimleri/buyuk/natural-pure-50-ml-54418b.jpeg,VÜCUT BAKIM ÜRÜNLERİ > DİĞER > ,MBR,TL5.266,00
Organic Coconut Hair& Body shampoo 150 ML,Vücut ve saç şampuanı, tüm cilt tiplerine uygundur. Bitkisel kökenli nazik temizleyici bir bazdan formüle edilmiş olup, cildi ve saçları günlük olarak nazikçe temizler.,https://static.ticimax.cloud/cdn-cgi/image/width=76,quality=85/53520/uploads/urunresimleri/buyuk/organic-coconut-hair-body-shampoo-150--80d4e8.jpeg,VÜCUT BAKIM ÜRÜNLERİ > ŞAMPUAN > ,HEI POA,TL305,00
Perfect & Brillant - 50 ml,Bileşenler,https://static.ticimax.cloud/cdn-cgi/image/width=76,quality=85/53520/uploads/urunresimleri/buyuk/perfect-brillant-50-ml--59dcc.jpeg,VÜCUT BAKIM ÜRÜNLERİ > DİĞER > ,MBR,TL5.266,00
Phyto Replenish Body Oil 125 ML,Cildi besleyici yağların bu antioksidan yönünden zengin karışımı ile cildinizi canlandırın, sakinleştirin ve nemlendirin. Fransız Erik Çekirdeği Yağı, Avokado Yağı ve Ayçiçeği Çekirdeği Yağı, cildin lipit bariyerinin korunmasına yardımcı olmak için içerdikleri Linoleik, Linolenik ve Oleik Asit ile birlikte E Vitamini gibi Omega Yağ Asitleri ile cildi yeniler. Ürün sakinleştirici Fermente Kırmızı Ginseng içerir ve Kore cilt bakım ritüellerinden esinlenilmiştir - bu vücut yağı cildi sakinleştirir ve ışıltılı bir cilt için cildi besler. Bergamot, Neroli ve Portakal ile birlikte hafifçe zenginleştirilmiş Paçuli ve Sandal Ağacı aromaları ile cilde yumuşaklık ve narin bir koku sağlar.,https://static.ticimax.cloud/cdn-cgi/image/width=76,quality=85/53520/uploads/urunresimleri/buyuk/phyto-replenish-body-oil-125-ml-45b270.jpeg,VÜCUT BAKIM ÜRÜNLERİ > BAKIM YAĞI > ,DERMALOGICA,TL2.340,00
Pure Tahiti Monoi oil ‐ coconut scent 100 ML,Polinezya geleneğine göre üretilen Tahiti Monoi Oil, vücut ve saç için çok amaçlı bir bakım yağıdır. Tahiti güzellik sırrı olan bu bakım vücudu nemlendirir* ve saçları güzelleştirmek için besler.,https://static.ticimax.cloud/cdn-cgi/image/width=76,quality=85/53520/uploads/urunresimleri/buyuk/pure-tahiti-monoi-oil-coconut-scent-10--43f6-.jpeg,VÜCUT BAKIM ÜRÜNLERİ > BAKIM YAĞI > ,HEI POA,TL426,00
Pure Tahiti Monoi oil ‐ frangipani scent 100 ML,HEI POA OIL FRANGIPANI, tropikal Frangipani çiçeklerinin şehvetli kokusu, Tahiti'den saf Monoï yağı ile birleştirildi. Cildinizi ve saçlarınızı besleyen ve bakım yapan Tahiti kadınlarının kulaklarının arkasında taşıdıkları çiçek Frangipani çiçeğidir. Egzotik vücut yağını her gün banyo veya duştan sonra cildi nemlendirmek için kullanabileceğiniz gibi kuru/yıpranmış saçlarda maske olarak da kullanabilirsiniz. Cildiniz ve saçınız daha sonra egzotik kokar ve süper yumuşak hale gelir.,https://static.ticimax.cloud/cdn-cgi/image/width=76,quality=85/53520/uploads/urunresimleri/buyuk/pure-tahiti-monoi-oil-frangipani-scent-f4-b4b.jpeg,VÜCUT BAKIM ÜRÜNLERİ > BAKIM YAĞI > ,HEI POA,TL426,00
Pure Tahiti Monoi oil ‐ golden mother of pearl 100 ML,Polinezya geleneklerine göre üretilmiş, Tahiti Monoi yağı, vücudun nemlenmesine yardımcı olur. Tahiti'nin güzellik sırrı Monoi yağı ve altın sedefin özgün bileşimiyle cildiniz canlı ve ışıltılı.,https://static.ticimax.cloud/cdn-cgi/image/width=76,quality=85/53520/uploads/urunresimleri/buyuk/pure-tahiti-monoi-oil-golden-mother-of-1912b8.jpeg,VÜCUT BAKIM ÜRÜNLERİ > BAKIM YAĞI > ,HEI POA,TL493,00
Pure Tahiti Monoi oil ‐ tiara scent 100 ML,Polinezya geleneğine göre üretilen Tahiti Monoi Oil, vücut ve saç için çok amaçlı bir bakım yağıdır. Tahiti güzellik sırrı olan bu bakım vücudu nemlendirir* ve saçları güzelleştirmek için besler.,https://static.ticimax.cloud/cdn-cgi/image/width=76,quality=85/53520/uploads/urunresimleri/buyuk/pure-tahiti-monoi-oil-tiara-scent-100--366c7f.jpeg,VÜCUT BAKIM ÜRÜNLERİ > BAKIM YAĞI > ,HEI POA,TL426,00
Pure Tahiti Monoi oil ‐ vanilla scent 100 ML,Polinezya geleneğine göre üretilen Tahiti Monoi Oil, vücut ve saç için çok amaçlı bir bakım yağıdır. Tahiti güzellik sırrı olan bu bakım vücudu nemlendirir* ve saçları güzelleştirmek için besler.,https://static.ticimax.cloud/cdn-cgi/image/width=76,quality=85/53520/uploads/urunresimleri/buyuk/pure-tahiti-monoi-oil-vanilla-scent-10-f-4f38.jpeg,VÜCUT BAKIM ÜRÜNLERİ > BAKIM YAĞI > ,HEI POA,TL426,00
Sculpting & Firming Treatment 200 ML,Soya İzoflavon’un şekillendirici kompleksi, Kafein ve Rhodochrosite taş özleri ile zenginleştirilmiş bu eşsiz sıkılaştırıcı vücut kremi, cildin elastikiyetini arttırırken, su tutmasını ve yerel yağ birikimini azaltır. Gün geçtikçe cilt dokusunun görünümü iyileşir ve cilt daha sıkı ve toparlanmış bir görünüme sahip olur,https://static.ticimax.cloud/cdn-cgi/image/width=76,quality=85/53520/uploads/urunresimleri/buyuk/sculpting-firming-treatment-200-ml-c-459b.jpeg,VÜCUT BAKIM ÜRÜNLERİ > KREM > ,
Sensitive Deo Cream 21,Sensitive Deo Cream 21, alüminyum tuz içermez ve yumuşak bir tazelik verir. Değerli acai yağı, çok hassas ve / veya tahriş olmuş cildi bile rahatlatır ve korur. Özellikler; Hassas ciltler için tamamen deo krem. Çok hassas ve / veya tahriş olmuş cilt için bile yatıştırıcı. Optimum nem dengesini besler. Cildin doğal direncini güçlendirir. Hoş olmayan kokuları nazikçe önler.,https://static.ticimax.cloud/cdn-cgi/image/width=76,quality=85/53520/uploads/urunresimleri/buyuk/sensitive-deo-cream-21-8332-4.jpeg,VÜCUT BAKIM ÜRÜNLERİ > ,21 TRANSDERMAL,TL2.379,00
SERUM MATRICIEL 100 ml,Sérum Matriciel, gerçek bir yeniden yapılandırma etkisi elde etmek için dermal matrisin tüm bileşenleri üzerinde çalışır. Vücut için mükemmel bir sıkılaştırıcı bakım, daha uzun süre iyi bir toparlanmış cilt sağlar. Dermal matrisin herhangi bir gevşemesi, elastikiyeti güçlendirerek ve cildi sıkılaştırarak yavaşlatılır.,https://static.ticimax.cloud/cdn-cgi/image/width=76,quality=85/53520/uploads/urunresimleri/buyuk/serum-matriciel-100-ml--af4f-.jpeg,VÜCUT BAKIM ÜRÜNLERİ > SERUM > ,BIOLOGIQUE R.,
Shower & Care - 200 ml,Özel lipo bakım faktörlü yüksek verimli ve pH’sı nötr duş ve banyo jeli cildi nazikçe ve derinlemesine temizler, harika bir şekilde ferahlatır ve özel MBR® MEN Oleosome kokusuyla sizi şımartır.,https://static.ticimax.cloud/cdn-cgi/image/width=76,quality=85/53520/uploads/urunresimleri/buyuk/shower-care-200-ml-1-a35a.jpeg,VÜCUT BAKIM ÜRÜNLERİ > JEL > ,MBR,TL4.169,00
Shower gel with Tahiti Monoi 150 ML,Vücudun pH'ına uyan bitki bazlı bir temizleme bazı kullanılarak formüle edilen, günlük kullanıma uygun duş jeli cildi nazikçe temizler. Tahiti monoi yağlı içeriği ile cildi nemlendirir*. Hafif köpüğü ile cildinizde Monoi ve Tiara çiçeği kokusu ve tazelik bırakır, *Epidermisin üst tabakalarını nemlendirir.,https://static.ticimax.cloud/cdn-cgi/image/width=76,quality=85/53520/uploads/urunresimleri/buyuk/shower-gel-with-tahiti-monoi-150-ml-44a7-a.jpeg,VÜCUT BAKIM ÜRÜNLERİ > JEL > ,HEI POA,TL305,00
Silky-Nutritive Feet Refiner 140 ML,Besleyici Ayak Arındırıcı Bu soğutucu krem içeriğindeki Mentol, Hibiscus çiçek asidi ve Malakit yarı kıymetli taş özleri ile pürüzleri gidermeye,ödemi hafifletmeye ve cildi yumuşatmaya yardımcı olur. Ayak bileklerinden ayak parmaklarına kadar cilt yenilenir, güçlendirilir, korunur ve güzelleştirilir.,https://static.ticimax.cloud/cdn-cgi/image/width=76,quality=85/53520/uploads/urunresimleri/buyuk/silky-nutritive-feet-refiner-140-ml-9dbf2d.jpeg,VÜCUT BAKIM ÜRÜNLERİ > KREM > ,BELLEFONTAINE S.,
SPF30+ High Protection Body Cream,ronzlaşmamış, güneşe alışkın olmayan ciltlere yönelik yoğun koruma içeren yumuşak, kaygan bakım kremi ve güneş losyonu. Hızlıca emilir ve yağ izi bırakmaz. Güneş yanığı, ışık kaynaklı cilt yaşlanması, güneşten kaynaklanan yaşlanma ve pigment lekelerine karşı koruma sağlar.Cilde bakım sağlar ve onu nemlendirir.Doğal bağışıklık sistemi ve hücre korumasını etkinleştirir.,https://static.ticimax.cloud/cdn-cgi/image/width=76,quality=85/53520/uploads/urunresimleri/buyuk/spf30-high-protection-body-cream-6-ecc3.jpeg,VÜCUT BAKIM ÜRÜNLERİ > GÜNEŞ KORUMA > ,MSB,TL9.748,00
Sun & Fun - 50 ml,Bileşenler,https://static.ticimax.cloud/cdn-cgi/image/width=76,quality=85/53520/uploads/urunresimleri/buyuk/sun-fun-50-ml-b88d09.jpeg,VÜCUT BAKIM ÜRÜNLERİ > DİĞER > ,MBR,TL5.266,00
Tahiti Monoi oil Sensuel Tamure 100 ML,Bir Polinezya çiçeği olan Hibiskus (Ebegümeci), mutlak kadınlığın sembolü, geleneksel Tamure dansçılarının mükemmel süsüdür. Bu Tahiti Monoi Yağı, çiçeksi, pürüzsüz ve hafif tatlı notalarla bu dansın duygusallığına bir davettir. Cildi ve saçı nemlendirir*, besler ve güzelleştirir.,https://static.ticimax.cloud/cdn-cgi/image/width=76,quality=85/53520/uploads/urunresimleri/buyuk/tahiti-monoi-oil-sensuel-tamure-100-ml-f93026.jpeg,VÜCUT BAKIM ÜRÜNLERİ > BAKIM YAĞI > ,TL493,00
Tahiti Monoi oil with Monoi Lagoon with Algomonoi 100 ML,Bir aşk kasidesi,https://static.ticimax.cloud/cdn-cgi/image/width=76,quality=85/53520/uploads/urunresimleri/buyuk/tahiti-monoi-oil-with-monoi-lagoon-wit-a81-b1.jpeg,VÜCUT BAKIM ÜRÜNLERİ > BAKIM YAĞI > ,HEI POA,TL493,00
Tahiti Monoi oil with Monoi Ylang Ylang ‐ Marquesas Queen 100 ML,Markiz Adaları'ndan esinlenen Ylang-Ylang esensiyal yağı içerikli formül: Ylang-Ylang ve Tiara taçyapraklarının hindistan cevizi yağında dinlendirilmesiyle elde edilmiştir. Çiçeklerin kraliçesi olarak anılan bu görkemli çiçek içeriğe floral ve pudramsı bir esans katar. Cildinizi* ve saçlarınızı nemlendirir ve besler. *Epidermisin üst tabakalarını nemlendirir.,https://static.ticimax.cloud/cdn-cgi/image/width=76,quality=85/53520/uploads/urunresimleri/buyuk/tahiti-monoi-oil-with-monoi-ylang-ylan-2c-b7c.jpeg,VÜCUT BAKIM ÜRÜNLERİ > BAKIM YAĞI > ,HEI POA,TL493,00
Tahiti Monoi oil with Tropical Monoi ‐ Pina & Maracuja 100 ML,Tropical Monoi, maracuja (passion fruit) çiçeği yağı ile ananas ve tiara çiçeklerinin hindistan cevizi yağında dinlendirilmesiyle elde edilen yağın bileşimiyle elde edilir.. Monoi cildi* ve saçı nemlendirir, besler ve yapılandırır.Buzlu hindistan cevizi, ananas, passion fruit, tiara yaprakları ve vanilyanın tropikal karışımıyla elde edilen özgün kokusu ise cildinizi şımartır, heyecanlandırır. *Epidermisin üst tabakalarını nemlendirir.,https://static.ticimax.cloud/cdn-cgi/image/width=76,quality=85/53520/uploads/urunresimleri/buyuk/tahiti-monoi-oil-with-tropical-monoi-p-990304.jpeg,VÜCUT BAKIM ÜRÜNLERİ > BAKIM YAĞI > ,HEI POA,TL493,00
Tahiti Monoi oil with Tropical Orchid Monoi 100 ML,Polinezya lagunlarından toplanan, yüksek düzeyde eser elemnt içeren, Turbinaria ornata algisi Tahiti Monoi yağında bekletilerek, Algomonoi elde edilir. Su ve güneş notaları içeren formül, cildinizi* ve saçınızı nemlendirir, besler ve yapılandırır. *Epidermisin üst tabakalarını nemlendirir.,https://static.ticimax.cloud/cdn-cgi/image/width=76,quality=85/53520/uploads/urunresimleri/buyuk/tahiti-monoi-oil-with-tropical-orchid---4875-.jpeg,VÜCUT BAKIM ÜRÜNLERİ > BAKIM YAĞI > ,HEI POA,TL493,00
Tahiti Monoi oil with Umuhei Monoi 100 ML,Çiçek iksirlerinden ilham alan Tropical Orchid Monoi'deki Monoi, tropik orkide ve tiara çiçeklerinin hindistan cevizi yağında dinlendirilmesiyle elde edilir. "Gece Orkidesi" olarak da tanınan Tropik Orkide zerafet ve feminiteyi ön plana çıkarır. Monoi vücudu* ve saçı nemlendirir, besler ve yapılandırır. Floral, vanilya ve sitrus notalarının mükemmel bileşimi. *Epidermisin üst tabakalarını nemlendirir.,https://static.ticimax.cloud/cdn-cgi/image/width=76,quality=85/53520/uploads/urunresimleri/buyuk/tahiti-monoi-oil-with-umuhei-monoi-100-6d-456.jpeg,VÜCUT BAKIM ÜRÜNLERİ > BAKIM YAĞI > ,HEI POA,TL493,00
The Best Body - 150 ml,Cildin daha derin katmanlarına bile nüfuz eden son derece etkili ve hedefe yönelik vücut bakım serumu. MBR® için özel olarak geliştirilmiş özel MBR® Fibro-Boost Kompleksi, patentli Capsules™ teknolojisi ile birlikte yüksek verimliliğe sahip ek aktif bileşenlerle birlikte cildin yaşlanma sürecini yavaşlatır ve üst kol, dekolte, göğüs, karın, kalça ve bacak hatlarında gözle görülür bir gerilme ve sıkılaşma sağlar.,https://static.ticimax.cloud/cdn-cgi/image/width=76,quality=85/53520/uploads/urunresimleri/buyuk/the-best-body-150-ml-a-4871.jpeg,VÜCUT BAKIM ÜRÜNLERİ > BAKIM SPREYİ > ,MBR,TL39.693,00
The Best Hand - 50 ml,Cildin daha derin katmanlarına nüfuz eden ve cildi kızılötesi, UVA ve UVB ışınlarından koruyan olağanüstü zengin ve hedefe yönelik el bakım kremi. MBR® için özel olarak geliştirilmiş özel MBR® FibroBoost Kompleksi, patentli Capsules™ teknolojisi ile birlikte ek, yüksek verimli aktif bileşenlerle birlikte yoğun bir şekilde korur ve bakım yapar, pigment ve yaşlılık lekelerini azaltır.,https://static.ticimax.cloud/cdn-cgi/image/width=76,quality=85/53520/uploads/urunresimleri/buyuk/the-best-hand-50-ml--2eab-.jpeg,VÜCUT BAKIM ÜRÜNLERİ > KREM > ,MBR,TL10.265,00
The Best Hand -15 ml,Cildin daha derin katmanlarına nüfuz eden ve cildi kızılötesi, UVA ve UVB ışınlarından koruyan olağanüstü zengin ve hedefe yönelik el bakım kremi. MBR® için özel olarak geliştirilmiş özel MBR® FibroBoost Kompleksi, patentli Capsules™ teknolojisi ile birlikte ek, yüksek verimli aktif bileşenlerle birlikte yoğun bir şekilde korur ve bakım yapar, pigment ve yaşlılık lekelerini azaltır.,https://static.ticimax.cloud/cdn-cgi/image/width=76,quality=85/53520/uploads/urunresimleri/buyuk/the-best-hand-15-ml-27d-be.jpeg,VÜCUT BAKIM ÜRÜNLERİ > KREM > ,TL6.123,00
The Best Neck & Bust - 200 ml,Cildin daha derin katmanlarına nüfuz eden ve cilde hafif bir parlaklık veren dekolte ve göğüs için olağanüstü etkili ve hedefe yönelik bakım kremi. MBR® için özel olarak geliştirilen özel MBR® FibroBoost Kompleksi, patentli Capsules ™ teknolojisini yüksek verimli tamamlayıcı bileşenlerle birleştirerek cildin yaşlanma sürecini yavaşlatır ve gözle görülür sıkılaşma, güç ve kırışık dolgusu sağlar.,https://static.ticimax.cloud/cdn-cgi/image/width=76,quality=85/53520/uploads/urunresimleri/buyuk/the-best-neck-bust-200-ml-cb-4ab.jpeg,VÜCUT BAKIM ÜRÜNLERİ > KREM > ,TL33.945,00
The Body Cleanser 200 ML,Hindistan Cevizi Yağı içeren formülü, doğal amino asitler, antioksidanlar ve sentezlenmiş moleküllerden oluşan TFC8® kompleksi sayesinde cildi kurutmadan nazikçe temizlerken aynı zamanda nemlendirir, yumuşak ve pürüzsüz görünüm sağlamaya yardımcı olur. Okaliptüs‘ün rahatlatıcı ve tazeleyici kokusuyla zenginleştirilmiştir.,https://static.ticimax.cloud/cdn-cgi/image/width=76,quality=85/53520/uploads/urunresimleri/buyuk/the-body-cleanser-200-ml-42aa-a.jpeg,https://static.ticimax.cloud/cdn-cgi/image/width=76,quality=85/53520/uploads/urunresimleri/buyuk/the-body-cleanser-200-ml-38033b.jpeg,VÜCUT BAKIM ÜRÜNLERİ > TEMİZLEME > ,AUGUSTINUS BADER,TL1.725,00
The Body Cream 100 ML,İçeriğindeki doğal amino asitler, antioksidanlar ve sentezlenmiş moleküllerden oluşan TFC8® kompleksi sayesinde cildinize anında yoğun nemlendirme sağlayarak daha sıkı ve eşit tonlu görünmesine yardımcı olur. Shea Yağı ve Bisabolol içeren zengin, yağlı olmayan ve kolayca emilen formülü ile cildi besleyerek daha nemli hissedilmesine, pürüzsüz ve ışıltılı görünmesine katkıda bulunarak sağlıklı görünümünü destekler. Tüm cilt tipleri için formüle edilmiştir. Ürün açıldıktan sonra 12 ay içinde tüketilmelidir.,https://static.ticimax.cloud/cdn-cgi/image/width=76,quality=85/53520/uploads/urunresimleri/buyuk/the-body-cream-100-ml-54ee06.jpeg,https://static.ticimax.cloud/cdn-cgi/image/width=76,quality=85/53520/uploads/urunresimleri/buyuk/the-body-cream-100-ml-57-ea1.jpeg,VÜCUT BAKIM ÜRÜNLERİ > KREM > ,AUGUSTINUS BADER,TL3.600,00
The Body Cream 200 ML,İçeriğindeki doğal amino asitler, antioksidanlar ve sentezlenmiş moleküllerden oluşan TFC8® kompleksi sayesinde cildinize anında yoğun nemlendirme sağlayarak daha sıkı ve eşit tonlu görünmesine yardımcı olur. Shea Yağı ve Bisabolol içeren zengin, yağlı olmayan ve kolayca emilen formülü ile cildi besleyerek daha nemli hissedilmesine, pürüzsüz ve ışıltılı görünmesine katkıda bulunarak sağlıklı görünümünü destekler. Tüm cilt tipleri için formüle edilmiştir. Ürün açıldıktan sonra 12 ay içinde tüketilmelidir.,https://static.ticimax.cloud/cdn-cgi/image/width=76,quality=85/53520/uploads/urunresimleri/buyuk/the-body-cream-200-ml-4e8520.jpeg,https://static.ticimax.cloud/cdn-cgi/image/width=76,quality=85/53520/uploads/urunresimleri/buyuk/the-body-cream-200-ml-13-4c9.jpeg,VÜCUT BAKIM ÜRÜNLERİ > KREM > ,AUGUSTINUS BADER,TL6.350,00
The Body Lotion 100 ML,Hafif yapısı ve içeriğindeki Polisakkarit Nem Kompleksi, B5 vitamini karışımı ile cilde nem kazandırırken aynı zamanda nemin korunmasına da yardımcı olur. Antioksidan etkili E vitamini ile cildin erken yaşlanma belirtilerinin görünümünün azalmasına, Shea Yağı ve Aloe Vera ile güneş sonrası bakımında cildi rahatlatmaya katkıda bulunur. Doğal amino asitler, antioksidanlar ve sentezlenmiş moleküllerden oluşan TFC8® kompleksi sayesinde cildi beslemeye ve esnek görünüm kazandırmaya destek verir. Tüm cilt tipleri için formüle edilmiştir. Ürün açıldıktan sonra 12 ay içinde tüketilmelidir,https://static.ticimax.cloud/cdn-cgi/image/width=76,quality=85/53520/uploads/urunresimleri/buyuk/the-body-lotion-50-ml-c-41b3.jpeg,https://static.ticimax.cloud/cdn-cgi/image/width=76,quality=85/53520/uploads/urunresimleri/buyuk/the-body-lotion-50-ml-84422f.jpeg,VÜCUT BAKIM ÜRÜNLERİ > LOSYON > ,AUGUSTINUS BADER,TL3.600,00
The Body Oil 100 ML,Hafif, hızlı emilen yapısı ve içeriğindeki doğal amino asitler, antioksidanlar ve sentezlenmiş moleküllerden oluşan TFC8® kompleksi sayesinde cildinizi derinlemesine besler ve nemlendirme sağlayarak cildin daha sağlıklı ve esnek görünmesine yardımcı olur. Zeytin meyvesi, Argan yağları, Squalane içeren zengin formülü ile cildin nemini korumasına, daha sıkı, pürüzsüz ve ışıltılı görünmesine katkıda bulunarak sağlıklı görünümünü destekler. Güneşe maruz kalma öncesi veya sonrası için idealdir, aynı zamanda cildi serbest radikallerin zararlarına karşı korumaya yardımcı olan E vitamini içerir. Tüm cilt tipleri için formüle edilmiştir. Ürün açıldıktan sonra 9 ay içinde tüketilmelidir.,https://static.ticimax.cloud/cdn-cgi/image/width=76,quality=85/53520/uploads/urunresimleri/buyuk/the-body-oil-100-ml-e8214b.jpeg,https://static.ticimax.cloud/cdn-cgi/image/width=76,quality=85/53520/uploads/urunresimleri/buyuk/the-body-oil-100-ml-3a-495.jpeg,VÜCUT BAKIM ÜRÜNLERİ > BAKIM YAĞI > ,AUGUSTINUS BADER,TL3.600,00
The Hand Treatment 50 ML,Beyaz Şakayık Özü, Bisabolol, E Vitamini ve Shea Yağı içeren ve hızlı emilen zengin formülü, doğal amino asitler, antioksidanlar ve sentezlenmiş moleküllerden oluşan TFC8® kompleksi sayesinde ellerinize yoğun nemlendirme sağlamaya, beslemeye ve kuruluk hissini azaltmaya yardımcı olur. Aynı zamanda ellere rahatlama hissi vererek yumuşak ve pürüzsüz görünüm kazanmasına katkıda bulunur. Tüm cilt tipleri için formüle edilmiştir. Ürün açıldıktan sonra 9 ay içinde tüketilmelidir.,https://static.ticimax.cloud/cdn-cgi/image/width=76,quality=85/53520/uploads/urunresimleri/buyuk/the-hand-treatment-50-ml--487d-.jpeg,https://static.ticimax.cloud/cdn-cgi/image/width=76,quality=85/53520/uploads/urunresimleri/buyuk/the-hand-treatment-50-ml-d0884f.jpeg,VÜCUT BAKIM ÜRÜNLERİ > KREM > ,AUGUSTINUS BADER,TL1.850,00
THE LAVENDER OIL 200 ML,Lavender oil (lavanta yağı) özellikle vücudu rahatlatır ve rahatlık hissi sağlar. Bu güzel kokulu yağ, cildinizi yumuşak ve ipeksi bir pürüzsüzlükte bırakır.,https://static.ticimax.cloud/cdn-cgi/image/width=76,quality=85/53520/uploads/urunresimleri/buyuk/the-lavender-oil-200-ml-e3c-2c.jpeg,VÜCUT BAKIM ÜRÜNLERİ > BAKIM YAĞI > ,MARGY'S,TL2.900,00
THE OLIVE GEL 200 ML,Olive gel (zeytin jeli) duşta, banyoda veya besleyici bir şampuan olarak saçınızı güzel bir şekilde parlak bırakarak kullanılabilir. Cilde yumuşak ve ipeksi bir his verir.,https://static.ticimax.cloud/cdn-cgi/image/width=76,quality=85/53520/uploads/urunresimleri/buyuk/the-olive-gel-200-ml-8-40e9.jpeg,VÜCUT BAKIM ÜRÜNLERİ > JEL > ,MARGY'S,TL2.850,00
Tresor de Polynesie - Dry oil / Eau de Toilette 100+50 ML,Monoï de Tahiti AO açısından zengin Hei Poa Çok Fonksiyonlu Kuru Yağ, yüzünüzü, vücudunuzu ve saçınızı besler ve nemlendirir. Sonsuz yumuşaklıkta bir cilt için satensi bir örtü bırakır. Büyüleyici kokusu çok hoş egzotik bir iz bırakır. Vanilyanın gurme notalarıyla taç ve yasemin çiçeklerinden oluşan bu buketle kendinizi şımartın.,https://static.ticimax.cloud/cdn-cgi/image/width=76,quality=85/53520/uploads/urunresimleri/buyuk/tresor-de-polynesie-dry-oil-eau-de-toi-1c-4bc.jpeg,VÜCUT BAKIM ÜRÜNLERİ > SET > ,HEI POA,TL1.006,00
Ultra Suncare Protection Body Emulsion SPF50 150 ML,Hafif ve kolay yayılan dokusu sayesinde, vücut için yüksek koruma sağlayan güneş kremi. Cildi güneş ışınlarının neden olduğu hasara karşı etkili bir şekilde korur. Bu emülsiyon, yüksek performanslı UVA / UVB filtrelerin yanı sıra, esneklik, sıkılık ve nemlendirme gücüne sahiptir. Tam bir yaşlanma karşıtı koruma sağlamaya yardımcı olan bu ürün son teknolojiye dayalı botanik bileşenler içerir.,https://static.ticimax.cloud/cdn-cgi/image/width=76,quality=85/53520/uploads/urunresimleri/buyuk/ultra-suncare-protection-body-emulsion-7ae-01.jpeg,VÜCUT BAKIM ÜRÜNLERİ > GÜNEŞ KORUMA > ,BELLEFONTAINE S.,
Youth Body Serum 200 ML,Youth Body Serum, cilde nazikçe emilerek çevresel stres faktörlerine karşı güçlü nemlendirme ve antioksidan koruma sağlayan, nemlendiren ve yumuşatan, yaşlanma belirtilerini gözle görülür şekilde iyileştiren ferahlatıcı hafif vücut mistidir.,https://static.ticimax.cloud/cdn-cgi/image/width=76,quality=85/53520/uploads/urunresimleri/buyuk/youth-body-serum-200-ml-8e-413.jpeg,VÜCUT BAKIM ÜRÜNLERİ > SERUM > ,IS CLINICAL,TL5.087,00
ABSOLUTE FIRMING-CONTOURING BODY CARE 200 ML,Yağ ve/veya su bazlı selülite karşı etki göstermeyi hedefler. Zayıflama programları veya doğum sonrası kullanımı önerilir. Düzenli kullanım ile vücudun incelmesine, sıkılaşmasına ve yeniden şekillenmesine destek olur. Vücut daha sıkı bir görünüm kazanırken, pürüzsüzleşir ve aynı zamanda yoğun bir şekilde nemlenir.,https://static.ticimax.cloud/cdn-cgi/image/width=76,quality=85/53520/uploads/urunresimleri/buyuk/absolute-firming-contouring-body-care--7dd63c.jpeg,VÜCUT BAKIM ÜRÜNLERİ > KREM > ,ESTHEDERM,
ADAPTASUN PROTECTIVE SILKY BODY MIST 150 ML,Suya ve tere dayanıklı, cildi güneşe adapte ederek bronzlaştıran güneş koruyucu vücut bakım spreyi,https://static.ticimax.cloud/cdn-cgi/image/width=76,quality=85/53520/uploads/urunresimleri/buyuk/adaptasun-protective-silky-body-mist-1-4-142e.jpeg,VÜCUT BAKIM ÜRÜNLERİ > GÜNEŞ KORUMA > ,ESTHEDERM,
Body Complex 180 GR,Body Complex, içeriğindeki temel vitaminler, sakinleştirici bitkiler ve güçlü antioksidanlar sayesinde cilde yoğun nemlendirici formülasyonu sağlayan vücut nemlendiricisidir.,https://static.ticimax.cloud/cdn-cgi/image/width=76,quality=85/53520/uploads/urunresimleri/buyuk/body-complex-180-gr-6c3-b0.jpeg,VÜCUT BAKIM ÜRÜNLERİ > SERUM > ,IS CLINICAL,
BUST SHAPING CREAM 200 ML,Yaş, kilo verme veya hamilelik ile beraber sıkılığını kaybederek gevşeyen cildi hedefler. Göğüs ve dekolte bölgesinin daha sıkı ve formda olmasına yardımcı olur. Zengin kremsi dokusu saYesinde cildi yoğun bir şekilde nemlendirir ve konfor sağlar. 14. günden itibaren etkisini göstermeye başlar.* *14 gün boyunca 20 gönüllü ile gerçekleştirilen çalışma,https://static.ticimax.cloud/cdn-cgi/image/width=76,quality=85/53520/uploads/urunresimleri/buyuk/bust-shaping-cream-200-ml-573-78.jpeg,VÜCUT BAKIM ÜRÜNLERİ > KREM > ,ESTHEDERM,
Fenlo - Moisturising Cream 100 GR,Kuru, hassas ve neme ihtiyaç duyan ciltler için canlandırıcı ve güçlendirici özelliği olan, canlılığını kaybetmiş ciltlerde dahi nemi hızla hapseden ve ışıltılı bir cilt görünümü sunan, ideal vücut kremidir. Tüm cilt tiplerine ve tüm cilt durumlarına uygundur. Ürün, kullanıldıktan sonra, 24 saate varan süreyle, içeriğinde bulunan Melisa Yağı'ndan gelen esans sayesinde teninizin hoş kokmasına yardımcı olur. Tüm cilt tiplerine ve tüm cilt durumlarına uygundur. Ürün, kullanıldıktan sonra, 24 saate varan süreyle, içeriğinde bulunan Melisa Yağı'ndan gelen esans sayesinde teninizin hoş kokmasına yardımcı olur.,https://static.ticimax.cloud/cdn-cgi/image/width=76,quality=85/53520/uploads/urunresimleri/buyuk/fenlo-moisturising-cream-100-gr-0e8afc.jpeg,VÜCUT BAKIM ÜRÜNLERİ > KREM > ,FENLO,
Forever Shine Body Crème 236 ML,Forever Shine Body Creme, kadifemsi hissiyat ve parlak görünmenize yardımcı olmak için hızla emilir. Zengin Amino Asit ve Peptit kokteyli cildi sıkılaştırır ve iyileştirir. Shea Yağı ve E Vitamini konsantre bir nem dozu sunar ve zamanla salınan Aspir Oleozomları daha uzun süre nemli kalmasını sağlar. Formül sizi Velvet Oud'un taze, sofistike kokusuyla şımartır. Bitki bazlı narenciye, çiçek ve odunsu notalardan hazırlanan bu karışım, bugüne kadar bestelediğimiz en seçkin kokulardan biridir.,https://static.ticimax.cloud/cdn-cgi/image/width=76,quality=85/53520/uploads/urunresimleri/buyuk/forever-shine-body-cr-me-236-ml-9b6783.jpeg,VÜCUT BAKIM ÜRÜNLERİ > KREM > ,PHILIP B,
Forever Shine Body Wash 350 ML,Bu lüks günlük duş jeli kendinizi temizlenmiş ve yenilenmiş hissetmenizi sağlayacak cilt bakım güçlerinin bir karışımını içerir. Amino Asitler ve Peptitler parlak, sağlıklı görünen cildi desteklerken Aspir Oleozomları yumuşak, nemli bir his için nemi hapsetmeye yardımcı olur.,https://static.ticimax.cloud/cdn-cgi/image/width=76,quality=85/53520/uploads/urunresimleri/buyuk/forever-shine-body-wash-350-ml-202-47.jpeg,VÜCUT BAKIM ÜRÜNLERİ > JEL > ,PHILIP B,
Forever Shine Body Wash 60 ML,Bu lüks günlük duş jeli kendinizi temizlenmiş ve yenilenmiş hissetmenizi sağlayacak cilt bakım güçlerinin bir karışımını içerir. Amino Asitler ve Peptitler parlak, sağlıklı görünen cildi desteklerken Aspir Oleozomları yumuşak, nemli bir his için nemi hapsetmeye yardımcı olur.,https://static.ticimax.cloud/cdn-cgi/image/width=76,quality=85/53520/uploads/urunresimleri/buyuk/forever-shine-body-wash-60-ml-2-4051.jpg,VÜCUT BAKIM ÜRÜNLERİ > JEL > ,PHILIP B,
HIGH NUTRITION FIRMING BODY BALM 200 ML,Yaşlanma, kilo değişikliği veya hamilelik sebebiyle gevşemiş, sarkmış ve çatlak oluşumu görülen ciltleri hedefler. Yoğun kremsi dokuya ve saten inci bir bitişe sahiptir, bu şekilde ışıltılı ve nemli bir cilt elde edilmiş olunur.,https://static.ticimax.cloud/cdn-cgi/image/width=76,quality=85/53520/uploads/urunresimleri/buyuk/high-nutrition-firming-body-balm-200-m-5577dc.jpeg,VÜCUT BAKIM ÜRÜNLERİ > KREM > ,ESTHEDERM,
INTENSIVE GLAUSCINE CREAM 200 ML,Yağ bazlı ve inatçı selülitleri gidermeye yardımcı ve inceltici selülit bakım kremi.,https://static.ticimax.cloud/cdn-cgi/image/width=76,quality=85/53520/uploads/urunresimleri/buyuk/intensive-glauscine-cream-200-ml--43ac-.jpeg,VÜCUT BAKIM ÜRÜNLERİ > KREM > ,ESTHEDERM,
INTENSIVE GLAUSCINE SERUM 200 ML,Özellikle su bazlı selülitlerin ve portakal kabuğu görünümünün azalmasına destek olur. Çukurlu ve ödemli görünümün azalmasına ve bacakların daha ince görünmesine imkan sağlar.,https://static.ticimax.cloud/cdn-cgi/image/width=76,quality=85/53520/uploads/urunresimleri/buyuk/intensive-glauscine-serum-200-ml-838-6f.jpeg,VÜCUT BAKIM ÜRÜNLERİ > JEL > ,ESTHEDERM,
Meditech Lipoderm Hydro,Lipoderm Plus Hydro içeriğindeki Üre, Hyaluronik Asit ve Kaprilik/Kaprik Trigliserit ile derinin koruma tabakasını güçlendirmeye, nem tutma kapasitesini arttırmaya ve yeniden yapılanmasını destekler. İçeriğindeki patentli Hyaluronik asit nem oranının yüksek olduğu ortamlarda havadan, düşük olduğu ortamlarda epidermis ve dermisten su çekerek hidrasoyun sağlar.,https://static.ticimax.cloud/cdn-cgi/image/width=76,quality=85/53520/uploads/urunresimleri/buyuk/meditech-lipoderm-hydro-8-7b45.jpeg,VÜCUT BAKIM ÜRÜNLERİ > LOSYON > ,MEDITECH,
MORPHO FITNESS SLIMMING ACTIVATOR SERUM 100ML,Tek bir tüpün içerisinde egzersiz etkisi: Egzersiz ve/veya masaj ile birlikte kullanıldığında egzersizin, masajın etkisini ve yağ yakımını arttırmaya destek olur. Selülitlerin ve portakal kabuğu görünümünün azalmasına yardımcı olur. Düzenli kullanımla beraber içerdiği kafein ve karnitin ile vücut hatlarının incelmesine ve şekillenmesine destek olur.,https://static.ticimax.cloud/cdn-cgi/image/width=76,quality=85/53520/uploads/urunresimleri/buyuk/morpho-fitness-slimming-activator-seru-8b74-8.jpeg,VÜCUT BAKIM ÜRÜNLERİ > SERUM > ,ESTHEDERM,
ALGUES ET FLEURS 150 ML,Kahverengi Deniz Yosunu Özü : B,C Ve E Vitaminleri Açısından Zengin, Elementler Açısından Zengin, Güçlendirir. Ebegümeci Özü : Parlar, Hacmi Artırır, Güçlendirir. Omega 3 Ve 6 Açısından Zengin, Nemlendirir, Kabarma Önleyici, Güçlendirir. Moringa Özü : Nemlendirir, Korur, Amino Asitler Açısından Zengin.,https://static.ticimax.cloud/cdn-cgi/image/width=76,quality=85/53520/uploads/urunresimleri/buyuk/algues-et-fleurs-150-ml--8de9-.jpeg,SAÇ BAKIM ÜRÜNLERİ > SPREY > ,LEONOR GREYL,TL1.270,00
BAIN RESTRUCTURANT À LA BANANE 200 ML,Ihlamur Özü:Antioksidan Açısından Zengin. Ebegümeci Özü :Parlaklığı Artırır, Hacmi Artırır Ve Güçlendirir. Muz Özü:B Vitamini Açısından Zengin Nemlendirme, Antioksidan,https://static.ticimax.cloud/cdn-cgi/image/width=76,quality=85/53520/uploads/urunresimleri/buyuk/bain-restructurant-la-banane-200-ml-9799-8.jpeg,SAÇ BAKIM ÜRÜNLERİ > ŞAMPUAN > ,LEONOR GREYL,TL1.700,00
BAIN TRAITANT PROPOLIS 200 ML,Propolis : Antiseptik, Antienflamatuar, Antioksidan, Vitamin Ve Eser Elementler Açısından Zengin. Doğal Pırasa Özü : Canlandırır, Nemlendirir, Yatıştırır. Bugran Özü : Mantar Önleyici. Yabani Hercai Menekşe Özü : B, C Ve E Vitaminleri Açısından Zengin, Antioksidan, Yatıştırıcı,https://static.ticimax.cloud/cdn-cgi/image/width=76,quality=85/53520/uploads/urunresimleri/buyuk/bain-traitant-propolis-200-ml-6c-65a.jpeg,SAÇ BAKIM ÜRÜNLERİ > ŞAMPUAN > ,LEONOR GREYL,TL1.700,00
BAIN TS 200 ML,Ihlamur Özü:Antioksidan Açısından Zengin, Adaçayı Özü:Antioksidan,Antienflamatuvar, Antiseptik Maya, Anti-Seboreik, Zengin, Botanik Amino Asitlerde, B Vitamini Açısından Zengin, 95% Doğal İçerik, Vegan.,https://static.ticimax.cloud/cdn-cgi/image/width=76,quality=85/53520/uploads/urunresimleri/buyuk/bain-ts-200-ml-cc129c.jpeg,SAÇ BAKIM ÜRÜNLERİ > ŞAMPUAN > ,LEONOR GREYL,TL1.600,00
BAIN VOLUMATEUR AUX ALGUES 200 ML,Alaria Yosun Özü Koşullar, Canlandırır, Amino Asitler Açısından Zengin. Kahverengi Deniz Yosunu Özü B,C Vitaminleri Açısından Zengin Ve Saçları Güçlendirir. Buğday Proteini Özü Nemlendirir, Korur, Güçlendirir. Spirulin Özü Güçlendirir, Hacmi Artırır, Parlaklığı Arttırır.,https://static.ticimax.cloud/cdn-cgi/image/width=76,quality=85/53520/uploads/urunresimleri/buyuk/bain-volumateur-aux-algues-200-ml-8c53d5.jpeg,SAÇ BAKIM ÜRÜNLERİ > ŞAMPUAN > ,LEONOR GREYL,TL1.600,00
BAUME BOIS DE ROSE 50 ML,Yasemin Mumu : Korur, Nemlendirir, Kirlenme Karşıtı. Organik Karnauba Mumu : Hacmi Artırır. Japonya Balmumu : Korur, Yumuşatır, Dengeler. Organik Cupuacu Yağı : Nemlendiriciler Açısından Zengin Esansiyel Yağ.,https://static.ticimax.cloud/cdn-cgi/image/width=76,quality=85/53520/uploads/urunresimleri/buyuk/baume-bois-de-rose-50-ml--98fb-.jpeg,SAÇ BAKIM ÜRÜNLERİ > BALM > ,LEONOR GREYL,TL2.000,00
BAUME CAPILLAIRE 200 ml,Kuru ve yıpranmış saçları olanlar için gerçek bir nimet olan Baume Capillaire, saçları çözen, pürüzsüzleştiren ve saç kütiküllerini koruyan üçlü etkili bir bakımdır. Daha fazla dış hasarı durdurmak için saç millerini koruyucu bir kılıfla kaplarken saç kütiküllerinin pullarını düzleştirir. Saçın çözülmesi de daha kolay hale gelir. Saça daha fazla canlılık, parlaklık ve esneklik verir.,https://static.ticimax.cloud/cdn-cgi/image/width=76,quality=85/53520/uploads/urunresimleri/buyuk/baume-capillaire-200-ml--ee5d-.jpeg,SAÇ BAKIM ÜRÜNLERİ > KREM > ,BIOLOGIQUE R.,
CALM SHAMPOO 250 ML,Bu vegan şampuan, hassas veya tahriş olmuş saç derilerindeki kaşıntıyı anında yatıştırır ve azaltır. Bitkisel allantoin bakımından zengin, %94 oranında doğal kaynaklı yumuşak formülü, saç derisini kalıcı bir şekilde korurken reaktivitesini azaltır. Günden güne, gerginlik ve karıncalanma hissi kaybolur. Saç derisi dengesine kavuşur, saç esnek ve parlak olur. Bergamot ve beyaz misk notaları içeren şampuan, saç derisine anında rahatlık sağlar. Sülfat, silikon, fenoksietanol içermez. Mineral yağ, yapay renk içermez. Vegandır. Fransa'da üretilmiştir.,https://static.ticimax.cloud/cdn-cgi/image/width=76,quality=85/53520/uploads/urunresimleri/buyuk/calm-shampoo-250-ml-e03e96.jpeg,SAÇ BAKIM ÜRÜNLERİ > ŞAMPUAN > ,LAZARTIGUE,TL632,00
CHS (Clinical Hair Shampoo) 300 ML,Clinical Hair Shampoo anında kirleri giderir ve kafa derisi ısısını anında soğutur. Saç derisine besin sağlayarak saç derisini ve saçı sağlıklı hale getirir.,https://static.ticimax.cloud/cdn-cgi/image/width=76,quality=85/53520/uploads/urunresimleri/buyuk/clinical-scalp-shampoo-css-300-ml-8af3e6.jpeg,SAÇ BAKIM ÜRÜNLERİ > ŞAMPUAN > ,GENOSYS,
CHT (Clinical Hair Tonic) 70 ML,Clinical Hair Tonik, kuruluktan ve nemsizlikte olan saç kaybının önlenmesine yardımcı olan bir saç toniğidir.,https://static.ticimax.cloud/cdn-cgi/image/width=76,quality=85/53520/uploads/urunresimleri/buyuk/cht-clinical-hair-tonic-e-e320.jpeg,SAÇ BAKIM ÜRÜNLERİ > TONİK > ,GENOSYS,
CLARIFY EXFOLIATING GEL 75 ML,Ekstra taze jel formülü, birikintileri nazikçe temizleyen ve saçınızın tamamen temizlenmiş ve optimal dengesine geri dönmüş hissetmesini sağlayan jojoba incileri içerir. %92 oranında doğal kaynaklı bileşenlerle formüle edilen bakım, sağlıklı görünen, parlak saçlar için saç derinizin canlanmış hissetmesini sağlar. Sülfat, silikon ve mineral yağ içermez. Vegan ve zulüm içermez.,https://static.ticimax.cloud/cdn-cgi/image/width=76,quality=85/53520/uploads/urunresimleri/buyuk/clarify-exfoliating-gel-75-ml-0c-4a5.jpeg,SAÇ BAKIM ÜRÜNLERİ > JEL > ,LAZARTIGUE,TL1.085,00
CLEAR ANTI-DANDRUFF HAIR CARE 75 ML,Çinko pirition içeren saç bakım kremi saç derisini yatıştırırken kepeği ortadan kaldırır. %93 oranında doğal kökenli bileşenler içerir. Vegan formülü sülfat ve silikon içermez.,https://static.ticimax.cloud/cdn-cgi/image/width=76,quality=85/53520/uploads/urunresimleri/buyuk/clear-anti-dandruff-hair-care-75-ml-f-4c4f.jpeg,SAÇ BAKIM ÜRÜNLERİ > KREM > ,LAZARTIGUE,TL896,00
CLEAR STEP 1 SHAMPOO 250 ML,Çinko pirition bakımından zengin olan Clear kepek önleyici şampuan, saç derisini yatıştırır ve temizler. %96 doğal içeriklere dayanan vegan formülü, kepeği kalıcı olarak yok etmek için antifungal özelliklere sahiptir.,https://static.ticimax.cloud/cdn-cgi/image/width=76,quality=85/53520/uploads/urunresimleri/buyuk/clear-step-1-shampoo-250-ml-f04578.jpeg,SAÇ BAKIM ÜRÜNLERİ > ŞAMPUAN > ,LAZARTIGUE,TL644,00
CLEAR STEP 2 SHAMPOO 250 ML,Çinko pirition bakımından zengin olan Clear kepek önleyici şampuan, saç derisini yatıştırır ve temizler. %96 doğal içeriklere dayanan vegan formülü, kepeği kalıcı olarak yok etmek için antifungal özelliklere sahiptir.,https://static.ticimax.cloud/cdn-cgi/image/width=76,quality=85/53520/uploads/urunresimleri/buyuk/clear-step-2-shampoo-250-ml-9f2270.jpeg,SAÇ BAKIM ÜRÜNLERİ > ŞAMPUAN > ,LAZARTIGUE,TL644,00
COLOR BEAUTIFYING HAIR CARE MASK 200 ML,Boyalı ve röfleli saçların güzelliğini ortaya çıkarmayı ve rengini korumayı amaçlayan bir saç bakım maskesidir. Formülü, saçı beslemek ve parlak saçı ortaya çıkarmak için yağlarla zenginleştirilmiştir. Boyalı saçın güzel ve canlı kalmasına yardımcı olur. Saç, daha yumuşak, parlak, esnek ve kolay şekil alabilen yapısını yeniden kazanır. Doğal kökenli aktif içeriğe sahip taze bir kokuya sahiptir. Yıkanmış ve nemli saça uygulayın. Köklerden uçlara kadar dağıtın. Saç derisine masaj yapın ve ürünü 3 dakika boyunca bırakın. Dikkatlice durulayın. Göz temasından kaçının. Doğal kökenli aktif içeriklere sahiptir.,https://static.ticimax.cloud/cdn-cgi/image/width=76,quality=85/53520/uploads/urunresimleri/buyuk/color-beautifying-hair-care-mask-200-m-b-7fd9.jpeg,https://static.ticimax.cloud/cdn-cgi/image/width=76,quality=85/53520/uploads/urunresimleri/buyuk/color-beautifying-hair-care-mask-200-m-99a7-6.jpeg,https://static.ticimax.cloud/cdn-cgi/image/width=76,quality=85/53520/uploads/urunresimleri/buyuk/color-beautifying-hair-care-mask-200-m--e1dc-.jpeg,SAÇ BAKIM ÜRÜNLERİ > MASKE > ,SISLEY,TL4.430,00
COLOUR PROTECT CONDITIONER 150 ML,Kamelya yağı ile içeren saç kremi saçı nemlendirir, rengi sabitler ve boyalı saçların parlaklığını canlandırır. %95 oranında doğal kaynaklı besleyici formülü, renklendirme işlemleriyle zayıflamış saçları onarır. Saçların daha kolay taranmasına yardımcı olarak tarama esnasında oluşan hasarlardan saçı korur. Narenciye notaları ile saran bir dokuda birleşen botanik özler, saçı ağırlaştırmadan besler. Sülfat, silikon ve yapay renk içermez. Vegandır. Fransa'da üretilmiştir.,https://static.ticimax.cloud/cdn-cgi/image/width=76,quality=85/53520/uploads/urunresimleri/buyuk/colour-protect-conditioner-150-ml-972c33.jpeg,SAÇ BAKIM ÜRÜNLERİ > KREM > ,LAZARTIGUE,TL984,00
COLOUR PROTECT MASK 250 ML,Renk koruyucu saç maskesi, botanik aktif bileşenlerin konsantresi sayesinde boyalı saçların parlaklığını artırır. Doğal antioksidanlar açısından zengin olup, %92 vegan formüle sahiptir. Kamelya yağı ve son derece nemlendirici bir bitki aktif bileşeni olan Aquaxyl TM sayesinde saçı yoğun bir şekilde nemlendirirken saç renginin daha canlı görünmesine yardımcı olur. İlk uygulamadan itibaren renk korunur ve saçlar beslenmiş, esnek, güçlü hale gelir. Sülfat, silikon ve yapay renk içermez. Fransa'da üretilmiştir.,https://static.ticimax.cloud/cdn-cgi/image/width=76,quality=85/53520/uploads/urunresimleri/buyuk/colour-protect-mask-250-ml-6-e6bb.jpeg,SAÇ BAKIM ÜRÜNLERİ > MASKE > ,LAZARTIGUE,TL1.574,00
COLOUR PROTECT SHAMPOO 250 ML,Saç rengini korumak için Kamelya yağı ile zenginleştirilmiş bu vegan şampuan, yoğun şekilde nemlendirirken, boyalı saça zarar vermeden rengin daha uzun süre canlı kalmasını sağlar. Rengin süresini ve yoğunluğunu koruyan ve uzatan, %94 doğal kaynaklı nazik formüllü bu şampuan renk kaybını önlemeye yardımcı olur. Sülfat, silikon ve yapay renk içermez. Vegandır. Fransa'da üretilmiştir.,https://static.ticimax.cloud/cdn-cgi/image/width=76,quality=85/53520/uploads/urunresimleri/buyuk/colour-protect-shampoo-250-ml-cb4-46.jpeg,SAÇ BAKIM ÜRÜNLERİ > ŞAMPUAN > ,LAZARTIGUE,TL632,00
COMPLEXE CAPILLAIRE SERUM CAPILLAIRE COFFRET 12x5 ml,Yağlı saçlar için enerji verici ve dengeleyici Phyto-Complex tedavisi sağlar. İçeriğingde ipek proteinleri, Aloe Vera özü ve Vitaminler bulunur. Aşırı sebum üreten kafa derisinin pH'ını dengelemek için ideal bir üründür.,https://static.ticimax.cloud/cdn-cgi/image/width=76,quality=85/53520/uploads/urunresimleri/buyuk/complexe-capillaire-serum-capillaire-c-825c-3.jpeg,SAÇ BAKIM ÜRÜNLERİ > LOSYON > ,BIOLOGIQUE R.,
COMPLEXE CEGABA + BIOPROLINE SERUM CAPILLAIRE COFFRET 12x5 ml,Complexe Cegaba + Bioproline saçın sağlıklı yapısının sabitlenmesine yardımcı olur, saç dökülmesinin önüne geçer. Bu yoğun tedavi saç dökülmesine karşı savaşır.,https://static.ticimax.cloud/cdn-cgi/image/width=76,quality=85/53520/uploads/urunresimleri/buyuk/complexe-cegaba-bioproline-serum-capil-00-47f.jpeg,SAÇ BAKIM ÜRÜNLERİ > SERUM > ,BIOLOGIQUE R.,
COMPLEXE ÉNERGISANT SPRAY 150 ML,Saç seyrelmesinden sorumlu maksimum sayıda faktöre karşı etkilidir Yeniden büyümeyi teşvik etmek için B2 vitamini açısından zengin konsantre formül.,https://static.ticimax.cloud/cdn-cgi/image/width=76,quality=85/53520/uploads/urunresimleri/buyuk/complexe-nergisant-spray-150-ml--c8ea0.png,SAÇ BAKIM ÜRÜNLERİ > SPREY > ,LEONOR GREYL,TL3.350,00
Conditioner - Aloe Vera 400 ML,Faith In Nature %99 Doğal İçerikli, %100 Doğal Kokular ve Organik Yağlar ile Zenginleştirilmiş Saç Bakım Kremi - Yenileyici Aloe Vera Normal & Kuruya Dönük Saçlar İçin 400ml,https://static.ticimax.cloud/cdn-cgi/image/width=76,quality=85/53520/uploads/urunresimleri/buyuk/conditioner-aloe-vera-400-ml-77e5-0.jpeg,SAÇ BAKIM ÜRÜNLERİ > KREM > ,FAITH IN NATURE,TL395,00
Conditioner - Avocado 400 ML,Herşey bir avokado çekirdeği ile başladı.,https://static.ticimax.cloud/cdn-cgi/image/width=76,quality=85/53520/uploads/urunresimleri/buyuk/conditioner-avocado-400-ml-d90517.jpeg,SAÇ BAKIM ÜRÜNLERİ > KREM > ,FAITH IN NATURE,TL395,00
Conditioner - Coconut 400 ML,Hindistan Cevizi Saç Bakım Kremi, onarıcı nitelikleri ile bilinen organik Hindistan Cevizi Yağı içeren doğal bir saç bakım kremidir. Hindistan Cevizi Yağının saç için doğal faydalarından yararlanan bu nemlendirici krem, yıpranmış saçları onarmak için idealdir. Saçlarınızın doğal olarak beslenmesini ve tropikal aromalarla dolmasını sağlar.,https://static.ticimax.cloud/cdn-cgi/image/width=76,quality=85/53520/uploads/urunresimleri/buyuk/conditioner-coconut-400-ml-bc-f49.jpeg,SAÇ BAKIM ÜRÜNLERİ > KREM > ,FAITH IN NATURE,TL395,00
Conditioner - Dragon Fruit 400 ML,Ejder Meyvesi Saç Bakım Kremi, zayıf, hasar görmüş veya boyalı saçları güçlendirmeye yardımcı olmak için antioksidan bakımından zengin ejder meyvesinin faydalarından yararlanarak saçlarınızın daha güçlü, daha canlı, daha nemli görünmesini ve hissetmesini sağlar.,https://static.ticimax.cloud/cdn-cgi/image/width=76,quality=85/53520/uploads/urunresimleri/buyuk/conditioner-dragon-fruit-400-ml-0cb3-4.jpeg,SAÇ BAKIM ÜRÜNLERİ > KREM > ,FAITH IN NATURE,TL395,00
Conditioner - Grapefruit & Orange 400 ML,Greyfurt & Portakal Saç Bakım Kremi, greyfurt ve organik portakal esansiyel yağlarını nazikçe tazelemek ve canlandırmak için harmanlayarak, yağlı saçların temizlenerek, taze ve harika kokmasını sağlar.,https://static.ticimax.cloud/cdn-cgi/image/width=76,quality=85/53520/uploads/urunresimleri/buyuk/conditioner-grapefruit-orange-400-ml-502-c7.jpeg,SAÇ BAKIM ÜRÜNLERİ > KREM > ,FAITH IN NATURE,TL395,00
Conditioner - Jojoba 400 ML,Jojoba Saç Bakım Kremi'nin en önemli içeriği olan Jojoba yağı; saçlarınızın kuru, hasar görmüş, kıvırcık veya boyalı olmasına bakmaksızın onarma konusunda bir dizi fayda sunar. Bu doğal yağ, saçlarınıza parlaklık kazandırmanın yanı sıra besleyici özellikleri sayesinde saçlarınızı daha kolay yönetilebilir hale getirir. Ayrıca jojoba yağının, saç derinizde ve saç tellerinizde bulunan doğal yağların ve pH dengesinin korunmasına yardımcı olduğu bilinmektedir. Siz de jojoba yağının benzersiz özelliklerinden yararlanarak saçlarınıza ihtiyaç duyduğu bakımı sağlayabilirsiniz.,https://static.ticimax.cloud/cdn-cgi/image/width=76,quality=85/53520/uploads/urunresimleri/buyuk/conditioner-jojoba-400-ml-7702d6.jpeg,SAÇ BAKIM ÜRÜNLERİ > KREM > ,FAITH IN NATURE,TL395,00
Conditioner - Lavender & Geranium 400 ML,Lavanta & Sardunya Saç Bakım Kremi, kuru saçları beslemek için lavanta, sardunya esansiyel yağları ve antosiyanin (üzüm kabuğundan güçlü bir antioksidan) ile birlikte lavantanın sakinleştirici/rahatlatıcı faydalarından yararlanır. Lavanta yağının saçı daha dolgun, yumuşak ve sağlıklı bıraktığı da bilinmektedir.,https://static.ticimax.cloud/cdn-cgi/image/width=76,quality=85/53520/uploads/urunresimleri/buyuk/conditioner-lavender-geranium-400-ml-a8-af6.jpeg,SAÇ BAKIM ÜRÜNLERİ > KREM > ,FAITH IN NATURE,TL395,00
Conditioner - Lemon & Tea Tree 400 ML,Limon & Çay Ağacı Saç Bakım Kremi, Organik Limon ve Çay Ağacı Yağının doğal faydalarından yararlanarak saçları narenciye patlamasıyla temizler ve canlandırır, yağlı saçlarda taze ve harika kokulu bir his bırakır.,https://static.ticimax.cloud/cdn-cgi/image/width=76,quality=85/53520/uploads/urunresimleri/buyuk/conditioner-lemon-tea-tree-400-ml-0e3016.jpeg,SAÇ BAKIM ÜRÜNLERİ > KREM > ,FAITH IN NATURE,TL395,00
Conditioner - Rosemary 400 ML,Biberiye Saç Bakım Kremi, biberiye yağının saç ve saç derisini canlandırmak gibi birçok faydasından yararlanan organik bir saç kremidir. Ayrıca biberiye yağının yoğun nemlendirme etkisi ile kuru, kaşıntılı saç derisini rahatlatıp, saçı daha dolgun, daha yumuşak ve sağlıklı bıraktığı bilinmektedir.,https://static.ticimax.cloud/cdn-cgi/image/width=76,quality=85/53520/uploads/urunresimleri/buyuk/conditioner-rosemary-400-ml-cc35-4.jpeg,SAÇ BAKIM ÜRÜNLERİ > KREM > ,FAITH IN NATURE,TL395,00
Conditioner - Wild Rose 400 ML,Yabani Gül Saç Bakım Kremi, Organik Kuşburnu Yağının saçlar için nemlendirici faydalarından yararlanır. Bu güzel kokulu organik saç bakım kremi; hasar görmüş saçları onarmayı, daha yumuşak ve sağlıklı görünmesini sağlar.,https://static.ticimax.cloud/cdn-cgi/image/width=76,quality=85/53520/uploads/urunresimleri/buyuk/conditioner-wild-rose-400-ml-b7fe-d.jpeg,SAÇ BAKIM ÜRÜNLERİ > KREM > ,FAITH IN NATURE,TL395,00
ContinueLine Conditioner - 200 ml,Yatıştırıcı ve canlandırıcı MBR ContinueLine Saç Kremi, nem artırıcı etkisiyle daha fazla esneklik ve uzun süreli renk yoğunluğu sağlar. • Dengeli, saç dostu bir pH değerine sahiptir. • Canlı bir parlaklık sağlar • Saç yapısını ve saçın taranabilirliğini iyileştirir.,https://static.ticimax.cloud/cdn-cgi/image/width=76,quality=85/53520/uploads/urunresimleri/buyuk/continueline-conditioner-200-ml-9e12-e.jpeg,SAÇ BAKIM ÜRÜNLERİ > KREM > ,MBR,TL6.104,00
ContinueLine Shampoo - 200 ml,Hassas saç derisi ve kuru saçlar için uygun, nazikçe temizleyen, cilt dostu, besleyici bir şampuan.,https://static.ticimax.cloud/cdn-cgi/image/width=76,quality=85/53520/uploads/urunresimleri/buyuk/continueline-shampoo-200-ml-b46f51.jpeg,SAÇ BAKIM ÜRÜNLERİ > ŞAMPUAN > ,MBR,TL5.573,00
CRÈME AUX FLEURS 200 ML,Kahverengi Deniz Yosunu Özü : B,C Ve E Vitaminleri Açısından Zengin, Eser Elementler Açısından Zengin, Güçlendirir. Adaçayı Özü : Antioksidan, Antienflamatuvar, Antiseptik. Papatya Özü : Yatıştırır, Anti-İltihaplı, Antibakteriyel. Sarımsak Özü : Antibakteriyel, Arındırıcı, Eser Elementler Açısından Zengin, Detoksifiye Eder.,https://static.ticimax.cloud/cdn-cgi/image/width=76,quality=85/53520/uploads/urunresimleri/buyuk/cr-me-aux-fleurs-200-ml-53-fd2.jpeg,SAÇ BAKIM ÜRÜNLERİ > KREM > ,LEONOR GREYL,TL1.150,00
CRÈME DE SOIN A L'AMARANTE 150 ML,Amaranthe Özü Ve Organik Yağ : Amino Asitler Açısından Zengin Nemlendiriciler. Organik Karanja Yağı : Güneşten Korunma, Yaşlanma Karşıtı, Antienflamatuvar. Altın Samphire Özü : Nemlendirir Renk Koruyucudur Ve Parlaklığı Arttırır. Organik Jojoba Yağı : C, B Ve E Vitaminleri Açısından Zengin, Nemlendirir.,https://static.ticimax.cloud/cdn-cgi/image/width=76,quality=85/53520/uploads/urunresimleri/buyuk/cr-me-de-soin-a-lamarante-150-ml-81bd32.png,SAÇ BAKIM ÜRÜNLERİ > KREM > ,LEONOR GREYL,TL2.770,00
CREME DEMELANTE RESTUCTURANTE 200 ML,Yeniden yapılandırıcı, yoğun bir şekilde lipid bakımından zengin formülü, kırıkları pürüzsüzleştirir, parlaklığı arttırır ve direnci geliştirir. Pamuk Proteinleri içeren yeniden Yapılandırıcı Saç Kremi. Birbirine dolaşan saçlar için kökten uca çözüm sağlayan saç kremi saçın parlaklığını ve direncini artırır. Kırılmış ve yıpranmış saçları daha kolay taranır hale getirir ve rahat şekil almasını sağlar.,https://static.ticimax.cloud/cdn-cgi/image/width=76,quality=85/53520/uploads/urunresimleri/buyuk/creme-demelante-restucturante-200-ml-e0e0e8.jpeg,https://static.ticimax.cloud/cdn-cgi/image/width=76,quality=85/53520/uploads/urunresimleri/buyuk/creme-demelante-restucturante-200-ml-46cc-b.jpeg,https://static.ticimax.cloud/cdn-cgi/image/width=76,quality=85/53520/uploads/urunresimleri/buyuk/creme-demelante-restucturante-200-ml-9d52c9.jpeg,SAÇ BAKIM ÜRÜNLERİ > KREM > ,SISLEY,TL3.250,00
CRÈME RÉGÉNÉRATRICE 100 ML,Kahverengi Deniz Yosunu Özü : B,C Ve E Vitaminleri Açısından Zengin, Eser Elementler Açısından Zengin, Güçlendirir. Kinoa Özü : Yumuşatır, Korur, Güçlendirir. Adaçayı Özü : Antioksidan, Antienflamatuvar, Antiseptik. Organik Jojoba Yağı : C, B Ve E Vitaminleri Açısından Zengin, Nemlendirir.,https://static.ticimax.cloud/cdn-cgi/image/width=76,quality=85/53520/uploads/urunresimleri/buyuk/cr-me-rgnratrice-100-ml-ed-971.jpeg,SAÇ BAKIM ÜRÜNLERİ > KREM > ,LEONOR GREYL,TL1.250,00
Detangling Toning Mist 125 ML,Detangling Toning Mist, musluk suyunun sert pH'ını dengeleyerek dolaşıklıkları açar ve saça pürüzsüz, parlak, elektriklenmeyen bir görünüm kazandırır. Günlük kullanıma uygun. Esansiyel yağların hafif bir karışımı dolaşıklıkları çözer, elektriklenmeyi, statik görünümü azaltır ve bitkilerden elde edilen hafif bir kokuya sahiptir.,https://static.ticimax.cloud/cdn-cgi/image/width=76,quality=85/53520/uploads/urunresimleri/buyuk/detangling-toning-mist-125-ml-1d4234.jpeg,SAÇ BAKIM ÜRÜNLERİ > SPREY > ,PHILIP B,TL1.630,00
Detangling Toning Mist 60 ML,Detangling Toning Mist, musluk suyunun sert pH'ını dengeleyerek dolaşıklıkları açar ve saça pürüzsüz, parlak, elektriklenmeyen bir görünüm kazandırır. Günlük kullanıma uygun. Esansiyel yağların hafif bir karışımı dolaşıklıkları çözer, elektriklenmeyi, statik görünümü azaltır ve bitkilerden elde edilen hafif bir kokuya sahiptir.,https://static.ticimax.cloud/cdn-cgi/image/width=76,quality=85/53520/uploads/urunresimleri/buyuk/detangling-toning-mist-60-ml-22-4db.jpeg,SAÇ BAKIM ÜRÜNLERİ > SPREY > ,PHILIP B,TL917,00
ÉCLAT NATUREL 50 ML,Organik Jojoba Yağı : C, B Ve E Vitaminleri Açısından Zengin, Nemlendirir. Organik Shea Yağı : Nemlendirme, E Vitamini Açısından Zengin, Yumuşatır, Korur. Organik Mongongo Yağı : Omega 3 Açısından Zengin Nemlendirme, Güneş Koruması Sağlar.,https://static.ticimax.cloud/cdn-cgi/image/width=76,quality=85/53520/uploads/urunresimleri/buyuk/clat-naturel-50-ml-b540f6.jpeg,SAÇ BAKIM ÜRÜNLERİ > KREM > ,LEONOR GREYL,TL1.490,00
Energy Conditioner 21 - 200 ml,Saç yüzeyini pürüzsüzleştirir, taranabilirliği artırır ve uçların kırılmasını önler.,https://static.ticimax.cloud/cdn-cgi/image/width=76,quality=85/53520/uploads/urunresimleri/buyuk/energy-conditioner-21-200-ml-b0e1c-.jpeg,SAÇ BAKIM ÜRÜNLERİ > KREM > ,21 TRANSDERMAL,TL2.050,00
Energy Shampoo 21 - 200 ml,Saça esneklik verir ve mekanik özellikleri iyileştirir.,https://static.ticimax.cloud/cdn-cgi/image/width=76,quality=85/53520/uploads/urunresimleri/buyuk/energy-shampoo-21-200-ml-6b4-46.jpeg,SAÇ BAKIM ÜRÜNLERİ > ŞAMPUAN > ,21 TRANSDERMAL,TL2.050,00
Everyday Beautiful Conditioner 178 ML,Her şeyi hafif tutarken görkemli renk görünümünü desteklemenin devrim niteliğinde bir yolu. Bu zengin bakım kompleksi birçok düzeyde çalışır: Saçları ağırlıksız, zamanla salınan nemle şımartır. Kıvrımı en aza indiren ve renginizin içeriden parlak görünmesini sağlayan güçlü bir amino asit kompleksi içerir. Aynı zamanda saç derinizin taze ve canlanmış, saçınızın ise canlı ve ışıltılı olmasını sağlayan canlandırıcı çiçek ve narenciye özlerinin (Bergamot, Limon ve Lavanta dahil) bir karışımını içerir. Peki bitkilerden elde edilen enfes koku? Bu botanik bir keşif.,https://static.ticimax.cloud/cdn-cgi/image/width=76,quality=85/53520/uploads/urunresimleri/buyuk/everyday-beautiful-conditioner-178-ml-1a-9fc.jpeg,SAÇ BAKIM ÜRÜNLERİ > KREM > ,PHILIP B,TL2.750,00
EXTRA-GENTLE SHAMPOO 250 ML,https://static.ticimax.cloud/cdn-cgi/image/width=76,quality=85/53520/uploads/urunresimleri/buyuk/extra-gentle-shampoo-250-ml-46-7c4.jpeg,SAÇ BAKIM ÜRÜNLERİ > ŞAMPUAN > ,LAZARTIGUE,TL503,00
Forever Shine Conditioner 178 ML,Forever Shine Conditioner, saçları botanik nemle yumuşatmak için küçük, zamanla salınan aspir oleozomları gibi ustaca bir dağıtım sistemi kullanır. Günlük kullanım için mükemmel olan bu ürün, tüm saç tiplerinin alışılmadık derecede pürüzsüz ve parlak görünmesini, taze ve hafif bir his bırakmasını sağlar. Daha da iyisi, içeriğinde bulunan gelişmiş bir amino asit kompleksi, her renk tonunun zengin ve ışıltılı görünmesini sağlar.,https://static.ticimax.cloud/cdn-cgi/image/width=76,quality=85/53520/uploads/urunresimleri/buyuk/forever-shine-conditioner-178-ml--3231-.jpeg,SAÇ BAKIM ÜRÜNLERİ > KREM > ,PHILIP B,TL5.093,00
Forever Shine Conditioner 60 ML,Forever Shine Conditioner, saçları botanik nemle yumuşatmak için küçük, zamanla salınan aspir oleozomları gibi ustaca bir dağıtım sistemi kullanır. Günlük kullanım için mükemmel olan bu ürün, tüm saç tiplerinin alışılmadık derecede pürüzsüz ve parlak görünmesini, taze ve hafif bir his bırakmasını sağlar. Daha da iyisi, içeriğinde bulunan gelişmiş bir amino asit kompleksi, her renk tonunun zengin ve ışıltılı görünmesini sağlar.,https://static.ticimax.cloud/cdn-cgi/image/width=76,quality=85/53520/uploads/urunresimleri/buyuk/forever-shine-conditioner-60-ml-10df1d.jpeg,SAÇ BAKIM ÜRÜNLERİ > KREM > ,PHILIP B,TL2.037,00
FORTIFY SHAMPOO 250 ML,Botanik aktif içerikli bu şampuan saç dökülmesini önler ve yavaşlatır. %94 oranında doğal kaynaklı, silikon ve sülfat içermeyen vegan formülü, saç tellerini güçlendirir ve saç köklerini uyarır. Gün geçtikçe saçlar daha dirençli hale gelir ve saç yoğunluğu artar. Nane ve hafif limon notalarına sahip dökülme karşıtı şampuan aynı zamanda saç derisine ferahlatıcı bir etki sağlar.,https://static.ticimax.cloud/cdn-cgi/image/width=76,quality=85/53520/uploads/urunresimleri/buyuk/fortify-shampoo-250-ml-4106fb.jpeg,SAÇ BAKIM ÜRÜNLERİ > ŞAMPUAN > ,LAZARTIGUE,TL632,00
GEL À L'HIBISCUS 100 ML,Ebegümeci Özü : Parlar, Hacmi Artırır, Güçlendirir. Moringa Özü : Nemlendirir, Korur, Amino Asitler Açısından Zengin. Badem Proteini : Korur, Güçlendirir, E Vitamini Ve Omega 9 Açısından Zengin.,https://static.ticimax.cloud/cdn-cgi/image/width=76,quality=85/53520/uploads/urunresimleri/buyuk/gel-lhibiscus-100-ml-380889.jpeg,SAÇ BAKIM ÜRÜNLERİ > JEL > ,LEONOR GREYL,TL950,00
Gravity-Defying Gel 178 ML,Marka,https://static.ticimax.cloud/cdn-cgi/image/width=76,quality=85/53520/uploads/urunresimleri/buyuk/gravity-defying-gel-178-ml-5172d3.jpeg,SAÇ BAKIM ÜRÜNLERİ > SAÇ ŞEKİLLENDİRİCİ > ,PHILIP B,TL2.292,00
GROW STRONGER SERUM 50 ML,Konsantre botanik aktif maddeler içeren bu saç serumu, reaktif saç dökülmesini yavaşlatır. %97 doğal kaynaklı vegan formülü, saç telini güçlendirir, sağlıklı saçların yeniden büyümesi için ideal ortamı yaratmak için saç derisini uyarır ve yatıştırır. Saçları güçlendirir ve yağlı bir görünüm oluşturmaz. İnce jelleşmiş, yağsız dokusu sayesinde bu serum yüze akmadan saç derisine kolayca uygulanır. Alkol, silikon, mineral yağ, edta, peg, yapay renk içermez.,https://static.ticimax.cloud/cdn-cgi/image/width=76,quality=85/53520/uploads/urunresimleri/buyuk/grow-stronger-serum-50-ml-afba4e.jpeg,SAÇ BAKIM ÜRÜNLERİ > SERUM > ,LAZARTIGUE,TL1.889,00
GROW THICKER SERUM 50 ML,Güçlü botanik aktif bileşen konsantresi sayesinde, Thicker saç serumu ilerleyen saç dökülmesini yavaşlatır. %97 doğal kaynaklı vegan formülü, saç dökülmesini önleyici etki sunarken, saç köklerini uyarır. Zayıflamış saç köklerinin güçlenmesini sağlar. Böylece saç telleri kalınlaşır ve daha dirençli hale gelir ve saçın daha yoğun görünmesine yardımcı olur. Hafif dokusu, saçı yağlandırmadan günlük kullanımı kolaylaştırır. Mentol kokusunun ferahlatıcı etkise sahiptir. Alkol, silikon, mineral yağ, edta, peg, yapay renk içermez.,https://static.ticimax.cloud/cdn-cgi/image/width=76,quality=85/53520/uploads/urunresimleri/buyuk/grow-thicker-serum-50-ml-094-46.jpeg,SAÇ BAKIM ÜRÜNLERİ > SERUM > ,LAZARTIGUE,TL1.889,00
Hair & Scalp Booster - 20x5 ml,Saç dökülmesini önlemenin yanı sıra saç kökünü ve saç derisini canlandırmak ve güçlendirmek için yenilikçi bir saç güçlendirici. Daha kalın ve sağlıklı saçlar için günlük bakım.,https://static.ticimax.cloud/cdn-cgi/image/width=76,quality=85/53520/uploads/urunresimleri/buyuk/hair-scalp-booster-20x5-ml-100e3c.jpeg,SAÇ BAKIM ÜRÜNLERİ > SERUM > ,MBR,TL13.867,00
Hair & Scalp Shampoo,"Keratin Power" içeren güçlendirici şampuan, saç yapısını kökten güçlendirir ve özellikle ince saçlara daha fazla hacim kazandırır.,https://static.ticimax.cloud/cdn-cgi/image/width=76,quality=85/53520/uploads/urunresimleri/buyuk/hair-scalp-shampoo-e4098-.jpeg,SAÇ BAKIM ÜRÜNLERİ > ŞAMPUAN > ,MBR,TL8.254,00
Hair Boost Tonic 150 ML,Aşırı saç dökülmesi ve saçların incelmesi durumunda etkili özel bakım. Saç derisi ve saç için yüksek kaliteli bileşenlerin kombinasyonu. Doğal saç büyümesini teşvik etmeye yardımcı olur. Aplikatör ucu sayesinde kolay ve hedefe yönelik uygulama.,https://static.ticimax.cloud/cdn-cgi/image/width=76,quality=85/53520/uploads/urunresimleri/buyuk/hair-boost-tonic-150-ml-4f0ebc.jpeg,SAÇ BAKIM ÜRÜNLERİ > TONİK > ,SCHRAMMEK,TL3.750,00
Hair Mask - Coconut & Shea Butter 300 ML,Hindistan Cevizi & Shea Yağı Saç Bakım Maskesi, onarıcı özellikleriyle bilinen Organik Hindistan Cevizi Yağı ve besleyici Shea Yağı içerir. Hindistan cevizi yağının saç için doğal faydalarından yararlanan bu nemlendirici saç bakım maskesi, yıpranmış saçları besleyerek daha parlak görünmesini sağlar. Saçın doğal olarak beslenmesini ve tropikal aromalarla dolmasını sağlar.,https://static.ticimax.cloud/cdn-cgi/image/width=76,quality=85/53520/uploads/urunresimleri/buyuk/hair-mask-coconut-shea-butter-300-ml-35118f.jpeg,SAÇ BAKIM ÜRÜNLERİ > MASKE > ,FAITH IN NATURE,TL585,00
Hair Mask - Dragon Fruit 300 ML,Ejder Meyvesi Saç Bakım Maskesi, antioksidan bakımından zengin ejder meyvesi ile zarar görmüş saçları besleyerek güçlendirir. Tropikal aromaları; saçı doğal olarak beslerken, yıpranmış saçların daha canlı ve parlak görünmesini sağlar.,https://static.ticimax.cloud/cdn-cgi/image/width=76,quality=85/53520/uploads/urunresimleri/buyuk/hair-mask-dragon-fruit-300-ml-6-4340.jpeg,SAÇ BAKIM ÜRÜNLERİ > MASKE > ,FAITH IN NATURE,TL585,00
Hair Mask - Rose & Chamomile 300 ML,Yabani Gül & Papatya Saç Maskesi, organik kuşburnu ve papatya esansiyel yağlarının doğal faydalarından yararlanarak saçları beslerken daha parlak görünmesini sağlamaya yardımcı olur.,https://static.ticimax.cloud/cdn-cgi/image/width=76,quality=85/53520/uploads/urunresimleri/buyuk/hair-mask-rose-chamomile-300-ml-6-3f61.jpeg,SAÇ BAKIM ÜRÜNLERİ > MASKE > ,FAITH IN NATURE,TL585,00
Hair Mask ‐ Nourishing Repair 200 ML,Hei Poa Onarıcı Maske 200ml Tahiti monoi ile zenginleştirilmiş besleyici, güçlendirici ve koruyucu bir saç bakım ürünüdür. Bu maske eriyen dokusuyla kuru, yıpranmış ve kırılgan saçları yoğun bir şekilde besler. Kırılma önleyici etki için saç lifini onarır ve güçlendirir. Saçlar yeniden yumuşaklık, parlaklık ve esneklik kazanır.,https://static.ticimax.cloud/cdn-cgi/image/width=76,quality=85/53520/uploads/urunresimleri/buyuk/hair-mask-nourishing-repair-200-ml-6f379-.jpeg,SAÇ BAKIM ÜRÜNLERİ > MASKE > ,HEI POA,TL559,00
Hair Mask Shea & Argan 300 ML,Shea & Argan Saç Bakım Maskesi, Shea Yağı ve Argan Yağı ile zenginleştirilmiştir. Doğanın gücünü saç bakımınıza taşıyan bu özel formül, saçlarınızın ihtiyaç duyduğu besleyici bakımı sunar. Kuru saçları derinlemesine nemlendirirken, saçlarınızın doğal güzelliğini ortaya çıkarır ve pürüzsüz bir dokunuş kazandırır. Ayrıca, kıvırcık ve afro saç tipleri için de idealdir!,https://static.ticimax.cloud/cdn-cgi/image/width=76,quality=85/53520/uploads/urunresimleri/buyuk/hair-mask-shea-argan-300-ml-57-090.jpeg,SAÇ BAKIM ÜRÜNLERİ > MASKE > ,FAITH IN NATURE,TL585,00
HUILE APAISANTE 20 ML,Azulene (Okaliptüs Özü) : Yatıştırır, İltihap Önleyici, Antioksidan. Brezilya Ceviz Yağı : Antienflamatuvar, Antioksidan, Zengin Omega3 Ve 6. Organik Kamelya Yağı : Nemlendirir, Korur, Canlandırır.,https://static.ticimax.cloud/cdn-cgi/image/width=76,quality=85/53520/uploads/urunresimleri/buyuk/huile-apaisante-20-ml--424b-.jpg,SAÇ BAKIM ÜRÜNLERİ > BAKIM YAĞI > ,LEONOR GREYL,TL1.490,00
HUILE DES RÊVES - HAIR OIL 50 ML,Saf botanik yağlarla zenginleştirilmiş güzellik ritüellerinden ilham alan Lazartigue Huile, saç tellerini besleyen, saçı güçlendiren ve yağlı bir görünüm bırakmadan yoğun parlaklık kazandırır. Çiçeksi kokusuyla saçları sarar ve tazelik hissi verir. 1 yağ 4 farklı kullanım şekliyle saçların doğal güzelliğini ortaya çıkarmaktadır. Kuru ve yıpranmış saçlar için şampuan öncesi bakım, şekillendirme öncesi dolaşık açıcı etki, yoğun parlaklık için kurutma ya da fön gibi işlemler sonrası ve derinlemesine besleyici etki için gece maskesi olarak uygulanır. Silikon, mineral yağ, yapay renk içermez. Vegandır.,https://static.ticimax.cloud/cdn-cgi/image/width=76,quality=85/53520/uploads/urunresimleri/buyuk/huile-des-r-ves-hair-oil-50-ml-6c28-4.jpeg,SAÇ BAKIM ÜRÜNLERİ > BAKIM YAĞI > ,LAZARTIGUE,TL1.224,00
HUILE PRECIEUSE CHEVEUX 100 ML,Saçı besleyen, parlaklık ve yumuşaklık katan parfümlü güzellik bakım yağı. Çarkıfelek, Shea, Pamuk ve Moringa yağlarının benzersiz karışımı sayesinde, saç uçlarını yeniden yapılandırır ve saç lifleri etrafında hafif bir film tabakası oluşturur. Saçların beslenmesini, pürüzsüzlük kazanmasını ve güçlenmesini sağlar.Kokusu, saçınıza tüm gün boyunca süren hoş bir koku verir ve hafif dokusu ardında ipeksi bir tül hissi bırakır. Nemli veya kuru saça uygulanır. Orta kısmından uçlara kadar dağıtılır. Uygulama sonrası, saçlarınız gözle görülür derecede parlaklaşır.,https://static.ticimax.cloud/cdn-cgi/image/width=76,quality=85/53520/uploads/urunresimleri/buyuk/huile-precieuse-cheveux-100-ml-9ba9-2.jpeg,https://static.ticimax.cloud/cdn-cgi/image/width=76,quality=85/53520/uploads/urunresimleri/buyuk/huile-precieuse-cheveux-100-ml-55de1c.jpeg,https://static.ticimax.cloud/cdn-cgi/image/width=76,quality=85/53520/uploads/urunresimleri/buyuk/huile-precieuse-cheveux-100-ml--bb858.jpeg,SAÇ BAKIM ÜRÜNLERİ > BAKIM YAĞI > ,SISLEY,TL4.650,00
HUILE SECRET DE BEAUTÉ 95 ML,Organik Mongongo Yağı : Omega 3 Açısından Zengin Nermlendirme, Güneş Koruması. Organik Nar Yağı : Antioksidan, Nemlendirir, Yatıştırır. Organik Tatlı Badem Yağı : Korur, Güçlendirir, E Vitamini Ve Omega 9 Açısından Zengindir.,https://static.ticimax.cloud/cdn-cgi/image/width=76,quality=85/53520/uploads/urunresimleri/buyuk/huile-secret-de-beaut-95-ml-e5-e08.jpeg,SAÇ BAKIM ÜRÜNLERİ > BAKIM YAĞI > ,LEONOR GREYL,TL2.400,00
Icelandic Blonde Shampoo 220 ML,Sarı ve açık renkli saçlar için mükemmel uyum sağlayan nazik şampuan. Saçlara daha parlak bir görünüm kazandırır. Zamanla salınan bitkisel nemlendiriciler saçın esnek ve kolay şekil almasını sağlar. Sarı tonları nötralize eder ve vurguları aydınlatır.,https://static.ticimax.cloud/cdn-cgi/image/width=76,quality=85/53520/uploads/urunresimleri/buyuk/icelandic-blonde-shampoo-220-ml-38007a.jpeg,SAÇ BAKIM ÜRÜNLERİ > ŞAMPUAN > ,PHILIP B,TL2.445,00
K18 CHELATOR PEPTIDE PREP 300 ML,Karışım gerektirmeyen, püskürtmeli demineralizasyon işlemi. Optimum kimyasal + renk hizmetleri için saçları sıfırlayın, renk canlılığını canlandırın ve sadece 4 dakikada pürüzsüzlüğü ve canlılığı geri kazanın. Karışım formülü yok. Ekstra durulamaya gerek yoktur.,https://static.ticimax.cloud/cdn-cgi/image/width=76,quality=85/53520/uploads/urunresimleri/buyuk/k18-chelator-peptide-prep-300-ml-2f5e79.jpeg,SAÇ BAKIM ÜRÜNLERİ > SPREY > ,K18,TL7.500,00
K18 DETOX SHAMPOO 250 ML,Saçı ve saç derisini derinlemesine temizler: Saç foliküllerini tıkayan maddeleri temizlerken, sert ve musluk suyundan gelen metalleri, kirleri, yağları ve ağır ürün birikintilerinden geriye kalanları ortadan kaldırmak için pH-optimizasyonlu, saçın doğal yağını almayan bir köpük oluşturur.,https://static.ticimax.cloud/cdn-cgi/image/width=76,quality=85/53520/uploads/urunresimleri/buyuk/k18-detox-shampoo-250-ml--fe33a.png,SAÇ BAKIM ÜRÜNLERİ > ŞAMPUAN > ,K18,TL1.950,00
K18 LEAVE-IN MOLECULAR REPAIR HAIR MASK 15 ML,4 dakika içinde klinik olarak hasarı tersine çeviren, tüm saç tipleri için kalıcı saç bakım maskesi Patentli peptit teknolojisi; balyaj, fön, boya gibi her türlü kimyasal işler ve ısıdan kaynaklanan hasarı onarmak için çalışır - gücü, yumuşaklığı, pürüzsüzlüğü ve saçın dolgunluğunu geri kazandırır.,https://static.ticimax.cloud/cdn-cgi/image/width=76,quality=85/53520/uploads/urunresimleri/buyuk/k18-leave-in-molecular-repair-hair-mas-9cb-49.jpeg,SAÇ BAKIM ÜRÜNLERİ > MASKE > ,K18,TL1.330,00
K18 LEAVE-IN MOLECULAR REPAIR HAIR MASK 5 ML,4 dakika içinde klinik olarak hasarı tersine çeviren, tüm saç tipleri için kalıcı saç bakım maskesi Patentli peptit teknolojisi; balyaj, fön, boya gibi her türlü kimyasal işler ve ısıdan kaynaklanan hasarı onarmak için çalışır - gücü, yumuşaklığı, pürüzsüzlüğü ve saçın dolgunluğunu geri kazandırır.,https://static.ticimax.cloud/cdn-cgi/image/width=76,quality=85/53520/uploads/urunresimleri/buyuk/k18-leave-in-molecular-repair-hair-mas-1ffc5a.jpeg,SAÇ BAKIM ÜRÜNLERİ > MASKE > ,K18,TL635,00
K18 LEAVE-IN MOLECULAR REPAIR HAIR MASK 50 ML,4 dakika içinde klinik olarak hasarı tersine çeviren, tüm saç tipleri için kalıcı saç bakım maskesi Patentli peptit teknolojisi; balyaj, fön, boya gibi her türlü kimyasal işler ve ısıdan kaynaklanan hasarı onarmak için çalışır - gücü, yumuşaklığı, pürüzsüzlüğü ve saçın dolgunluğunu geri kazandırır.,https://static.ticimax.cloud/cdn-cgi/image/width=76,quality=85/53520/uploads/urunresimleri/buyuk/k18-leave-in-molecular-repair-hair-mas-4774-a.jpeg,SAÇ BAKIM ÜRÜNLERİ > MASKE > ,K18,TL3.035,00
K18 MOLECULAR REPAIR HAIR OIL 30 ML,Sıkılaştırıcı, saçı yumuşatıcı yağ iki farklı saç lifi seviyesinde elektriklenmeyi gidermeye çalışır,https://static.ticimax.cloud/cdn-cgi/image/width=76,quality=85/53520/uploads/urunresimleri/buyuk/k18-molecular-repair-hair-oil-30-ml-6f78ad.jpeg,SAÇ BAKIM ÜRÜNLERİ > BAKIM YAĞI > ,K18,TL2.630,00
K18 PH SHAMPOO 250 ML,Güçlü, pürüzsüz ve sağlıklı hisseden saçlar için saç sağlığını korurken etkili bir şekilde temizleyen K18PEPTIDE™ içeren, rengi güvenli, pH'ı optimize edilmiş bir şampuan.,https://static.ticimax.cloud/cdn-cgi/image/width=76,quality=85/53520/uploads/urunresimleri/buyuk/k18-ph-shampoo-250-ml-50-bf4.png,SAÇ BAKIM ÜRÜNLERİ > ŞAMPUAN > ,K18,TL1.860,00
K18 PROPEPTIDE KIT,K18PEPTIDE Teknolojisi ile güçlendirilen Pro Peptide Starter Kit, kuaför hizmetlerinden önce saçları güçlendirir ve kuaför hizmetlerinden sonra saç hasarını onarır. Daha güçlü, daha sağlıklı saçlar üzerinde dönüşümleri daha da ileriye taşıma özgüveni sağlar. Tüm kuaför hizmetlerinde optimize edilmiş kullanım için belirli formatlarla ve pH aralıklarına sahiptir. Maksimum sonuçlar için her ikisini de kullanın.,https://static.ticimax.cloud/cdn-cgi/image/width=76,quality=85/53520/uploads/urunresimleri/buyuk/k18-propeptide-kit-03-663.jpeg,SAÇ BAKIM ÜRÜNLERİ > MASKE > ,K18,TL13.590,00
LA CREME 230 150 ML,Isıyla şekillendirme sırasında saç tellerini koruyan ve yeniden yapılandıran besleyici ve durulanmayan bakım kremi. Özel olarak formüle edilmiş içeriğiyle saçları besleyen, koruyan pürüzsüzleştiren bu bakım. Parlak ve saçları ağırlaştırmayan sonuçları garanti eder. Saçların sağlıklı uzamasını, ipeksi, yumuşak ve kolay taranabilir hale gelmesine yardımcı olur. İçeriğinde, 230 kompleks, Sekerkamışı, Botanik yağlar; Kamelya ve Moringa & Pamuk Proteinleri bulunur. 230° sıcağına karşı koruyan bakım ile saçlarınızı şekillendirmeye hazırlayın.. Her türlü ısı ile şekillendirme öncesinde, kuru ya da nemli saça uygulayın, tarayarak dağıtın ve şekillendirme işlemine geçin. Hızlıca eriyen bir yapıdadır. Günlük saç bakımı olarak da kullanılır,https://static.ticimax.cloud/cdn-cgi/image/width=76,quality=85/53520/uploads/urunresimleri/buyuk/la-creme-230-150-ml--afb2-.jpeg,https://static.ticimax.cloud/cdn-cgi/image/width=76,quality=85/53520/uploads/urunresimleri/buyuk/la-creme-230-150-ml--ab32f.jpeg,https://static.ticimax.cloud/cdn-cgi/image/width=76,quality=85/53520/uploads/urunresimleri/buyuk/la-creme-230-150-ml-6-494d.jpeg,SAÇ BAKIM ÜRÜNLERİ > KREM > ,SISLEY,TL4.150,00
LA CURE APAISANTE 60 ML,Güçlü bir kepek önleyici aktif bileşenli saç bakım kürü. İçeriğindeki Piroctone Olamine Malassezia'nın büyümesini sınırlayarak mikrobiyotayı düzenler. Kepek görünümünden sorumlu altta yatan faktörler ile savaşır. Saç derisi yatıştırılır, yeniden dengelenir ve arındırılır. 1 şişe = 1 aylık kullanıma uygundur. Her uygulamada 4 pipet kullanılır. Islak veya Kuru saç derisine uygulanır. Parmak uçlarıyla masaj yapılır. Durulanmaz.,https://static.ticimax.cloud/cdn-cgi/image/width=76,quality=85/53520/uploads/urunresimleri/buyuk/la-cure-apaisante-60-ml-fe-4d8.jpeg,https://static.ticimax.cloud/cdn-cgi/image/width=76,quality=85/53520/uploads/urunresimleri/buyuk/la-cure-apaisante-60-ml--4260-.jpeg,https://static.ticimax.cloud/cdn-cgi/image/width=76,quality=85/53520/uploads/urunresimleri/buyuk/la-cure-apaisante-60-ml-c-a09a.jpeg,SAÇ BAKIM ÜRÜNLERİ > SERUM > ,SISLEY,TL5.380,00
LAIT LAVANT À LA BANANE 200 ML,Ihlamur Özü:Antioksidan Açısından Zengin, Ebegümeci Özü :Parlaklığı Artırır, Hacmi Artırır Ve Güçlendirir, Muz Özü:B Vitamini Açısından Zengin Nemlendirme, Antioksidan,https://static.ticimax.cloud/cdn-cgi/image/width=76,quality=85/53520/uploads/urunresimleri/buyuk/lait-lavant-la-banane-200-ml-694c00.jpeg,SAÇ BAKIM ÜRÜNLERİ > ŞAMPUAN > ,LEONOR GREYL,TL1.550,00
LAIT LUMINESCENCE 150 ML,Gdo Olmayan Soya Proteinleri : Korur, Parlaklığı Artırır, Kabarma Önleyici, Nemlendirir. Organik Mongongo Yağı : Nemlendirici, Omega 3 Açısından Zengin, Güneş Koruması Verir. Organik Karanja Yağı : Güneşten Korunma, Yaşlanma Karşıtı, Antienflamatuvar.,https://static.ticimax.cloud/cdn-cgi/image/width=76,quality=85/53520/uploads/urunresimleri/buyuk/lait-luminescence-150-ml-263-4c.jpeg,SAÇ BAKIM ÜRÜNLERİ > LOSYON > ,LEONOR GREYL,TL1.900,00
LE SPRAY VOLUME 150 ML,Anında hacim sağlayan bir etki için hafif ve havadar bir saç bakımı ve hacim spreyi. Uygulandığı andan itibaren, saç kökten uca gözle görünür şekilde hacim kazanır. Günden güne, saç daha güçlü ve daha dayanıklıdır.,https://static.ticimax.cloud/cdn-cgi/image/width=76,quality=85/53520/uploads/urunresimleri/buyuk/le-spray-volume-150-ml-1c90e7.jpeg,https://static.ticimax.cloud/cdn-cgi/image/width=76,quality=85/53520/uploads/urunresimleri/buyuk/le-spray-volume-150-ml-bf4-92.jpeg,https://static.ticimax.cloud/cdn-cgi/image/width=76,quality=85/53520/uploads/urunresimleri/buyuk/le-spray-volume-150-ml--2410-.jpeg,SAÇ BAKIM ÜRÜNLERİ > SPREY > ,SISLEY,TL4.250,00
Lightweight Deep Conditioner 178 ML,Bitki kaynaklı özleri yoğun içeren ödüllü nemlendirici, dolaşıkları kolayca açmanızı sağlar. Pürüzsüz, gür ve daha rahat şekillenecek saçlara zemin hazırlar. Taze ve ışıltılı bir görünüm. Kaliforniya Limonu, Portakal ve Lavanta yağları ile muhteşem bir kokunun yanı sıra parlak bir görünüm katar. Kıvırcık saçları yumuşatır, ipeksi ve dolaşmayan bir his bırakır.,https://static.ticimax.cloud/cdn-cgi/image/width=76,quality=85/53520/uploads/urunresimleri/buyuk/lightweight-deep-conditioner-178-ml-f266-d.jpeg,SAÇ BAKIM ÜRÜNLERİ > KREM > ,PHILIP B,TL1.935,00
Lightweight Deep Conditioner 60 ML,Bitki kaynaklı özleri yoğun içeren ödüllü nemlendirici, dolaşıkları kolayca açmanızı sağlar. Pürüzsüz, gür ve daha rahat şekillenecek saçlara zemin hazırlar. Taze ve ışıltılı bir görünüm. Kaliforniya Limonu, Portakal ve Lavanta yağları ile muhteşem bir kokunun yanı sıra parlak bir görünüm katar. Kıvırcık saçları yumuşatır, ipeksi ve dolaşmayan bir his bırakır.,https://static.ticimax.cloud/cdn-cgi/image/width=76,quality=85/53520/uploads/urunresimleri/buyuk/lightweight-deep-conditioner-60-ml-4ea9-b.jpeg,SAÇ BAKIM ÜRÜNLERİ > KREM > ,PHILIP B,TL917,00
LOTION KERACTIVE 150 ml,Losyon Kéractive, saç liflerini güçlendiren, saçı daha pürüzsüz ve güzel yapan nemlendirici ve koruyucu bitki özleri içerir. Antioksidan ve arındırıcı etkileriyle saçı temizler ve günlük çevresel hasarlardan korur.,https://static.ticimax.cloud/cdn-cgi/image/width=76,quality=85/53520/uploads/urunresimleri/buyuk/lotion-keractive-150-ml-d8-c36.jpeg,SAÇ BAKIM ÜRÜNLERİ > LOSYON > ,BIOLOGIQUE R.,
LOTION P50 CAPILLAIRE 250 ml,Losyon Capillaire P50, P50 formülünün temel bileşenlerinin yanı sıra kaşıntıyı azaltmak için özel olarak kafa derisi için tasarlanmış aktif bileşenleri içerir. Saç derisinin temiz ve yeniden dengelenmiş olması için sebum salgılarını düzenler.,https://static.ticimax.cloud/cdn-cgi/image/width=76,quality=85/53520/uploads/urunresimleri/buyuk/lotion-p50-capillaire-250-ml-5-4f7a.jpeg,SAÇ BAKIM ÜRÜNLERİ > PEELING > ,BIOLOGIQUE R.,
Lovin' Leave-in Conditioner 178 ML,Kabarmayı en aza indiren ve saçın güzel, yumuşak bir şekilde parlak görünmesini sağlayan, hafif nemlendirici, durulanmayan saç kremi. Kıvrılma ve uçuşmaları en aza indirmeye yardımcı olur. Papatya, aloe ve kına saçın pürüzsüz ve parlak görünmesini sağlamak için nem katar. Saf frenk üzümü ve yeşil domates notaları hafif, canlı bir koku sağlar.,https://static.ticimax.cloud/cdn-cgi/image/width=76,quality=85/53520/uploads/urunresimleri/buyuk/lovin-leave-in-conditioner-178-ml-808cf2.jpeg,SAÇ BAKIM ÜRÜNLERİ > KREM > ,PHILIP B,TL1.630,00
Lovin' Pomade 60 GR,Yumuşak, parlak bir yüzeyle her stilin güzel bir şekilde müthiş görünmesini sağlayan tekstüre edici bir jel. Şeffaf su bazlı formül, yapışkan olmayan ultra hafif bir his verir.,https://static.ticimax.cloud/cdn-cgi/image/width=76,quality=85/53520/uploads/urunresimleri/buyuk/lovin-pomade-60-gr-8fe6-8.jpeg,SAÇ BAKIM ÜRÜNLERİ > SAÇ ŞEKİLLENDİRİCİ > ,PHILIP B,TL1.783,00
MASQUE À L'ORCHIDÉE 200 ML,Vanilya Özü : Nemlendirir, Yaşlanma Karşıtıdır.,https://static.ticimax.cloud/cdn-cgi/image/width=76,quality=85/53520/uploads/urunresimleri/buyuk/masque-lorchide-200-ml-8385db.jpeg,SAÇ BAKIM ÜRÜNLERİ > MASKE > ,LEONOR GREYL,TL2.400,00
MASQUE BIOLOGIQUE CAPILLAIRE 250 ml,Besleyici bir şampuan öncesi bakım olan Masque Biologique Capillaire, saçları boydan uca onarır. Tereyağı ve bitkisel yağlarla zenginleştirilmiş formülü saç telini onarır, saçın direncini ve tonunu artırır. Bu eksiksiz bakım, zayıflamış saçların canlılığını artırarak parlaklık ve yumuşaklığı geri kazandırır. Saçın dokusu gözle görülür şekilde güzelleşir, sağlıklı ve şekillendirmesi kolay bir hale gelir.,https://static.ticimax.cloud/cdn-cgi/image/width=76,quality=85/53520/uploads/urunresimleri/buyuk/masque-biologique-capillaire-250-ml-3d-4e3.jpeg,SAÇ BAKIM ÜRÜNLERİ > MASKE > ,BIOLOGIQUE R.,
MASQUE FLEURS DE JASMIN 200 ML,Akasya Özü : Korur, Amino Asitler Açısından Zengin, Nemlendirir. Organik Shea Yağı : E Vitamini Açısından Zengin Nemlendirme, Yumuşatır, Korur. Organik Hindistan Cevizi Yağı : Nemlendirir, Korur. Organik Jojoba Yağı : C, B Ve E Vitaminleri Açısından Zengin, Nemlendirir.,https://static.ticimax.cloud/cdn-cgi/image/width=76,quality=85/53520/uploads/urunresimleri/buyuk/masque-fleurs-de-jasmin-200-ml-0-bae5.jpeg,SAÇ BAKIM ÜRÜNLERİ > MASKE > ,LEONOR GREYL,TL2.250,00
MASQUE QUINTESSENCE 200 ML,Organik Cupuacu Yağı : Nemlendiriciler Ve Esansiyel Yağ Açısından Zengin, Saçı Korur. Organik Mongongo Yağı : Güneş Koruması, Nemlendirir, Omega 3 Açısından Zengin. Organik Jojoba Yağı : C, B Ve E Vitaminleri Açısından Zengin, Nemlendirir.,https://static.ticimax.cloud/cdn-cgi/image/width=76,quality=85/53520/uploads/urunresimleri/buyuk/masque-quintessence-200-ml-82-974.jpeg,SAÇ BAKIM ÜRÜNLERİ > MASKE > ,LEONOR GREYL,TL4.650,00
MASQUE SOIN REGENERANT 200 ML,Dört bitkisel yağ içeren canlandırıcı saç bakım maskesi. Çok yüksek konsantrasyonda bitki özleri, proteinler, vitaminler ve mineraller içeren formülü ile hem saç derinize hem de saç yüzeyine etki eden gerçek bir acil durum bakım ürünüdür. Cansızlaşarak hassas hale gelen saç derisini ve saç tellerini yeniden canlandırır, onarır ve güzelleştirir. Saçlar anında daha güçlü, yumuşak ve ışıltılıdır. Dört haftalık kullanım ardından, saç kütikülü pürüzsüzleşir, saç lifleri yeniden yapılandırılır ve saç canlılıkla ışıldar. Ultra akışkan hafiflikteki formülü saç derisine ve saç yüzeyine masajla uygulanır. Yıkanmış ve nemli saçlara uygulanır. Saç diplerinden uçlarına doğru uygulanır. Saç derisine masaj yapılır ve 10 dakika bekletilir ve durulanır,https://static.ticimax.cloud/cdn-cgi/image/width=76,quality=85/53520/uploads/urunresimleri/buyuk/masque-soin-regenerant-200-ml-ee0-ef.jpeg,https://static.ticimax.cloud/cdn-cgi/image/width=76,quality=85/53520/uploads/urunresimleri/buyuk/masque-soin-regenerant-200-ml-b6ce-4.jpeg,https://static.ticimax.cloud/cdn-cgi/image/width=76,quality=85/53520/uploads/urunresimleri/buyuk/masque-soin-regenerant-200-ml-2-5f97.jpeg,SAÇ BAKIM ÜRÜNLERİ > MASKE > ,SISLEY,TL4.430,00
Maui Wowie Beach Mist 150 ML,Enfes dokulandırıcı saç spreyi, saçların kalın ve hacimli görünmesini sağlar. Bitki kaynaklı nemlendiriciler ile saçları besler, kalkık görünüme katkıda bulunur.,https://static.ticimax.cloud/cdn-cgi/image/width=76,quality=85/53520/uploads/urunresimleri/buyuk/maui-wowie-beach-mist-150-ml--44f2-.jpeg,SAÇ BAKIM ÜRÜNLERİ > SPREY > ,PHILIP B,TL1.732,00
Moisturizing Conditioner 200 ml,Saç ve saç derisi için nemlendirici,https://static.ticimax.cloud/cdn-cgi/image/width=76,quality=85/53520/uploads/urunresimleri/buyuk/moisturizing-conditioner-200-ml-b9cf-0.jpeg,SAÇ BAKIM ÜRÜNLERİ > KREM > ,MBR,TL2.633,00
Moisturizing Shampoo 200 ml,Saç ve saç derisi için nem takviyesi,https://static.ticimax.cloud/cdn-cgi/image/width=76,quality=85/53520/uploads/urunresimleri/buyuk/moisturizing-shampoo-200-ml-4bd2-b.jpeg,SAÇ BAKIM ÜRÜNLERİ > ŞAMPUAN > ,MBR,TL2.560,00
MOLECULAR REPAIR HAIR MIST 150 ML,Sadece 4 dakikada kopan bağları ve keratin zincirlerini yeniden birleştiren onarıcı saç spreyi.,https://static.ticimax.cloud/cdn-cgi/image/width=76,quality=85/53520/uploads/urunresimleri/buyuk/molecular-repair-hair-mist-150-ml-d05293.jpeg,SAÇ BAKIM ÜRÜNLERİ > SPREY > ,K18,TL6.948,00
Nordic Wood Hair + Body Shampoo 350 ML,Tepeden tırnağa arındırıcı ve nemlendirici bu lüks şampuan, saçların daha dolgun, sağlıklı görünmesini desteklerken cildinizin serin ve canlanmış hissetmesini sağlar. Orman tazesi botaniklerinin eşsiz bir karışımı.,https://static.ticimax.cloud/cdn-cgi/image/width=76,quality=85/53520/uploads/urunresimleri/buyuk/nordic-wood-hair-body-shampoo-350-ml--49cb-.jpeg,SAÇ BAKIM ÜRÜNLERİ > ŞAMPUAN > ,PHILIP B,TL3.056,00
Nordic Wood Hair + Body Shampoo 60 ML,Tepeden tırnağa arındırıcı ve nemlendirici bu lüks şampuan, saçların daha dolgun, sağlıklı görünmesini desteklerken cildinizin serin ve canlanmış hissetmesini sağlar. Orman tazesi botaniklerinin eşsiz bir karışımı.,https://static.ticimax.cloud/cdn-cgi/image/width=76,quality=85/53520/uploads/urunresimleri/buyuk/nordic-wood-hair-body-shampoo-60-ml-061-de.jpeg,SAÇ BAKIM ÜRÜNLERİ > ŞAMPUAN > ,PHILIP B,TL917,00
Nordic Wood Hair + Body Shampoo 947 ML,Tepeden tırnağa arındırıcı ve nemlendirici bu lüks şampuan, saçların daha dolgun, sağlıklı görünmesini desteklerken cildinizin serin ve canlanmış hissetmesini sağlar. Orman tazesi botaniklerinin eşsiz bir karışımı.,https://static.ticimax.cloud/cdn-cgi/image/width=76,quality=85/53520/uploads/urunresimleri/buyuk/nordic-wood-hair-body-shampoo-947-ml-2e1-31.jpeg,SAÇ BAKIM ÜRÜNLERİ > ŞAMPUAN > ,PHILIP B,TL7.130,00
NOURISH 2IN1 LOW SHAMPOO 150 ML,Kremsi dokuya sahip bu ultra yumuşak ve besleyici şampuan %93 doğal kaynaklı köpürmeyen formülü ile kuru saçı nazikçe temizlerken yoğun bir şekilde besler. Karite yağı ve babassu bazlı kremsi dokusu sayesinde saçı derinlemesine nemlendirir. Nazikçe yıkanan saçlara yeniden esneklik ve parlaklık kazanmasına yardımcı olur. Kolay taranmasına izin verir. Sülfat, silikon, fenoksietanol ve mineral yağ içermez. Yapay renk içermez. Vegandır.,https://static.ticimax.cloud/cdn-cgi/image/width=76,quality=85/53520/uploads/urunresimleri/buyuk/nourish-2in1-low-shampoo-150-ml-8f3c-5.jpeg,SAÇ BAKIM ÜRÜNLERİ > ŞAMPUAN > ,TL944,00
NOURISH CONDITIONER 150 ML,Shea yağı bakımından zengin saç kremi, en kuru saçları ağırlaştırmadan yoğun bir şekilde besler. %94 doğal kaynaklı vegan formülü günden güne saçların yumuşak ve parlak kalmasını sağlar. Saçtaki kuruluk hissini gidererek canlılık katar. Saçın kaybettiği nemi geri kazandırır. Rahatlık hissi uyandıran vanilya ve tonka fasulyesi notalarına sahip saç kremi gurme kokusuna sahiptir. Sülfat, silikon, fenoksietanol içermez. Mineral yağ, yapay renk içermez. Vegandır. Fransa'da üretilmiştir.,https://static.ticimax.cloud/cdn-cgi/image/width=76,quality=85/53520/uploads/urunresimleri/buyuk/nourish-conditioner-150-ml--60de6.jpeg,SAÇ BAKIM ÜRÜNLERİ > KREM > ,LAZARTIGUE,TL984,00
NOURISH LIGHT CONDITIONER 150 ML,Organik soya fasulyesi yağı bakımından zengin olan bu nemlendirici etkili saç kremi, kuru saça ağırlık vermeden parlaklık ve esneklik kazandırır. %95 doğal kaynaklı vegan formülü, ipeksi yumuşaklıkta ve esnek saçlar oluşturur. Saçlarınızın daha kolay taranmasını sağlar. Ultra eriyen dokusu sayesinde saç telini nemlendirmek için anında nüfuz eder. Sülfat, silikon, fenoksietanol içermez. Mineral yağ, yapay renk içermez. Vegandır. Fransa'da üretilmiştir.,https://static.ticimax.cloud/cdn-cgi/image/width=76,quality=85/53520/uploads/urunresimleri/buyuk/nourish-light-conditioner-150-ml--8bf7-.jpeg,SAÇ BAKIM ÜRÜNLERİ > KREM > ,LAZARTIGUE,TL984,00
NOURISH LIGHT MASK 250 ML,Nourish Light saç maskesi uzun süreli nemlendirme arayan kuru, ince saçlar için tasarlanmıştır. Maskenin kadifemsi dokusu saçı ağırlaştırmadan besler, gücünü ve canlılığını geri kazandırır. saç tellerini kopmalara ve kırılmalara karşı korurken tamamen nemlendirmesine yardımcı olur. Güçlendirici ve canlandırıcı saç bakımı sunan maske, ipeksi pürüzsüz, ağırlıksız bir doku ile tamamlanmış, esnek, hacimli saçlara kavuşmanıza yardımcı olur. Sülfat, silikon, fenoksietanol içermez. Mineral yağ, yapay renk içermez. Vegandır. Fransa'da üretilmiştir.,https://static.ticimax.cloud/cdn-cgi/image/width=76,quality=85/53520/uploads/urunresimleri/buyuk/nourish-light-mask-250-ml-1be392.jpeg,SAÇ BAKIM ÜRÜNLERİ > MASKE > ,LAZARTIGUE,TL1.574,00
NOURISH LIGHT SHAMPOO 250 ML,Bu vegan şampuan, normal ve kuru saçları ağırlaştırmadan beslemek için özel olarak tasarlanmıştır. %94 oranında doğal kaynaklı, organik soya fasulyesi yağı bazlı formülü, saç ince olduğunda bile hacim kaybına neden olmadan kalıcı bir şekilde güçlendirmek için doğru oranda nemlendirme sağlar. Daha iyi nemlenen ve korunan saçlar esnek, parlak ve hacimli kalır. Sülfat, silikon, fenoksietanol içermez. Mineral yağ, yapay renk içermez. Vegandır. Fransa'da üretilmiştir.,https://static.ticimax.cloud/cdn-cgi/image/width=76,quality=85/53520/uploads/urunresimleri/buyuk/nourish-light-shampoo-250-ml-57-8a1.jpeg,SAÇ BAKIM ÜRÜNLERİ > ŞAMPUAN > ,LAZARTIGUE,TL632,00
NOURISH MASK 250 ML,Shea ve babassu yağları bakımından zengin olan bu maske, kuru saçı onarmak, yumuşatmak ve disipline etmek için yoğun bir besleyici bakım sunar. Babassu yağı ve hindistancevizi yağının besleyici ve güzelleştirici gücü sayesinde %92 doğal kaynaklı vegan formülü kuru saçları yumuşatır. Saç esnekliğin geri kazanır ve hacmi kontrol edilir. Sülfat, silikon, fenoksietanol içermez. Mineral yağ, yapay renk içermez. Vegandır. Fransa'da üretilmiştir.,https://static.ticimax.cloud/cdn-cgi/image/width=76,quality=85/53520/uploads/urunresimleri/buyuk/nourish-mask-250-ml-818d05.jpeg,SAÇ BAKIM ÜRÜNLERİ > MASKE > ,LAZARTIGUE,TL1.574,00
NOURISH SHAMPOO 250 ML,Shea ile zenginleştirilmiş bu şampuan, esnekliği, parlaklığı ve yumuşaklığı geri kazandırmak için kuru ve kalın saçları yoğun şekilde nemlendirir. %94 oranında doğal kökenli içeriklerden oluşan vegan formülü saçı nazikçe yıkar, açılmasını kolaylaştırır ve saçı disipline eder. Vanilya, tonka fasulyesi ve beyaz misk notaları içeren gurme bir koku ortaya çıkarır. Sülfat, silikon, fenoksietanol içermez. Mineral yağ, yapay renk içermez. Vegandır. Fransa'da üretilmiştir.,https://static.ticimax.cloud/cdn-cgi/image/width=76,quality=85/53520/uploads/urunresimleri/buyuk/nourish-shampoo-250-ml--5725f.jpeg,SAÇ BAKIM ÜRÜNLERİ > ŞAMPUAN > ,LAZARTIGUE,TL632,00
OLAPLEX 4-IN-1 MOISTURE MASK 370 ML,Konsantre onarıcı formülü ile saça parlaklık ve hacim kazandırırken yoğun nem desteği sağlar.,https://static.ticimax.cloud/cdn-cgi/image/width=76,quality=85/53520/uploads/urunresimleri/buyuk/olaplex-4-in-1-moisture-mask-370-ml-067d43.jpg,SAÇ BAKIM ÜRÜNLERİ > MASKE > ,TL4.158,00
OLAPLEX BROAD SPECTRUM CHELATING TREATMENT 370 ml,Saçın normal protein ve nemini kaybettirmeden hava kirliliği, klor, ağır metaller ve çeşitli zararlı mineralleri saçtan arındırır. Saçı her türlü kirden arındırmak isteyen ve derinlemesine temizliğe ihtiyaç duyanlar için idealdir. Zarar vermeden saçın nemini korur ve geri kazandırır. C vitamini açısından zengin kakadi eriği özü ile kortekse kadar nüfuz ederken saç derisini serinletir ve yatıştırır. Patentli Olaplex Board teknolojisi ile saç yapısındaki derin kırıkları onarır, saçın bütünlüğünü ve gücünü önemli ölçüde geri kazandırır.,https://static.ticimax.cloud/cdn-cgi/image/width=76,quality=85/53520/uploads/urunresimleri/buyuk/olaplex-broad-spectrum-chelating-treat-2320-1.jpeg,SAÇ BAKIM ÜRÜNLERİ > MASKE > ,OLAPLEX,TL3.564,00
OLAPLEX N°· 0 INTENSIVE BOND BUILDING TREATMENT 155 ML,BAĞ YAPILANDIRICI YOĞUN BAKIM SPREYİ,https://static.ticimax.cloud/cdn-cgi/image/width=76,quality=85/53520/uploads/urunresimleri/buyuk/olaplex-n-0-bag-yapilandirici-yogun-ba-7-4e0b.jpeg,SAÇ BAKIM ÜRÜNLERİ > KREM > ,OLAPLEX,TL1.712,00
OLAPLEX N°· 3 HAIR PERFECTOR 100 ML,BAĞ GÜÇLENDİRİCİ VE SAÇ KUSURSUZLAŞTIRICI,https://static.ticimax.cloud/cdn-cgi/image/width=76,quality=85/53520/uploads/urunresimleri/buyuk/olaplex-n-3-kusursuzlastirici-bakim-10-f5-963.jpeg,SAÇ BAKIM ÜRÜNLERİ > KREM > ,OLAPLEX,TL1.712,00
OLAPLEX N°· 3 HAIR PERFECTOR 250 ML,BAĞ GÜÇLENDİRİCİ VE SAÇ KUSURSUZLAŞTIRICI,https://static.ticimax.cloud/cdn-cgi/image/width=76,quality=85/53520/uploads/urunresimleri/buyuk/olaplex-n-3-kusursuzlastirici-bakim-ju-0-85a1.jpeg,SAÇ BAKIM ÜRÜNLERİ > KREM > ,OLAPLEX,TL3.564,00
OLAPLEX N°· 4 BOND MAINTENANCE SHAMPOO 250 ML,BAĞ GÜÇLENDİRİCİ BAKIM ŞAMPUANI,https://static.ticimax.cloud/cdn-cgi/image/width=76,quality=85/53520/uploads/urunresimleri/buyuk/olaplex-n-4-bag-yapilandirici-bakim-sa--4dc49.jpeg,SAÇ BAKIM ÜRÜNLERİ > ŞAMPUAN > ,OLAPLEX,TL1.712,00
OLAPLEX N°· 4C BOND MAINTENANCE CLARIFYING SHAMPOO 250 ML,DERİNLEMESİNE TEMİZLEYEN BAĞ GÜÇLENDİREN ŞAMPUAN,https://static.ticimax.cloud/cdn-cgi/image/width=76,quality=85/53520/uploads/urunresimleri/buyuk/olaplex-n-4c-derinlemesine-temizleyen---1bf03.jpeg,SAÇ BAKIM ÜRÜNLERİ > ŞAMPUAN > ,OLAPLEX,TL1.712,00
OLAPLEX N°· 4D CLEAN VOLUME DETOX DRY SHAMPOO 178 GR,HACİM VEREN DETOKS ETKİLİ KURU ŞAMPUAN,https://static.ticimax.cloud/cdn-cgi/image/width=76,quality=85/53520/uploads/urunresimleri/buyuk/olaplex-n-4d-temiz-hacim-detoks-kuru-s--4fdf-.jpeg,SAÇ BAKIM ÜRÜNLERİ > ŞAMPUAN > ,OLAPLEX,TL1.712,00
OLAPLEX N°· 4D CLEAN VOLUME DETOX DRY SHAMPOO 32 GR,HACİM VEREN DETOKS ETKİLİ KURU ŞAMPUAN,https://static.ticimax.cloud/cdn-cgi/image/width=76,quality=85/53520/uploads/urunresimleri/buyuk/olaplex-n-4d-clean-volume-detox-dry-sh-f-f0c4.jpeg,SAÇ BAKIM ÜRÜNLERİ > ŞAMPUAN > ,OLAPLEX,TL610,00
OLAPLEX N°· 4P BLONDE ENHANCER TONING SHAMPOO 250 ML,RENK KORUYUCU & BAĞ GÜÇLENDİRİCİ MOR ŞAMPUAN,https://static.ticimax.cloud/cdn-cgi/image/width=76,quality=85/53520/uploads/urunresimleri/buyuk/olaplex-n-4p-sari-saclara-ozel-mor-sam-894cd8.jpeg,SAÇ BAKIM ÜRÜNLERİ > ŞAMPUAN > ,OLAPLEX,TL1.712,00
OLAPLEX N°· 5 BOND MAINTENANCE CONDITIONER 250 ML,BAĞ GÜÇLENDİRİCİ SAÇ BAKIM KREMİ,https://static.ticimax.cloud/cdn-cgi/image/width=76,quality=85/53520/uploads/urunresimleri/buyuk/olaplex-n-5-bag-yapilandirici-bakim-kr-beaa-3.jpeg,SAÇ BAKIM ÜRÜNLERİ > KREM > ,OLAPLEX,TL1.712,00
OLAPLEX N°· 5P BLONDE ENHANCER TONING CONDITIONER 250 ML,Saçların daha kolay taranmasını sağlayan ve saçı derinlemesine nemlendiren mor saç kremidir. Yoğun işlem görmüş saçlarda istenmeyen turuncu ve sarı yansımaları gözle görülür şekilde engeller. Renk eşitsizliklerini ve renk kayıplarını önleyerek sarı ve açık saçlarda renk bütünlüğü sağlar. İçerisindeki mikro ince pigmentler en ince gözenek ve kütiküllere ulaşır, renk tonunu kitler ve saçta canlı bir görünüm oluşturur. Shea Yağı saçı nemlendirir, besler ve dolaşmayı azaltarak kolay tarama sağlar. Olaplex’in patentli bağ güçlendirme teknolojisi sayesinde saçtaki hasarları ve bağları onarır. Yoğun işlem görmüş tüm saç tipleri için, özellikle sarı, açık ve gri saçlar için uygundur.,https://static.ticimax.cloud/cdn-cgi/image/width=76,quality=85/53520/uploads/urunresimleri/buyuk/olaplex-n-5p-blonde-enhancer-toning-co--2cfd-.jpeg,SAÇ BAKIM ÜRÜNLERİ > KREM > ,OLAPLEX,TL1.712,00
OLAPLEX N°· 6 BOND SMOOTHER 100 ML,BAĞ GÜÇLENDİRİCİ SAÇ ŞEKİLLENDİRİCİ,https://static.ticimax.cloud/cdn-cgi/image/width=76,quality=85/53520/uploads/urunresimleri/buyuk/olaplex-n-6-bag-yapilandirici-sakinles-13-15d.jpeg,SAÇ BAKIM ÜRÜNLERİ > KREM > ,OLAPLEX,TL1.712,00
OLAPLEX N°· 7 BONDING OIL 30 ML,BAĞ GÜÇLENDİRİCİ SAÇ BAKIM YAĞI,https://static.ticimax.cloud/cdn-cgi/image/width=76,quality=85/53520/uploads/urunresimleri/buyuk/olaplex-n-7-bag-yapilandirici-sekillen-f-9754.jpeg,SAÇ BAKIM ÜRÜNLERİ > BAKIM YAĞI > ,OLAPLEX,TL1.712,00
OLAPLEX N°· 8 BOND INTENSE MOISTURE MASK 100 ML,BAĞ GÜÇLENDİRİCİ YOĞUN NEMLENDİRİCİ BAKIM MASKESİ,https://static.ticimax.cloud/cdn-cgi/image/width=76,quality=85/53520/uploads/urunresimleri/buyuk/olaplex-n-8-yogun-nem-maskesi-100-ml-e2-417.jpeg,SAÇ BAKIM ÜRÜNLERİ > MASKE > ,OLAPLEX,TL1.712,00
OLAPLEX N°· 9 BOND PROTECTOR NOURISHING HAIR SERUM 90 ML,BAĞ GÜÇLENDİRİCİ BESLEYİCİ SAÇ SERUMU,https://static.ticimax.cloud/cdn-cgi/image/width=76,quality=85/53520/uploads/urunresimleri/buyuk/olaplex-n-9-bag-koruyucu-besleyici-ser-7101fa.jpeg,SAÇ BAKIM ÜRÜNLERİ > SERUM > ,OLAPLEX,TL1.712,00
OLAPLEX SMOOTH YOUR STYLE HAIR KIT,SMOOTH YOUR STYLE KIT,https://static.ticimax.cloud/cdn-cgi/image/width=76,quality=85/53520/uploads/urunresimleri/buyuk/olaplex-smooth-your-style-hair-kit-7a80d2.jpeg,SAÇ BAKIM ÜRÜNLERİ > KIT PROGRAM > ,OLAPLEX,TL1.898,00
OLAPLEX STRONG DAYS AHEAD HAIR KIT,STRONG DAYS AHEAD KIT,https://static.ticimax.cloud/cdn-cgi/image/width=76,quality=85/53520/uploads/urunresimleri/buyuk/olaplex-strong-days-ahead-hair-kit--89ab-.jpeg,SAÇ BAKIM ÜRÜNLERİ > KIT PROGRAM > ,OLAPLEX,TL2.712,00
OLAPLEX TRAVELING STYLIST KIT,TRAVELING SRYLIST KIT,https://static.ticimax.cloud/cdn-cgi/image/width=76,quality=85/53520/uploads/urunresimleri/buyuk/olaplex-traveling-stylist-kit-2a8-a4.jpeg,SAÇ BAKIM ÜRÜNLERİ > KIT PROGRAM > ,OLAPLEX,TL7.228,00
OLAPLEX VOLUMIZING BLOW DRY MIST 150 ML,Algılanamaz bir his uyandıran, inşa edilebilir bir formüle sahip fön güçlendirici. Her saç tipi. Her stil. Dokunulacak kadar yumuşak ve sağlıklı görünen mükemmel fönünüzü elde etmek için onu nasıl kullanacağınızı seçin.,https://static.ticimax.cloud/cdn-cgi/image/width=76,quality=85/53520/uploads/urunresimleri/buyuk/olaplex-volumizing-blow-dry-mist-150-m--7cf9-.jpeg,SAÇ BAKIM ÜRÜNLERİ > BAKIM SPREYİ > ,OLAPLEX,TL1.712,00
OROFLUIDO CONDITIONER 240 ML / 8.1oz,Orofluido™ RADIANCE Saç kremi argan yağı ile zenginleştirilmiştir. Saçı nemlendiren ve pürüzsüzleştiren, güzelliğini geri kazanmaya yardımcı olan ve saçın hoş bir kokuya sahip olmasını sağlayan, saç yumuşatıcı bir saç kremidir.,https://static.ticimax.cloud/cdn-cgi/image/width=76,quality=85/53520/uploads/urunresimleri/buyuk/orofluido-conditioner-240-ml-8-178-4e.jpeg,SAÇ BAKIM ÜRÜNLERİ > KREM > ,REVLON,TL594,00
OROFLUIDO ORIGINAL ELIXIR 100 ML,İkonik Argan Yağı, inanılmaz yumuşaklık ve olağanüstü parlaklık için saçları besler, pürüzsüzleştirir ve güçlendirir. Besleyici saç bakımı en değerli içeriğimiz ile zenginleştirilmiştir. Organik argan yağı. Hoş, ipeksi dokusu ve kendine özgü kokusuyla duyularınızı uyandırın.,https://static.ticimax.cloud/cdn-cgi/image/width=76,quality=85/53520/uploads/urunresimleri/buyuk/orofluido-original-elixir-100-ml-2b3b-3.jpeg,SAÇ BAKIM ÜRÜNLERİ > BAKIM YAĞI > ,REVLON,TL980,00
OROFLUIDO SHAMPOO 240 ML / 8.1oz,Orofluido™ RADIANCE Şampuan argan yağı ile zenginleştirilmiştir, saçı yumuşatarak parlak kalmasını sağlayan ve muhteşem kokan nemlendirici bir şampuandır.,https://static.ticimax.cloud/cdn-cgi/image/width=76,quality=85/53520/uploads/urunresimleri/buyuk/orofluido-shampoo-240-ml-8-a13a7c.jpeg,SAÇ BAKIM ÜRÜNLERİ > ŞAMPUAN > ,REVLON,TL496,00
Peppermint Avocado Shampoo 220 ML,Dünya çapında çok tercih edilen bu lüks ve nadir şampuan, saçlarınızın daha dolgun görünmesini sağlarken, saç derinizin muhteşem bir şekilde temiz ve tazelenmiş hissetmesini sağlar.Nane Yağı ve 16 bitki özü ile serin, canlandırıcı bir his sağlar.,https://static.ticimax.cloud/cdn-cgi/image/width=76,quality=85/53520/uploads/urunresimleri/buyuk/peppermint-avocado-shampoo-220-ml-81bb00.jpeg,SAÇ BAKIM ÜRÜNLERİ > ŞAMPUAN > ,PHILIP B,TL1.986,00
POMMADE CAPILLAIRE 50 ml,Biologique Recherche Pommade Capillaire, kabarmaya karşı savaşan, saç kütikülünü pürüzsüzleştiren ve parlaklığı arttıran onarıcı ve şekillendirici üründür. Domates özü, abyssinian, badem ve avokado yağının son derece aktif bileşenleri, düzenli kullanımda saç kütikülünü yeniden yapılandırmaya ve güçlendirmeye yardımcı olur, ayrıca saçları kurutmaz.,https://static.ticimax.cloud/cdn-cgi/image/width=76,quality=85/53520/uploads/urunresimleri/buyuk/pommade-capillaire-50-ml-a585-3.jpeg,SAÇ BAKIM ÜRÜNLERİ > BAKIM YAĞI > ,BIOLOGIQUE R.,
Pumpoo Amazon - Dry Shampoo 200 ML,Aynanın Karşısına Her Geçtiğinde PUMPOO ile Kendini Tazele! Pumpoo Amazon kuru şampuan pratik kullanımı sayesinde 1 dakikada yeni yıkanmış gibi görünen havalı ve hacimli saçlara kavuşmanızı sağlar. Saçlarınızı daha temiz ve ferah hissetmenizi desteklerken aromatik bir parfüm kokusu sağlar. Günlük kullanıma uygundur.,https://static.ticimax.cloud/cdn-cgi/image/width=76,quality=85/53520/uploads/urunresimleri/buyuk/pumpoo-amazon-dry-shampoo-200-ml-d-96df.jpeg,SAÇ BAKIM ÜRÜNLERİ > ŞAMPUAN > ,PUMPOO,TL210,00
Pumpoo French Powder - Dry Shampoo 200 ML,Aynanın Karşısına Her Geçtiğinde PUMPOO ile Kendini Tazele! Pumpoo French Powder kuru şampuan pratik kullanımı sayesinde 1 dakikada yeni yıkanmış gibi görünen havalı ve hacimli saçlara kavuşmanızı sağlar. Saçlarınızı daha temiz ve ferah hissetmenizi desteklerken hoş bir pudra kokusu sağlar. Günlük kullanıma uygundur.,https://static.ticimax.cloud/cdn-cgi/image/width=76,quality=85/53520/uploads/urunresimleri/buyuk/pumpoo-french-powder-dry-shampoo-200-m--d02e-.jpeg,SAÇ BAKIM ÜRÜNLERİ > ŞAMPUAN > ,PUMPOO,TL210,00
Pumpoo Original - Dry Shampoo 200 ML,Aynanın Karşısına Her Geçtiğinde PUMPOO ile Kendini Tazele! Pumpoo Original kuru şampuan pratik kullanımı sayesinde 1 dakikada yeni yıkanmış gibi görünen havalı ve hacimli saçlara kavuşmanızı sağlar. Saçlarınızı daha temiz ve ferah hissetmenizi destekler. Günlük kullanıma uygundur.,https://static.ticimax.cloud/cdn-cgi/image/width=76,quality=85/53520/uploads/urunresimleri/buyuk/pumpoo-original-dry-shampoo-200-ml-8-42f4.jpeg,SAÇ BAKIM ÜRÜNLERİ > ŞAMPUAN > ,PUMPOO,TL210,00
Pumpoo Spanish Summer - Dry Shampoo 200 ML,Aynanın Karşısına Her Geçtiğinde PUMPOO ile Kendini Tazele! Pumpoo Spanish Summer kuru şampuan pratik kullanımı sayesinde 1 dakikada yeni yıkanmış gibi görünen havalı ve hacimli saçlara kavuşmanızı sağlar. Saçlarınızı daha temiz ve ferah hissetmenizi desteklerken çiçeksi bir parfüm kokusu sağlar. Günlük kullanıma uygundur.,https://static.ticimax.cloud/cdn-cgi/image/width=76,quality=85/53520/uploads/urunresimleri/buyuk/pumpoo-spanish-summer-dry-shampoo-200--68e2e3.jpeg,SAÇ BAKIM ÜRÜNLERİ > ŞAMPUAN > ,PUMPOO,TL210,00
PURIFY EXTRA SHAMPOO 250 ML,%92 doğal içeriklerden oluşan ve meyve asitleri ile zenginleştirilmiş vegan formülü saç derisini etkili bir şekilde arındırır. Sebum üretimini azaltır. Saçı yağdan, kirden ve şekillendirici kalıntılarından tamamen temizler. Saçınıza hacim ve hafiflik kazandırır.,https://static.ticimax.cloud/cdn-cgi/image/width=76,quality=85/53520/uploads/urunresimleri/buyuk/purify-extra-shampoo-250-ml-a-bcb7.jpeg,SAÇ BAKIM ÜRÜNLERİ > ŞAMPUAN > ,LAZARTIGUE,TL632,00
PURIFY PRE-SHAMPOO WHITE CLAY 75 ML,Şampuanlama öncesi uygulanacak bu tedavi, propolisin detoksifiye edici özelliği sayesinde saç derisini arındırır ve fazla sebumu kalıcı bir şekilde düzenler. %95 doğal içeriklerden oluşan formülü, saçlarınızın yeniden esneklik ve hafiflik kazanmasına yardımcı olur. Vegan formülü sülfat ve silikon içermez.,https://static.ticimax.cloud/cdn-cgi/image/width=76,quality=85/53520/uploads/urunresimleri/buyuk/purify-pre-shampoo-white-clay-75-ml-de66-f.jpeg,SAÇ BAKIM ÜRÜNLERİ > ŞAMPUAN > ,LAZARTIGUE,TL1.085,00
PURIFY SHAMPOO 250 ML,https://static.ticimax.cloud/cdn-cgi/image/width=76,quality=85/53520/uploads/urunresimleri/buyuk/purify-shampoo-250-ml-956fd5.jpeg,SAÇ BAKIM ÜRÜNLERİ > ŞAMPUAN > ,TL632,00
REBALANCE SHAMPOO 250 ML,Bu çift etkili şampuan, kuru saç uçlarını besler, yağlı saç derisini arındırır. %94 oranında doğal içeriklerden oluşan vegan formülü, saç derisini yeniden dengeler, saça yumuşaklık ve parlaklık kazandırır. Çiçek notalarıyla karışan nane ve portakaldan gelen Akdeniz esintisi yayar. Sülfat, silikon, fenoksietanol içermez. Mineral yağ, yapay renk içermez. Vegandır. Fransa'da üretilmiştir.,https://static.ticimax.cloud/cdn-cgi/image/width=76,quality=85/53520/uploads/urunresimleri/buyuk/rebalance-shampoo-250-ml--88cd-.jpeg,SAÇ BAKIM ÜRÜNLERİ > ŞAMPUAN > ,LAZARTIGUE,TL632,00
REF COOL SILVER CONDITIONER 245 ML,https://static.ticimax.cloud/cdn-cgi/image/width=76,quality=85/53520/uploads/urunresimleri/buyuk/ref-cool-silver-conditioner-245-ml-a332-f.jpeg,SAÇ BAKIM ÜRÜNLERİ > KREM > ,TL785,00
REF COOL SILVER SHAMPOO 285 ML,https://static.ticimax.cloud/cdn-cgi/image/width=76,quality=85/53520/uploads/urunresimleri/buyuk/ref-cool-silver-shampoo-285-ml-0d6-4d.jpeg,SAÇ BAKIM ÜRÜNLERİ > ŞAMPUAN > ,TL785,00
REF CURL CREAM N°244 150 ML,Doğal bukleleri korumaya ve ortaya çıkarmaya destek olan yumuşak krem. Saça parlaklık ve hafif hacim verir. Canlı, yumuşak ve belirgin bukleler oluşturur. Hafif ısı koruması sağlar. %100 Vegandır. - Paraben içermez - Sülfat içermez - Renk koruyucudur.,https://static.ticimax.cloud/cdn-cgi/image/width=76,quality=85/53520/uploads/urunresimleri/buyuk/ref-curl-cream-n244-150-ml-b4-287.jpeg,SAÇ BAKIM ÜRÜNLERİ > KREM > ,REF,TL750,00
REF DETANGLING SPRAY 175 ML,Tüm saç tiplerini korumak, güçlendirmek ve açmak için özel olarak seçilmiş botanik özler içeren hafif çok işlevli tarama spreyi. Yeni açılmış saçlarınıza inanılmaz bir parlaklık ve ferah bir koku bırakır. Tüm saç tipleri için uygundur. %100 Vegandır.,https://static.ticimax.cloud/cdn-cgi/image/width=76,quality=85/53520/uploads/urunresimleri/buyuk/ref-detangling-spray-175-ml-3d-81c.jpeg,SAÇ BAKIM ÜRÜNLERİ > SPREY > ,REF,TL830,00
REF DRY SHAMPOO 200 ML,Anında sonuç veren ultra hafif kuru şampuan. Saça ferahlık ve temizlik hissi verir, saçta ağırlık ve kalıntı yapmaz. Saçı daha uzun süreliğine temiz bir görüntü ile bırakır. Saçı ve baş derisini besler ve yumuşatır. Tüm saç tipleri için uygun,https://static.ticimax.cloud/cdn-cgi/image/width=76,quality=85/53520/uploads/urunresimleri/buyuk/ref-dry-shampoo-200-ml--f42d6.jpeg,SAÇ BAKIM ÜRÜNLERİ > ŞAMPUAN > ,REF,TL740,00
REF EXTREME HOLD SPRAY N°545 300 ML,Ekstra ferahlık ve son derece uzun süreli tutuş sağlayan saç spreyi. Çabuk kuruyan formülü ile, saçı sertleştirmeden kontrol altına alır. Güçlü tutuşu sayesinde saç hem nemli ortamlarda hem de rüzgarda yerinde kalır.,https://static.ticimax.cloud/cdn-cgi/image/width=76,quality=85/53520/uploads/urunresimleri/buyuk/ref-extreme-hold-spray-n545-300-ml-5efeba.jpeg,SAÇ BAKIM ÜRÜNLERİ > SPREY > ,REF,TL790,00
REF FIBER MOUSSE N°345 250 ML,Her saç tipi için uygundur. İçeriğindeki aktif lifler sayesinde saça hacim kazandırır. Saça kökten uca hacim ve doku ekleyerek saçı daha kalın ve dolgun yapan aktif lifler içerir. Köpük emülsifiye edilerek eller arasında masaj yapıldığında lifler aktive olur. Saça uzun süre kalıcılık ve doğal bir parlaklık verir. Doğal ısı koruması ile saçı korur.,https://static.ticimax.cloud/cdn-cgi/image/width=76,quality=85/53520/uploads/urunresimleri/buyuk/ref-fiber-mousse-n345-250-ml-863-4b.jpeg,SAÇ BAKIM ÜRÜNLERİ > KÖPÜK > ,REF,TL740,00
REF FLEXIBLE SPRAY N°333 300 ML,Doğal hareket ve dokunulabilir kontrol için hafif, orta tutuşlu, çok yönlü bir saç spreyidir. Saçı ağırlaştırmadan, esnek bir tutuş sağlar. Saçtaki elektriklenmeyi azaltır. Neme karşı dayanıklıdır ve saça hacim verir. Kolay tarama sağlar. Ayçiçek Yağı ve güçlendirici ve bakım yapan Quinoa-Protein içerir . Tüm saç tiplerine uygun.,https://static.ticimax.cloud/cdn-cgi/image/width=76,quality=85/53520/uploads/urunresimleri/buyuk/ref-flexible-spray-n333-300-ml-5-27b3.jpeg,SAÇ BAKIM ÜRÜNLERİ > SPREY > ,REF,TL790,00
REF FRIZZ TAMER,Şekillendirici jel, yağsız, doğal bir bitiş ve parlaklık verir. Saçları gün boyu pürüzsüz tutar. Güçlendirici ve bakım yapan Quinoa-Protein ve Organik Hindistan Cevizi Yağı içerir . Kaşları yerinde tutmak için de kullanılabilir.,https://static.ticimax.cloud/cdn-cgi/image/width=76,quality=85/53520/uploads/urunresimleri/buyuk/ref-frizz-tamer-1b6f-b.jpeg,SAÇ BAKIM ÜRÜNLERİ > KREM > ,REF,TL790,00
REF GET IT STRAIGHT N°241 150 ML,Elektriklenmeyi azaltan ve buklelere özel düzleştirici jel krem. Kıvırcık ve kalın saçlar için geliştirilmiş formüle sahiptir. Fön ve düzleştirici ile şekillendirme için ideal, ısıdan korurken saça yumuşaklık verir. Isı korumalı jel, elektriklenen saçları azaltır ve bukleleri yumuşatır. Neme karşı korur ve saç stilini her türlü hava koşulunda korumaya yardımcı olur.,https://static.ticimax.cloud/cdn-cgi/image/width=76,quality=85/53520/uploads/urunresimleri/buyuk/ref-get-it-straight-n241-150-ml-07990b.jpeg,SAÇ BAKIM ÜRÜNLERİ > KREM > ,REF,TL750,00
REF GIFT BOX 23 - COLOUR SHAMPOO & CONDITIONER WITH SHINE ELIXIR,Kutu içeriği ;,https://static.ticimax.cloud/cdn-cgi/image/width=76,quality=85/53520/uploads/urunresimleri/buyuk/ref-gift-box-23-colour-shampoo-conditi-1-8650.jpeg,SAÇ BAKIM ÜRÜNLERİ > SET > ,REF,TL2.130,00
REF HAIR & BODY SHAMPOO 285 ML,Besleyici ve nemlendirici saç ve vücut şampuanı. Saça yumuşaklık verir. Hassas ciltler ve saç derisi için uygundur. Spor salonuna veya seyahat ederken götürmek için mükemmel üründür. %100 Vegandır. Hayvan Dostudur. Tüm saç ve cilt tipleri içindir.,https://static.ticimax.cloud/cdn-cgi/image/width=76,quality=85/53520/uploads/urunresimleri/buyuk/ref-hair-body-shampoo-285-ml-82eff7.jpeg,SAÇ BAKIM ÜRÜNLERİ > ŞAMPUAN > ,REF,TL785,00
REF HEAT PROTECTION N°230 175 ML,Saçı ısıyla şekillendirme uygulaması için hazırlar ve doğal parlaklık ve hafif tutuş ekler. 230°C'ye kadar ısıya karşı koruyucu bir kalkan sağlar. Ayrıca doğal bir parlaklık ve sabitlenme de sağlar. Hafif bir tutuş sağlar.,https://static.ticimax.cloud/cdn-cgi/image/width=76,quality=85/53520/uploads/urunresimleri/buyuk/ref-heat-protection-n230-175-ml-51b-d2.jpeg,SAÇ BAKIM ÜRÜNLERİ > SPREY > ,REF,TL800,00
REF HOLD & SHINE SPRAY N°545 300 ML,Çok işleve sahip saç spreyi. Saçı zorlamadan şekillendirmeye ve hızlı şekillendirmeye olanak tanıyan çift neme dayanıklıdır. Maksimum kontrol ve yüksek parlaklık sağlar. 24 saate kadar doğal görünüm sağlar. Yapışkan olmayan ve fırçalanması kolay katman formüle sahiptir. Ayçiçek Yağı ve güçlendirici ve bakım yapan Quinoa-Protein içerir. Paraben ve sülfat içermez. Tüm saç tiplerine uygun.,https://static.ticimax.cloud/cdn-cgi/image/width=76,quality=85/53520/uploads/urunresimleri/buyuk/ref-hold-shine-spray-n545-300-ml-02ea-4.jpeg,SAÇ BAKIM ÜRÜNLERİ > SPREY > ,REF,TL790,00
REF ILLUMINATE COLOUR CONDITIONER 245 ML,Illuminate Colour Conditioner, korumak, güçlendirmek, beslemek ve dolaşan saçlarınızı açmak için özel olarak seçilmiş botanik özler içeren saç kremi. Saça parlaklık kazandırır. %100 Vegan bir üründür. Hayvan Dostudur. Tüm saç tipleri özellikle boyalı saçlar içindir.,https://static.ticimax.cloud/cdn-cgi/image/width=76,quality=85/53520/uploads/urunresimleri/buyuk/ref-illuminate-colour-conditioner-245--33b-99.jpeg,SAÇ BAKIM ÜRÜNLERİ > KREM > ,REF,TL785,00
REF ILLUMINATE COLOUR SHAMPOO 285 ML,lluminate Color Shampoo, doğal ve boyalı saçlara aydınlatıcı parlaklık aşılamak, güçlendirmek ve korumak için özel olarak seçilmiş botanik özler içeren bir şampuan. İçeriğinde sülfat bulunmamaktadır. Bu eşsiz formülasyon, saçlara parlaklık sağlar ve canlandırmaya yardımcı olmak için renk koruyucu besinleri içerir. Acai ve jojoba yağları ile zenginleştirilmiştir. Saçı pürüzsüzleştiren ve korumaya yardımcı olan vitaminler, omega 3 ve omega 6 açısından zengindir. %100 Vegandır. Hayvan Dostudur. Tüm saç tipleri, özellikle boyalı saçlar.,https://static.ticimax.cloud/cdn-cgi/image/width=76,quality=85/53520/uploads/urunresimleri/buyuk/ref-illuminate-colour-shampoo-285-ml-343-96.jpeg,SAÇ BAKIM ÜRÜNLERİ > ŞAMPUAN > ,TL785,00
REF ILLUMINATE COLOUR SHAMPOO 600 ML,lluminate Color Shampoo, doğal ve boyalı saçlara aydınlatıcı parlaklık aşılamak, güçlendirmek ve korumak için özel olarak seçilmiş botanik özler içeren bir şampuan. İçeriğinde sülfat bulunmamaktadır. Bu eşsiz formülasyon, saçlara parlaklık sağlar ve canlandırmaya yardımcı olmak için renk koruyucu besinleri içerir. Acai ve jojoba yağları ile zenginleştirilmiştir. Saçı pürüzsüzleştiren ve korumaya yardımcı olan vitaminler, omega 3 ve omega 6 açısından zengindir. %100 Vegandır. Hayvan Dostudur. Tüm saç tipleri, özellikle boyalı saçlar.,https://static.ticimax.cloud/cdn-cgi/image/width=76,quality=85/53520/uploads/urunresimleri/buyuk/ref-illuminate-colour-shampoo-600-ml-5fdf4c.jpeg,SAÇ BAKIM ÜRÜNLERİ > ŞAMPUAN > ,REF,TL1.200,00
REF ILLUMINATE CONDITIONER 600 ML,Illuminate Colour Conditioner, korumak, güçlendirmek, beslemek ve dolaşan saçlarınızı açmak için özel olarak seçilmiş botanik özler içeren saç kremi. Saça parlaklık kazandırır. %100 Vegan bir üründür. Hayvan Dostudur. Tüm saç tipleri özellikle boyalı saçlar içindir.,https://static.ticimax.cloud/cdn-cgi/image/width=76,quality=85/53520/uploads/urunresimleri/buyuk/ref-illuminate-conditioner-600-ml-0520be.jpeg,SAÇ BAKIM ÜRÜNLERİ > KREM > ,REF,TL1.200,00
REF INTENSE HYDRATE CONDITIONER 245 ML,Yoğun nemlendirme sağlayan saç kremi. Saç rengini korurken saçı güçlendirmek ve nemlendirmek için özel olarak seçilmiş botanik özlere sahiptir. Yoğun nemlendirme özelliğine sahiptir. Hızla nüfuz ederek saçı bol nem ve parlaklıkla doyurur. Derinlemesine nemlendirir, Saçı yumuşatır, Dolaşıklıkları açar, Parlaklık verir.,https://static.ticimax.cloud/cdn-cgi/image/width=76,quality=85/53520/uploads/urunresimleri/buyuk/ref-intense-hydrate-conditioner-245-ml-f-4d77.jpeg,SAÇ BAKIM ÜRÜNLERİ > KREM > ,REF,TL785,00
REF INTENSE HYDRATE CONDITIONER 600 ML,Yoğun nemlendirme sağlayan saç kremi. Saç rengini korurken saçı güçlendirmek ve nemlendirmek için özel olarak seçilmiş botanik özlere sahiptir. Yoğun nemlendirme özelliğine sahiptir. Hızla nüfuz ederek saçı bol nem ve parlaklıkla doyurur. Derinlemesine nemlendirir, Saçı yumuşatır, Dolaşıklıkları açar, Parlaklık verir.,https://static.ticimax.cloud/cdn-cgi/image/width=76,quality=85/53520/uploads/urunresimleri/buyuk/ref-intense-hydrate-conditioner-600-ml-3206-4.jpeg,SAÇ BAKIM ÜRÜNLERİ > KREM > ,REF,TL1.200,00
REF INTENSE HYDRATE SHAMPOO 285 ML,Yoğun Nemlendirici Şampuan, saçı korumak, güçlendirmek ve nemlendirmek için özel olarak seçilmiş botanik özler içeren sülfatsız bir şampuandır. Saçları daha pürüzsüz ve parlak bir görünüme kavuşturur. Antioksidan ve vitamin açısından zengin formül saça nüfuz ederek uzun süreli nem sağlar ve uçuşmaları azaltır. Derinlemesine nem sağlar. Saçı yumuşatmaya ve dolaşıkları açmaya destek olur. Saça parlaklık verir. %100 Vegandır. Hayvan Dostudur. Tüm saç tipleri, özellikle kuru ve cansız saçlar.,https://static.ticimax.cloud/cdn-cgi/image/width=76,quality=85/53520/uploads/urunresimleri/buyuk/ref-intense-hydrate-shampoo-285-ml-b6f317.jpeg,SAÇ BAKIM ÜRÜNLERİ > ŞAMPUAN > ,REF,TL785,00
REF INTENSE HYDRATE SHAMPOO 600 ML,Yoğun Nemlendirici Şampuan, saçı korumak, güçlendirmek ve nemlendirmek için özel olarak seçilmiş botanik özler içeren sülfatsız bir şampuandır. Saçları daha pürüzsüz ve parlak bir görünüme kavuşturur. Antioksidan ve vitamin açısından zengin formül saça nüfuz ederek uzun süreli nem sağlar ve uçuşmaları azaltır. Derinlemesine nem sağlar. Saçı yumuşatmaya ve dolaşıkları açmaya destek olur. Saça parlaklık verir. %100 Vegandır. Hayvan Dostudur. Tüm saç tipleri, özellikle kuru ve cansız saçlar.,https://static.ticimax.cloud/cdn-cgi/image/width=76,quality=85/53520/uploads/urunresimleri/buyuk/ref-intense-hydrate-shampoo-600-ml-8eb-9d.jpeg,SAÇ BAKIM ÜRÜNLERİ > ŞAMPUAN > ,REF,TL1.200,00
REF LEAVE-IN SERUM 125 ML,Kuru ve yıpranmış saçlar için bakım serumu. İçeriğindeki proteinler ve botanik özler ile yoğun ısı koruyucu özelliği vardır. Saça bakım yapar ve şekillendirmeye destek olur. Bakım ve onarım özelliklerine sahiptir ve saçlarınıza ipeksi sağlıklı ve pürüzsüz bir görünüm kazandırır. Tüm saç tipleri, özellikle kuru ve yıpranmış saçlar.,https://static.ticimax.cloud/cdn-cgi/image/width=76,quality=85/53520/uploads/urunresimleri/buyuk/ref-leave-in-serum-125-ml-21-413.jpeg,SAÇ BAKIM ÜRÜNLERİ > SERUM > ,TL830,00
REF OCEAN MIST N°303 175 ML,Saça mat bitişli doğal bir görünüm kazandırır. Saça doku ve plaj sonrası hissi veren, mineral açısından zengin bir deniz tuzu spreyidir. Mat bir bitiş ile saça doğal bir görünüm verir. Saçı yumuşatır ve doğal bitiş sağlar. Bukleleri yönetmeye yardımcı olur. Yıkanması kolay. Güçlendirici ve koruyucu Quinoa-Protein içerir. Saça plaj sonrası hissi verir. Spreyi yıkamak veya saçtan fırçalamak kolaydır ve bu nedenle kullanımı çok keyiflidir. REF spreyi ile saç ekstra yapı kazanır. Kabarmayı büyük ölçüde azaltır. Sprey, orta ila güçlü bir tutuş sağlar. Tüm saç tipleri için uygundur ve taze bir kokuya sahiptir. SLS, paraben, sülfat ve silikon içermez.,https://static.ticimax.cloud/cdn-cgi/image/width=76,quality=85/53520/uploads/urunresimleri/buyuk/ref-ocean-mist-n303-175-ml-6-80e0.jpeg,SAÇ BAKIM ÜRÜNLERİ > SPREY > ,REF,TL800,00
REF PROMO BOX WEIGHTLESS VOLUME MASQUE 2,İnce telli saçlar için hacim ve canlandırma sağlayan maske Maske saça daha fazla hacim verirken ve saçı yumuşatır. Organik greyfurt yağı, güçlendirici kinoa proteini ve renk koruma sistemi gibi doğal bileşenler içerir. %100 vegandır. İnce telli saçlar için.,https://static.ticimax.cloud/cdn-cgi/image/width=76,quality=85/53520/uploads/urunresimleri/buyuk/ref-promo-box-weightless-volume-masque-5e0d5a.jpeg,SAÇ BAKIM ÜRÜNLERİ > MASKE > ,REF,TL1.100,00
REF ROOT CONCEALER BLACK 100 ML,İstenmeyen, gri renkli saç diplerini basit ve etkili bir şekilde gizleyen bir üründür. Geleneksel olarak makyajda kullanılan pigmentlere sahiptir. Bu pigmentler saçın yüzeyine yerleşir ve açık renkli tüyleri kapatır. Renk boyamaları arasında saç diplerine hafifçe püskürtün. Yıkanana kadar kalan hızlı kuruyan formüle sahiptir. Gri saç diplerini örtmek için tasarlanmıştır. %100 Vegandır. Paraben ve Sülfat içermez.,https://static.ticimax.cloud/cdn-cgi/image/width=76,quality=85/53520/uploads/urunresimleri/buyuk/ref-root-concealer-black-100-ml-6-0a58.jpeg,SAÇ BAKIM ÜRÜNLERİ > SPREY > ,REF,TL720,00
REF ROOT CONCEALER BROWN 100 ML,İstenmeyen, gri renkli saç diplerini basit ve etkili bir şekilde gizleyen bir üründür. Geleneksel olarak makyajda kullanılan pigmentlere sahiptir. Bu pigmentler saçın yüzeyine yerleşir ve açık renkli tüyleri kapatır. Renk boyamaları arasında saç diplerine hafifçe püskürtün. Yıkanana kadar kalan hızlı kuruyan formüle sahiptir. Gri saç diplerini örtmek için tasarlanmıştır. %100 Vegandır. Paraben ve Sülfat içermez.,https://static.ticimax.cloud/cdn-cgi/image/width=76,quality=85/53520/uploads/urunresimleri/buyuk/ref-root-concealer-brown-100-ml-43a-46.jpg,SAÇ BAKIM ÜRÜNLERİ > SPREY > ,REF,TL720,00
REF ROOT CONCEALER DARK BLONDE 100 ML,İstenmeyen, gri renkli saç diplerini basit ve etkili bir şekilde gizleyen bir üründür. Geleneksel olarak makyajda kullanılan pigmentlere sahiptir. Bu pigmentler saçın yüzeyine yerleşir ve açık renkli tüyleri kapatır. Renk boyamaları arasında saç diplerine hafifçe püskürtün. Yıkanana kadar kalan hızlı kuruyan formüle sahiptir. Gri saç diplerini örtmek için tasarlanmıştır. %100 Vegandır. Paraben ve Sülfat içermez.,https://static.ticimax.cloud/cdn-cgi/image/width=76,quality=85/53520/uploads/urunresimleri/buyuk/ref-root-concealer-dark-blonde-100-ml-7bcac8.jpeg,SAÇ BAKIM ÜRÜNLERİ > SPREY > ,REF,TL720,00
REF SHINE ELIXIR 80 ML,Saçı güçlendirirken parlaklık ve nem sağlayan saç yağı. Saça yoğun bir parlaklık verir ve yumuşatır. Sağlıklı bir görünüm sunar. %100 Vegandır. Tüm saç tipleri, özellikle ince saçlar.,https://static.ticimax.cloud/cdn-cgi/image/width=76,quality=85/53520/uploads/urunresimleri/buyuk/ref-shine-elixir-80-ml-a6d-4e.jpeg,SAÇ BAKIM ÜRÜNLERİ > BAKIM YAĞI > ,REF,TL1.100,00
REF SHINE SPRAY N°050 150 ML,Çok işleve sahip saç spreyi. Saçı zorlamadan şekillendirmeye ve hızlı şekillendirmeye olanak tanıyan çift neme dayanıklıdır. Maksimum kontrol ve yüksek parlaklık sağlar. 24 saate kadar doğal görünüm sağlar. Yapışkan olmayan ve fırçalanması kolay katman formüle sahiptir. Ayçiçek Yağı ve güçlendirici ve bakım yapan Quinoa-Protein içerir. Paraben ve sülfat içermez. Tüm saç tiplerine uygun.,https://static.ticimax.cloud/cdn-cgi/image/width=76,quality=85/53520/uploads/urunresimleri/buyuk/ref-shine-spray-n050-150-ml-3d0982.jpeg,SAÇ BAKIM ÜRÜNLERİ > SPREY > ,REF,TL750,00
REF STAY SMOOTH 125 ML,Saçları yumuşatırken tel ve elektriklenmeyle savaşan hafif yumuşatıcı krem. Saç tellerini yumuşatır ve pürüzsüzleştirir. Elektriklenmeyi önler. Güzel bir görünüm için saça doğal bir parlaklık verir.,https://static.ticimax.cloud/cdn-cgi/image/width=76,quality=85/53520/uploads/urunresimleri/buyuk/ref-stay-smooth-125-ml-413-2a.jpeg,SAÇ BAKIM ÜRÜNLERİ > KREM > ,REF,TL720,00
REF THICKENING SPRAY NO°215 300 ML,İnce saçlar için hacim sağlayan bir spreydir. Hızlı bir doku ve dolgunluk artışı için besleyici hacim sağlar. Saça hacim, yoğunluk ve vücut kazandırır. Saçı nemden korurken esnek ve dokunulabilir kalır. Ayçiçek Yağı ve güçlendirici ve bakım yapan Quinoa-Protein içerir .,https://static.ticimax.cloud/cdn-cgi/image/width=76,quality=85/53520/uploads/urunresimleri/buyuk/ref-thickening-spray-no215-300-ml-1-949a.jpeg,SAÇ BAKIM ÜRÜNLERİ > SPREY > ,REF,TL740,00
REF ULTIMATE REPAIR CONDITIONER 245 ML,İşlem görmüş saçlar için onarıcı saç kremi. Kuru, yıpranmış saçları korumak, güçlendirmek ve yeniden yapılandırmak için özel olarak seçilmiş botanik özler içerir. Dolaşıklığı açmaya yardım eder ve saçı renk solmasına karşı korur. Saçı derinlemesine onarır. %100 Vegandır. Tüm saç tipleri, özellikle kuru, yıpranmış veya kimyasal işlem görmüş saçlar.,https://static.ticimax.cloud/cdn-cgi/image/width=76,quality=85/53520/uploads/urunresimleri/buyuk/ref-ultimate-repair-conditioner-245-ml-7661a5.jpeg,SAÇ BAKIM ÜRÜNLERİ > KREM > ,REF,TL785,00
REF ULTIMATE REPAIR CONDITIONER 600 ML,İşlem görmüş saçlar için onarıcı saç kremi. Kuru, yıpranmış saçları korumak, güçlendirmek ve yeniden yapılandırmak için özel olarak seçilmiş botanik özler içerir. Dolaşıklığı açmaya yardım eder ve saçı renk solmasına karşı korur. Saçı derinlemesine onarır. %100 Vegandır. Tüm saç tipleri, özellikle kuru, yıpranmış veya kimyasal işlem görmüş saçlar.,https://static.ticimax.cloud/cdn-cgi/image/width=76,quality=85/53520/uploads/urunresimleri/buyuk/ref-ultimate-repair-conditioner-600-ml-e347-4.jpeg,SAÇ BAKIM ÜRÜNLERİ > KREM > ,REF,TL1.200,00
REF ULTIMATE REPAIR SHAMPOO 285 ML,İşlem görmüş saçlar için saçı derinlemesine onarıcı şampuan. Kuru, yıpranmış saçları korumak, güçlendirmek ve yeniden yapılandırmak için özel olarak seçilmiş botanik özler içerir. Proteini güçlendiren, elle seçilmiş doğal özler, aydınlatıcı parlaklık ve renk koruması sağlarken yumuşatır ve pürüzsüzleştirir. Murumuru Yağı, nemin tutulmasını destekler, saçın esnekliğini artırırken saça parlaklık ve yumuşaklık kazandırır. Derinlemesine onarır. Sülfat içermez. %100 Vegandır. Tüm saç tipleri, özellikle kuru, yıpranmış veya kimyasal işlem görmüş saçlar.,https://static.ticimax.cloud/cdn-cgi/image/width=76,quality=85/53520/uploads/urunresimleri/buyuk/ref-ultimate-repair-shampoo-285-ml-f95005.jpeg,SAÇ BAKIM ÜRÜNLERİ > ŞAMPUAN > ,REF,TL785,00
REF ULTIMATE REPAIR SHAMPOO 600 ML,İşlem görmüş saçlar için saçı derinlemesine onarıcı şampuan. Kuru, yıpranmış saçları korumak, güçlendirmek ve yeniden yapılandırmak için özel olarak seçilmiş botanik özler içerir. Proteini güçlendiren, elle seçilmiş doğal özler, aydınlatıcı parlaklık ve renk koruması sağlarken yumuşatır ve pürüzsüzleştirir. Murumuru Yağı, nemin tutulmasını destekler, saçın esnekliğini artırırken saça parlaklık ve yumuşaklık kazandırır. Derinlemesine onarır. Sülfat içermez. %100 Vegandır. Tüm saç tipleri, özellikle kuru, yıpranmış veya kimyasal işlem görmüş saçlar.,https://static.ticimax.cloud/cdn-cgi/image/width=76,quality=85/53520/uploads/urunresimleri/buyuk/ref-ultimate-repair-shampoo-600-ml-e7dd-4.jpeg,SAÇ BAKIM ÜRÜNLERİ > ŞAMPUAN > ,REF,TL1.200,00
REF WEIGHTLESS VOLUME CONDITIONER 245 ML,İnce telli saçlar için saç kremi. Ağırlıksız Hacim Saç Kremi, ince veya ince saçları korumak, güçlendirmek ve kolay tarama için özel olarak seçilmiş botanik özlere sahip hafif bir saç kremidir. Dolgunluk, yoğunluk ve parlaklık sağlar. Boyalı saçları solmaya karşı korurken, uzun süreli esneklik sağlar. Hafif hacim Canlandırıcı etki Dolaşık açma özelliği Kurutmayan formül Kullanımı: Yıkama rutininin son adımı olarak şampuan veya maskeden sonra kullanın. Saça uygulayın ve dağıtın. Durulayın. İçeriği: Aqua [Water], Cetearyl alcohol, Cetrimonium chloride, Amodimethicone, Cetyl esters, Panthenol, Phenoxyethanol, Parfum [Fragrance], Simmondsia chinensis (Jojoba) seed oil, Hydroxyethylcellulose, Trideceth-10, Ethylhexylglycerin, Quaternium-95, Calcium pantothenate, Hydrolyzed quinoa, Citric acid, Limonene, Propanediol, Hexyl cinnamal, BHT, Butylene glycol, Glycerin, Helianthus annuus (Sunflower) seed extract, Citral, Linalool, Citrus paradisi (Grapefruit) fruit extract.,https://static.ticimax.cloud/cdn-cgi/image/width=76,quality=85/53520/uploads/urunresimleri/buyuk/ref-weightless-volume-conditioner-245--24cf23.jpeg,SAÇ BAKIM ÜRÜNLERİ > KREM > ,REF,TL785,00
REF WEIGHTLESS VOLUME CONDITIONER 600 ML,İnce telli saçlar için saç kremi. Ağırlıksız Hacim Saç Kremi, ince veya ince saçları korumak, güçlendirmek ve kolay tarama için özel olarak seçilmiş botanik özlere sahip hafif bir saç kremidir. Dolgunluk, yoğunluk ve parlaklık sağlar. Boyalı saçları solmaya karşı korurken, uzun süreli esneklik sağlar.,https://static.ticimax.cloud/cdn-cgi/image/width=76,quality=85/53520/uploads/urunresimleri/buyuk/ref-weightless-volume-conditioner-600--3d5-02.jpeg,SAÇ BAKIM ÜRÜNLERİ > KREM > ,REF,TL1.200,00
REF WEIGHTLESS VOLUME REFRESHING MOUSSE 200 ML,Hafif ve kuru yapıdaki şampuan köpüğü. Saça hacim kazandırır ve fazla yağı emer. Uzun süre kalıcı saçlar sağlayan yüksek oranda güçlendirici Kinoa proteini içerir. Saça hacim ve parlaklık kazandırır, bileşiminde organik greyfurt özü bulunmaktadır.,https://static.ticimax.cloud/cdn-cgi/image/width=76,quality=85/53520/uploads/urunresimleri/buyuk/ref-weightless-volume-refreshing-mouss-b42007.jpeg,SAÇ BAKIM ÜRÜNLERİ > KÖPÜK > ,REF,TL760,00
REF WEIGHTLESS VOLUME SHAMPOO 285 ML,İnce veya ince telli saçların yapısını korumak, güçlendirmek ve iyileştirmek için özel olarak seçilmiş bitki özleri içerir. Sültafsızdır. Canlandırıcı özelliği ile daha fazla dolgunluk, yoğunluk ve parlaklık sağlar. Renkli saçların solmasını önler.,https://static.ticimax.cloud/cdn-cgi/image/width=76,quality=85/53520/uploads/urunresimleri/buyuk/ref-weightless-volume-shampoo-285-ml-d-32f0.jpeg,SAÇ BAKIM ÜRÜNLERİ > ŞAMPUAN > ,REF,TL785,00
REF WEIGHTLESS VOLUME SHAMPOO 600 ML,İnce veya ince telli saçların yapısını korumak, güçlendirmek ve iyileştirmek için özel olarak seçilmiş bitki özleri içerir. Sültafsızdır. Canlandırıcı özelliği ile daha fazla dolgunluk, yoğunluk ve parlaklık sağlar. Renkli saçların solmasını önler.,https://static.ticimax.cloud/cdn-cgi/image/width=76,quality=85/53520/uploads/urunresimleri/buyuk/ref-weightless-volume-shampoo-600-ml-2-8823.jpeg,SAÇ BAKIM ÜRÜNLERİ > ŞAMPUAN > ,REF,TL1.200,00
REGENERATING CLEANSER 150 ML,Anti-age saç temizleyici yumuşaklığını zengin krem dokusuyla harmanlar. Gerçek bir parlatıcı temizleyici olan yoğun köpüğü, sonraki bakımların penetrasyonunu optimize etmek için doğrudan saç ve saç derisi üzerinde çalışarak tüm yabancı maddelerin ortadan kalkmasına yardımcı olur. Sağladığı hacim ve parlaklık, onu donuk, düz saçlar için bir numaralı çare yapar. Üçlü DNA, anti-glikasyon kompleksi ve keratin saçı kökten uca güçlendirirken xx folikülleri yumuşatır. Saçlar her yıkamada daha parlak ve canlı uzar. Her zaman, her yerde çarpıcı etki için mükemmel bir yol arkadaşı olan REGENERATING CLEANSER, zarif kehribar ve odunsu notalarıyla saçın güzel kokmasını sağlar..,https://static.ticimax.cloud/cdn-cgi/image/width=76,quality=85/53520/uploads/urunresimleri/buyuk/regenerating-cleanser-150-ml-22ca2a.jpeg,SAÇ BAKIM ÜRÜNLERİ > ŞAMPUAN > ,VALMONT,TL2.700,00
RÉGÉNÉRESCENCE NATURELLE 20 ML,Hodan Yağı : Canlandırır, Omega 6 Açısından Zengin, Yatıştırıcı.Kuşburnu Yağı Canlandırır, Antioksidan, C Vitamini Açısından Zengin. Kayısı Çekirdeği Yağı : Antioksidan, E Vitamini Ve Fitosteroller Açısından Zengin, Canlandırıcı, Yaşlanma Karşıtı.,https://static.ticimax.cloud/cdn-cgi/image/width=76,quality=85/53520/uploads/urunresimleri/buyuk/rgnrescence-naturelle-20-ml-503d-2.jpg,SAÇ BAKIM ÜRÜNLERİ > BAKIM YAĞI > ,LEONOR GREYL,TL1.270,00
Rejuvenating Oil 480 ML,Süper hafif esansiyel bitki ve çiçek türevi yağlarla hazırlanmış efsanevi bakım yağımız saçı canlandırmak için emilir ve saçın zarif, kabarık ve parlak görünmesini sağlar. Kuru saçlara gerekli nemi sağlar. Parlak görünümlü bir yüzey kazandırır. Saçları nemlendirerek pürüzsüz, yönetilebilir ve dolaşmayan bir his bırakmasını sağlar. Yağları ve çevresel kiri ortadan kaldırarak saç derinizi temizler.,https://static.ticimax.cloud/cdn-cgi/image/width=76,quality=85/53520/uploads/urunresimleri/buyuk/rejuvenating-oil-480-ml-e67a78.jpg,SAÇ BAKIM ÜRÜNLERİ > BAKIM YAĞI > ,PHILIP B,TL9.931,00
REPAIR CONDITIONER 150 ML,Bitkisel keratin ve hyaluronik asit bakımından zengin olan bu saç kremi, çok hasarlı saçları nazikçe açarken onarır. %91 doğal kaynaklı vegan formülü, tekrarlanan agresif işlemler (renklendirme, şekillendirme vb.) ile zayıflamış saç tellerinin yapısını yenilemek için özel olarak tasarlanmıştır. Günler içinde saç doğal parlaklığını ve yumuşaklığını geri kazanır. Sülfat, silikon, fenoksietanol içermez. Mineral yağ, yapay renk içermez. Vegandır. Fransa'da üretilmiştir.,https://static.ticimax.cloud/cdn-cgi/image/width=76,quality=85/53520/uploads/urunresimleri/buyuk/repair-conditioner-150-ml--8da4-.jpeg,SAÇ BAKIM ÜRÜNLERİ > KREM > ,LAZARTIGUE,TL984,00
REPAIR MASK 250 ML,%91 doğal içerikten oluşan bu vegan saç maskesi, bitkisel keratin ve hyaluronik asit sayesinde hasar görmüş, yıpranmış saç tellerini onarır. Saç daha güçlü ve daha dirençli hale gelirken, yumuşaklığını ve parlaklığını geri kazanır. Sülfat, silikon, fenoksietanol içermez. Mineral yağ, yapay renk içermez. Vegandır.,https://static.ticimax.cloud/cdn-cgi/image/width=76,quality=85/53520/uploads/urunresimleri/buyuk/repair-mask-250-ml-06f964.jpeg,SAÇ BAKIM ÜRÜNLERİ > MASKE > ,LAZARTIGUE,TL1.574,00
REPAIR SHAMPOO 250 ML,Bitkisel keratin ve hyaluronik asit açısından zengin olan bu şampuan yıpranmış, aşırı işlem görmüş saçları onarmaya yardımcı olurken nazikçe temizler. %91 doğal formüllü onarıcı şampuan saç kütikülünün zarar görmesini engellerken, bitkisel keratin saç telini yeniden yapılandırmak için çalışır. Bölünmeleri onarmak ve tüm yapısını yeniden oluşturmak için saçın derinliklerine nüfuz eder. Onarılan saçlar, eski doğal güzelliğine kavuşmuş gibi görünür. Sülfat, silikon, fenoksietanol içermez. Mineral yağ, yapay renk içermez. Vegandır. Fransa'da üretilmiştir.,https://static.ticimax.cloud/cdn-cgi/image/width=76,quality=85/53520/uploads/urunresimleri/buyuk/repair-shampoo-250-ml-c0-633.jpeg,SAÇ BAKIM ÜRÜNLERİ > ŞAMPUAN > ,LAZARTIGUE,TL632,00
Repairing Pure Monoi Oil 100 ML,Kuru ve yıpranmış saç ŞAMPUANDAN ÖNCE/SONRA Durulamalı ya da durulamadan,https://static.ticimax.cloud/cdn-cgi/image/width=76,quality=85/53520/uploads/urunresimleri/buyuk/repairing-pure-monoi-oil-100-ml-4bf8-9.jpeg,SAÇ BAKIM ÜRÜNLERİ > BAKIM YAĞI > ,HEI POA,TL492,00
Return Hair Shampoo 300 ML,Mesosys Return saç şampuanı kirleri temizlemeye, kepeği önlemeye, saç derisi ve saça besin sağlayamaya yardımcı olarak saçı güçlendirmeyi destekler. Aşırı sebum üretimini kontrol etmeye ve kuruluktan kaynaklı kaşıntıyı hafifletmeye yardımcı olur. Saç derisinin rahatlamasına ve nemlendirilmesini sağlar.,https://static.ticimax.cloud/cdn-cgi/image/width=76,quality=85/53520/uploads/urunresimleri/buyuk/return-hair-shampoo-300-ml--28a66.jpeg,SAÇ BAKIM ÜRÜNLERİ > ŞAMPUAN > ,MESOSYS,
Return Hair Tonic 100 ML,Mesosys Return saç toniği, saç derisine ve saça besin sağlayamaya yardımcı olan günlük kullanım amaçlı tonik. Peptit kompleksi ile sağlıklı saçları güçlendirmeye yardımcı olur ve saç derisine ferahlama hissi verir. Kafa derisine masaj etkisi sağlar, saç derisini rahatlamasına ve nemlendirmeye yardımcı olur.,https://static.ticimax.cloud/cdn-cgi/image/width=76,quality=85/53520/uploads/urunresimleri/buyuk/return-hair-tonic-100-ml-2cca4-.jpeg,SAÇ BAKIM ÜRÜNLERİ > TONİK > ,MESOSYS,
Revitalash® Thickening Conditioner 250 ML,Çevresel faktörlerden korunarak, saçlarınızın doğal güzelliğini ortaya çıkarmak istiyorsanız, mutlaka bu ürünü deneyin! Özel bileşenleri sayesinde saçlarınızı nemlendirir, dolgunlaştırır ve yoğun bir bakım sağlar. Ayrıca saç derinizin nem dengesini optimize eder, böylece saçlarınız daha güçlü, dolgun ve canlı bir görünüm kazanır.,https://static.ticimax.cloud/cdn-cgi/image/width=76,quality=85/53520/uploads/urunresimleri/buyuk/revitalash-thickening-conditioner-250--5a6-00.jpeg,SAÇ BAKIM ÜRÜNLERİ > KREM > ,REVITALASH,TL1.000,00
Revitalash® Thickening Shampoo 250 ML,Saç kalınlaştırıcı ve saç derisine yoğun bakım sağlayan şampuan, saçlarınızı çevresel stres faktörlerinden korurken saçları temizleyip güçlendirerek derisinin sağlıklı görünümünü optimum eden özel bileşenler içerir.,https://static.ticimax.cloud/cdn-cgi/image/width=76,quality=85/53520/uploads/urunresimleri/buyuk/revitalash-thickening-shampoo-250-ml-343407.jpeg,SAÇ BAKIM ÜRÜNLERİ > ŞAMPUAN > ,REVITALASH,TL1.050,00
Revitalash® Volume Enhancing Foam 55 ML,Erkeklerde ve kadınlarda ince ve seyrek saçların ihtiyaçlarını karşılamak için tasarlanmış bu çığır açan saç güçlendirici hem kadınların hem de erkeklerin kullanımına uygundur.,https://static.ticimax.cloud/cdn-cgi/image/width=76,quality=85/53520/uploads/urunresimleri/buyuk/revitalash-volume-enhancing-foam-55-ml-43ae-b.jpeg,SAÇ BAKIM ÜRÜNLERİ > KÖPÜK > ,REVITALASH,TL5.650,00
RP 5M IRON GUARD 150 ML,STYLE MASTERS™ SMOOTH IRON GUARD,https://static.ticimax.cloud/cdn-cgi/image/width=76,quality=85/53520/uploads/urunresimleri/buyuk/rp-5m-iron-guard-150-ml-5-2b76.jpeg,SAÇ BAKIM ÜRÜNLERİ > BALM > ,REVLON,TL680,00
RP 5M LISSAVER 150 ML,STYLE MASTERS™ DOUBLE OR NOTHING LISSAVER,https://static.ticimax.cloud/cdn-cgi/image/width=76,quality=85/53520/uploads/urunresimleri/buyuk/rp-5m-lissaver-150-ml-f1b-df.jpeg,SAÇ BAKIM ÜRÜNLERİ > SPREY > ,REVLON,TL680,00
RP EQUAVE IB BLONDE DETANGL COND 200 ML,REVLON PROFESSIONAL EQUAVE™,https://static.ticimax.cloud/cdn-cgi/image/width=76,quality=85/53520/uploads/urunresimleri/buyuk/rp-equave-ib-blonde-detangl-cond-200-m-9c64-d.jpeg,SAÇ BAKIM ÜRÜNLERİ > SPREY > ,REVLON,TL602,00
RP EQUAVE IB HYDRONUTR DETANG COND 200 ML,REVLON PROFESSIONAL EQUAVE™,https://static.ticimax.cloud/cdn-cgi/image/width=76,quality=85/53520/uploads/urunresimleri/buyuk/rp-equave-ib-hydronutr-detang-cond-200--efbd-.jpeg,SAÇ BAKIM ÜRÜNLERİ > SPREY > ,REVLON,TL602,00
RP EQUAVE IB VOLUMIZING DETNG COND 200 ML,REVLON PROFESSIONAL EQUAVE™,https://static.ticimax.cloud/cdn-cgi/image/width=76,quality=85/53520/uploads/urunresimleri/buyuk/rp-equave-ib-volumizing-detng-cond-200--469cd.jpeg,SAÇ BAKIM ÜRÜNLERİ > SPREY > ,REVLON,TL602,00
RP EQUAVE INST DET CONDIT SUN 200 ML,REVLON PROFESSIONAL EQUAVE™,https://static.ticimax.cloud/cdn-cgi/image/width=76,quality=85/53520/uploads/urunresimleri/buyuk/rp-equave-inst-det-condit-sun-200-ml-d3-1b9.jpeg,SAÇ BAKIM ÜRÜNLERİ > SPREY > ,REVLON,TL602,00
RP SM BRIGHTASTIC 100 ML,STYLE MASTERS™ DOUBLE OR NOTHING BRIGHTASTIC,https://static.ticimax.cloud/cdn-cgi/image/width=76,quality=85/53520/uploads/urunresimleri/buyuk/rp-sm-brightastic-100-ml-ebbb71.jpeg,SAÇ BAKIM ÜRÜNLERİ > SERUM > ,REVLON,TL680,00
RP SM DEFINING GEL 150 ML,STYLE MASTERS™ CREATOR DEFINING GEL,https://static.ticimax.cloud/cdn-cgi/image/width=76,quality=85/53520/uploads/urunresimleri/buyuk/rp-sm-defining-gel-150-ml-2a6379.jpeg,SAÇ BAKIM ÜRÜNLERİ > JEL > ,REVLON,TL680,00
RP SM ELEVATOR SPRAY 300 ML,STYLE MASTERS™ VOLUME ELEVATOR SPRAY,https://static.ticimax.cloud/cdn-cgi/image/width=76,quality=85/53520/uploads/urunresimleri/buyuk/rp-sm-elevator-spray-300-ml-56-31e.jpeg,SAÇ BAKIM ÜRÜNLERİ > SPREY > ,REVLON,TL680,00
RP SM ENDLESS CONTROL 150 ML,STYLE MASTERS™ DOUBLE OR NOTHING ENDLESS CONTROL,https://static.ticimax.cloud/cdn-cgi/image/width=76,quality=85/53520/uploads/urunresimleri/buyuk/rp-sm-endless-control-150-ml-88eb4c.jpeg,SAÇ BAKIM ÜRÜNLERİ > DİĞER > ,REVLON,TL680,00
RP SM FANATICURLS 150 ML,STYLE MASTERS™ CURLY FANATICURLS,https://static.ticimax.cloud/cdn-cgi/image/width=76,quality=85/53520/uploads/urunresimleri/buyuk/rp-sm-fanaticurls-150-ml-a2ac-f.jpeg,SAÇ BAKIM ÜRÜNLERİ > KREM > ,REVLON,TL680,00
RP SM MEMORY SPRAY 150 ML,STYLE MASTERS™ CREATOR MEMORY SPRAY,https://static.ticimax.cloud/cdn-cgi/image/width=76,quality=85/53520/uploads/urunresimleri/buyuk/rp-sm-memory-spray-150-ml-9ed14e.jpeg,SAÇ BAKIM ÜRÜNLERİ > SPREY > ,REVLON,TL680,00
RP SM MODULAR HAIR SPRAY 500 ML,STYLE MASTERS™ MUST-HAVES MODULAR™,https://static.ticimax.cloud/cdn-cgi/image/width=76,quality=85/53520/uploads/urunresimleri/buyuk/rp-sm-modular-hair-spray-500-ml-d5-93c.jpeg,SAÇ BAKIM ÜRÜNLERİ > SPREY > ,REVLON,TL680,00
RP SM MODULAR MOUSSE 300 ML,STYLE MASTERS™ MUST-HAVES MODULAR MOUSSE,https://static.ticimax.cloud/cdn-cgi/image/width=76,quality=85/53520/uploads/urunresimleri/buyuk/rp-sm-modular-mousse-300-ml-af7-41.jpeg,SAÇ BAKIM ÜRÜNLERİ > KÖPÜK > ,REVLON,TL680,00
RP SM ORBITAL 150 ML,STYLE MASTERS™ CURLY ORBITAL,https://static.ticimax.cloud/cdn-cgi/image/width=76,quality=85/53520/uploads/urunresimleri/buyuk/rp-sm-orbital-150-ml-90e298.jpeg,SAÇ BAKIM ÜRÜNLERİ > KREM > ,REVLON,TL680,00
RP SM PHOTO FINISHER HAIR SPRAY 500 ML,STYLE MASTERS™ MUST-HAVES PHOTO FINISHER,https://static.ticimax.cloud/cdn-cgi/image/width=76,quality=85/53520/uploads/urunresimleri/buyuk/rp-sm-photo-finisher-hair-spray-500-ml-f59b7f.jpeg,SAÇ BAKIM ÜRÜNLERİ > SPREY > ,REVLON,TL680,00
RP SM PURE STYLER STRONG HOLD HAIR SPRAY 325 ML,STYLE MASTERS™ MUST-HAVES PURE STYLER,https://static.ticimax.cloud/cdn-cgi/image/width=76,quality=85/53520/uploads/urunresimleri/buyuk/rp-sm-pure-styler-strong-hold-hair-spr-7d4d1f.jpeg,SAÇ BAKIM ÜRÜNLERİ > SPREY > ,REVLON,TL680,00
RP SM RESET 150 ML,STYLE MASTERS™ DOUBLE OR NOTHİNG RESET,https://static.ticimax.cloud/cdn-cgi/image/width=76,quality=85/53520/uploads/urunresimleri/buyuk/rp-sm-reset-150-ml-fca91b.jpeg,SAÇ BAKIM ÜRÜNLERİ > ŞAMPUAN > ,REVLON,TL568,00
RP SM VOLUME AMPLIFIER MOUSSE 300 ML,https://static.ticimax.cloud/cdn-cgi/image/width=76,quality=85/53520/uploads/urunresimleri/buyuk/rp-sm-volume-amplifier-mousse-300-ml-a-4bbb.jpeg,SAÇ BAKIM ÜRÜNLERİ > KÖPÜK > ,TL680,00
RP UNIQONE HAIR TREATMENT V2 150 ML,UNİQONE™,https://static.ticimax.cloud/cdn-cgi/image/width=76,quality=85/53520/uploads/urunresimleri/buyuk/rp-uniqone-hair-treatment-v2-150-ml-07955f.jpeg,SAÇ BAKIM ÜRÜNLERİ > SPREY > ,REVLON,TL740,00
RP UNIQONE HT COCO V2 150 ML,UNİQONE™ Hindistan Cevizi Kokulu,https://static.ticimax.cloud/cdn-cgi/image/width=76,quality=85/53520/uploads/urunresimleri/buyuk/rp-uniqone-ht-coco-v2-150-ml-a5367b.jpeg,SAÇ BAKIM ÜRÜNLERİ > SPREY > ,REVLON,TL740,00
RP UNIQONE HT GREEN TEA V2 150 ML,UNİQONE™ Yeşil Çay Kokusu,https://static.ticimax.cloud/cdn-cgi/image/width=76,quality=85/53520/uploads/urunresimleri/buyuk/rp-uniqone-ht-green-tea-v2-150-ml-3e-4a6.jpeg,SAÇ BAKIM ÜRÜNLERİ > SPREY > ,REVLON,TL740,00
RP UNIQONE HT LOTUS V2 150 ML,UNİQONE™ Lotus Çiçeği Kokulu,https://static.ticimax.cloud/cdn-cgi/image/width=76,quality=85/53520/uploads/urunresimleri/buyuk/rp-uniqone-ht-lotus-v2-150-ml-9a4e6b.jpeg,SAÇ BAKIM ÜRÜNLERİ > SPREY > ,REVLON,TL740,00
Russian Amber Imperial Conditioner 60 ML,Ultra güçlü saç kremi, hasar görmüş saçları derinlemesine iyileştirir ve renginizin canlı görünmesini sağlar. Rus kehribarının sıcak, duyulara hitap eden notalarıyla saçlarınızı şımartın. En kuru saç telleri bile ışıltılı, canlı ve yenilenmiş bir görünümle kavuşur. Tüm saç tipleri için uygundur.,https://static.ticimax.cloud/cdn-cgi/image/width=76,quality=85/53520/uploads/urunresimleri/buyuk/russian-amber-imperial-conditioner-60--3bd7af.jpeg,SAÇ BAKIM ÜRÜNLERİ > KREM > ,PHILIP B,TL3.310,00
Sensiderm Scalp Tonic 150 ML,Nemlendirici etkisi ile tahriş olmuş saç derisi için yoğun yatıştırıcı. Tahriş olmuş saç derisindeki kızarıklığı, sıkılığı ve kaşıntıyı hafifletir. Kepeklerin azaltılmasına ve saç derisi bariyerinin güçlendirilmesine yardımcı olur. Saç derisinin doğal dengesini destekler.,https://static.ticimax.cloud/cdn-cgi/image/width=76,quality=85/53520/uploads/urunresimleri/buyuk/sensiderm-scalp-tonic-150-ml-090-cf.jpeg,SAÇ BAKIM ÜRÜNLERİ > TONİK > ,SCHRAMMEK,TL3.100,00
SERUM D'EXCEPTION 50 ML,Saç telini 230°C/446°F sıcaklığa kadar koruyan chia tohumu özü ile zenginleştirilmiş serum, saçları korur ve nemlendirir, kırık uçların oluşumunu önlemeye çalışırken, saçı disipline eder. Vegan, formülünün %97'si doğal kökenli bileşenlerden oluşmaktadır.Bu ısı koruyucu serum ultra eriyen ve hafif dokusu, saça anında nüfuz eder ve portakal çiçeği kokusuyla saçı canlandırır.Silikon içermez - Mineral yağ içermez - Vegan,https://static.ticimax.cloud/cdn-cgi/image/width=76,quality=85/53520/uploads/urunresimleri/buyuk/serum-dexception-50-ml-dcdf7c.jpeg,SAÇ BAKIM ÜRÜNLERİ > SERUM > ,LAZARTIGUE,TL1.115,00
SÉRUM DE SOIE SUBLIMATEUR 75 ML,İpek Proteini : Nemlendirir, Yatıştırır. Organik Fındık Yağı : Nemlendirir, Yatıştırır. Kahverengi Deniz Yosunu Özü : B,C Ve E Vitaminleri Açısından Zengin, Elementler Açısından Zengin, Güçlendirir. Badem Proteini Ve Organik Yağ : Korur, Güçlendirir, E Vitamini Ve Omega 9 Açısından Zengin. Vanilya Özü : Nemlendirir, Yaşlanma Karşıtı. Organik Karanja Yağı : Güneşten Korunma Sağlar, Yaşlanma Karşıtı, Antienflamatuvar.,https://static.ticimax.cloud/cdn-cgi/image/width=76,quality=85/53520/uploads/urunresimleri/buyuk/srum-de-soie-sublimateur-75-ml-8f4-f9.jpeg,SAÇ BAKIM ÜRÜNLERİ > SERUM > ,LEONOR GREYL,TL1.490,00
SERUM ENERGISANT 50 ML,Konsantre formül, alkol içermez, saçı kurutmaz.,https://static.ticimax.cloud/cdn-cgi/image/width=76,quality=85/53520/uploads/urunresimleri/buyuk/serum-energisant-50-ml-f21-e5.png,SAÇ BAKIM ÜRÜNLERİ > SERUM > ,LEONOR GREYL,TL4.500,00
SERUM REVITALISANT FORTIFIANT 60 ML,Saç derisi için canlandırıcı ve güçlendirici serum. Yüksek konsantrasyondaki mineraller,vitaminler, bitki özleri ve proteinlerden oluşan içeriği ile saç dökülmesini yavaşlatmaya ve daha güçlü, daha yoğun saçlara sahip olmaya yardımcı olur. Saçların daha dirençli olmasını ve saçın gri görünmesini yavaşlatır. Saç derisini yatıştırır, saça hacim ve yoğunluk kazandrır. Saçlar günden güne güçlenerek daha güzel ve parlak bir hale gelir. Bu güçlü ürün, kuru ya da nemli saça, kısım kısım (saç derisi üzerine üç damla) uygulamak ve ardından parmak uçlarıyla, özellikle saçların döküldüğü kısımlara parmak uçlarınızla masajla yedirmek üzere tasarlanmıştır. Bu gerçekten yoğun bakım, bir ay boyunca her gün, sonraki iki ay ise bakım için haftada iki kez uygulanmalıdır.,https://static.ticimax.cloud/cdn-cgi/image/width=76,quality=85/53520/uploads/urunresimleri/buyuk/serum-revitalisant-fortifiant-60-ml-13af56.jpeg,https://static.ticimax.cloud/cdn-cgi/image/width=76,quality=85/53520/uploads/urunresimleri/buyuk/serum-revitalisant-fortifiant-60-ml-6d53d7.jpeg,https://static.ticimax.cloud/cdn-cgi/image/width=76,quality=85/53520/uploads/urunresimleri/buyuk/serum-revitalisant-fortifiant-60-ml-0-afab.jpeg,SAÇ BAKIM ÜRÜNLERİ > SERUM > ,SISLEY,TL8.820,00
Shampoo - Aloe Vera 400 ML,Aloe Vera Şampuanı, antioksidan özelliği ile bilinen Organik Aloe Vera içeren doğal bir şampuandır. Aloe Vera' nın saç ve hassas cilt için doğal faydalarından yararlanan bu besleyici şampuan, nemlendirici etkisi ile kepek oluşumunu önlemek ve kuru, kaşıntılı, kabuklu saç derisini rahatlatmak için idealdir.,https://static.ticimax.cloud/cdn-cgi/image/width=76,quality=85/53520/uploads/urunresimleri/buyuk/shampoo-aloe-vera-400-ml-6a-ae0.jpeg,SAÇ BAKIM ÜRÜNLERİ > ŞAMPUAN > ,FAITH IN NATURE,TL365,00
Shampoo - Avocado 400 ML,Herşey bir Avokado çekirdeği ile başladı.,https://static.ticimax.cloud/cdn-cgi/image/width=76,quality=85/53520/uploads/urunresimleri/buyuk/shampoo-avocado-400-ml-4fa1-9.jpeg,SAÇ BAKIM ÜRÜNLERİ > ŞAMPUAN > ,FAITH IN NATURE,TL365,00
Shampoo - Coconut 400 ML,Hindistan Cevizi Şampuanı, onarıcı nitelikleriyle bilinen Organik Hindistan Cevizi Yağı içeren doğal bir şampuandır. Hindistan cevizi yağının saç için doğal faydalarından yararlanan bu nemlendirici şampuan, yıpranmış saçları onarmaya yardımcı olur. İçerisindeki tropikal aromalarla saçınızı doğal olarak besler.,https://static.ticimax.cloud/cdn-cgi/image/width=76,quality=85/53520/uploads/urunresimleri/buyuk/shampoo-coconut-400-ml-1eb547.jpeg,SAÇ BAKIM ÜRÜNLERİ > ŞAMPUAN > ,FAITH IN NATURE,TL365,00
Shampoo - Dragon Fruit 400 ML,Ejder Meyvesi Şampuanı, zayıf, hasar görmüş veya boyalı saçlara özel olarak tasarlanmıştır. Antioksidan açısından zengin ejder meyvesinin muhteşem faydalarını içeren bu formül, saçlarınıza güçlendirici bir etki sunar. Saçlarınız daha güçlü, canlı ve ipeksi bir görünüm kazanırken matlık probleminin de önüne geçer. Aynı zamanda saçlarınıza yoğun bir nem katarak besler ve parlak bir görünüm kazandırır.,https://static.ticimax.cloud/cdn-cgi/image/width=76,quality=85/53520/uploads/urunresimleri/buyuk/shampoo-dragon-fruit-400-ml-5a4bfb.jpeg,SAÇ BAKIM ÜRÜNLERİ > ŞAMPUAN > ,FAITH IN NATURE,TL365,00
Shampoo - Grapefruit & Orange 400 ML,Greyfurt & Portakal Şampuanı, greyfurt ve organik portakal esansiyel yağlarını saçı nazikçe temizlemek ve canlandırmak için harmanlayan doğal bir şampuandır. Saçlarda tazelik ve harika bir koku bırakır.,https://static.ticimax.cloud/cdn-cgi/image/width=76,quality=85/53520/uploads/urunresimleri/buyuk/shampoo-grapefruit-orange-400-ml-3b6a2-.jpeg,SAÇ BAKIM ÜRÜNLERİ > ŞAMPUAN > ,FAITH IN NATURE,TL365,00
Shampoo - Jojoba 400 ML,Jojoba Şampuanı, kuru, kıvırcık veya boyalı saçları onarmak için Jojoba yağının birçok faydasından yararlanarak saçlarınızı parlak, beslenmiş ve daha kolay yönetilebilir hale getirir. Jojoba yağı, kepek önleyici özellikleriyle de bilinir. Saç ve saç derisindeki doğal yağları ve pH dengesini eşitler böylece kaşıntılı ve kabuklu saç derisini rahatlatır ve kepek oluşumunu önlemeye yardımcı olur. Aynı zamanda saç kuruluğunu da azaltır.,https://static.ticimax.cloud/cdn-cgi/image/width=76,quality=85/53520/uploads/urunresimleri/buyuk/shampoo-jojoba-400-ml--a2ba-.jpeg,SAÇ BAKIM ÜRÜNLERİ > ŞAMPUAN > ,FAITH IN NATURE,TL365,00
Shampoo - Lavender & Geranium 400 ML,Lavanta & Sardunya Şampuanımız, saç derisini rahatlatmak için lavantanın sakinleştirici özelliğinden yararlanan doğal bir şampuandır. Lavanta yağının kuru, kaşıntılı saç derisini nemlendirdiği, saçı daha dolgun, yumuşak ve sağlıklı bıraktığı bilinmektedir.,https://static.ticimax.cloud/cdn-cgi/image/width=76,quality=85/53520/uploads/urunresimleri/buyuk/shampoo-lavender-geranium-400-ml-05beb-.jpeg,SAÇ BAKIM ÜRÜNLERİ > ŞAMPUAN > ,FAITH IN NATURE,TL365,00
Shampoo - Lemon & Tea Tree 400 ML,Limon & Çay Ağacı Şampuanı, saçları temizlemek ve canlandırmak için Organik Limon ve Çay Ağacı Yağını harmanlayan doğal bir şampuandır. Çay ağacı yağının saçlar ve hassas ciltler için doğal faydalarından yararlanan bu şampuan, kepek oluşumunu önlemeye ve saç derisinin rahatlatmasına yardımcı olur.,https://static.ticimax.cloud/cdn-cgi/image/width=76,quality=85/53520/uploads/urunresimleri/buyuk/shampoo-lemon-tea-tree-400-ml--9aab-.jpeg,SAÇ BAKIM ÜRÜNLERİ > ŞAMPUAN > ,FAITH IN NATURE,TL365,00
Shampoo - Rosemary 400 ML,Biberiye Şampuanı, biberiye yağının saç ve saç derisini canlandırmak gibi birçok faydasından yararlanan organik bir şampuandır. Biberiye, saç uzamasını desteklerken nemlendirici özelliğiyle kuru, kaşıntılı saç derisini rahatlatır. Saçınıza dolgunluk kazandırır, yumuşaklık ve sağlık katar.,https://static.ticimax.cloud/cdn-cgi/image/width=76,quality=85/53520/uploads/urunresimleri/buyuk/shampoo-rosemary-400-ml-6b-8e5.jpeg,SAÇ BAKIM ÜRÜNLERİ > ŞAMPUAN > ,FAITH IN NATURE,TL365,00
Shampoo - Wild Rose 400 ML,Yabani Gül Şampuanı, zarar görmüş saçları onarmak ve kuru, kaşıntılı saç derişini nemlendirerek saçları daha dolgun, daha yumuşak ve daha sağlıklı hale getirmek amacıyla Kuşburnu yağının canlandırıcı faydalarından yararlanır. Bu şampuan, saçları beslemek için özel olarak formüle edilmiştir.,https://static.ticimax.cloud/cdn-cgi/image/width=76,quality=85/53520/uploads/urunresimleri/buyuk/shampoo-wild-rose-400-ml--48a8-.jpg,SAÇ BAKIM ÜRÜNLERİ > ŞAMPUAN > ,FAITH IN NATURE,TL365,00
Shampoo Balm ‐ Nourishing Repair ‐Tiara scent 150 ML,Hei Poa tahiti monoi balsam şampuanı, kuru ve hasarlı saçları onarır ve pürüzsüzleştirir.,https://static.ticimax.cloud/cdn-cgi/image/width=76,quality=85/53520/uploads/urunresimleri/buyuk/shampoo-balm-nourishing-repair-tiara-s-e19-ca.jpeg,SAÇ BAKIM ÜRÜNLERİ > ŞAMPUAN > ,HEI POA,TL264,00
SHAMPOOING AU MIEL 120 ML,Fransız Gülü Özü, Yatıştırır, Yumuşatır, C Vitamini Açısından Zengin, Parlaklığı Arttırır. Lavanta Balı: Korur, Nemlendirir. Antioksidan Ve Antibakteriyel Buğday Proteini Özü:Nemlendirir, Korur, Güçlendirir.,https://static.ticimax.cloud/cdn-cgi/image/width=76,quality=85/53520/uploads/urunresimleri/buyuk/shampooing-au-miel-120-ml-948a3d.jpeg,SAÇ BAKIM ÜRÜNLERİ > ŞAMPUAN > ,LEONOR GREYL,TL1.400,00
SHAMPOOING CRÈME MOELLE DE BAMBOU 200 ML,Bambu Filizi Özü : Güçlendirir, Elementler Açısından Zengin. Buğday Proteini Özü : Nemlendirir, Korur, Güçlendirir. Sarımsak Özü : Antibakteriyel, Arındırıcı, İz Açısından Zengin Elementler, Detoksifikasyona Yardımcı Olur,https://static.ticimax.cloud/cdn-cgi/image/width=76,quality=85/53520/uploads/urunresimleri/buyuk/shampooing-cr-me-moelle-de-bambou-200--7-bda6.jpeg,SAÇ BAKIM ÜRÜNLERİ > ŞAMPUAN > ,LEONOR GREYL,TL1.700,00
SHAMPOOING ENERGISANT 200 ML,https://static.ticimax.cloud/cdn-cgi/image/width=76,quality=85/53520/uploads/urunresimleri/buyuk/shampooing-energisant-200-ml-cda-fa.png,SAÇ BAKIM ÜRÜNLERİ > ŞAMPUAN > ,TL3.150,00
SHAMPOOING REVIVISCENCE 200 ML,Amaranthe Özü : Amino Asitler Açısından Zengin , Elementler Açısından Zengin Deniz Lahana Özü : Canlandırır Kinoa Özü : Yumuşatır, Korur, Güçlendirir,https://static.ticimax.cloud/cdn-cgi/image/width=76,quality=85/53520/uploads/urunresimleri/buyuk/shampooing-reviviscence-200-ml--b45c-.jpeg,SAÇ BAKIM ÜRÜNLERİ > ŞAMPUAN > ,LEONOR GREYL,TL2.500,00
SHAMPOOING SUBLIME MÈCHES 200 ML,Amaranthe Özü: Amino Asitler Açısından Zengin , Elementler Açısından Zengin Deniz Lahana Özü : Canlandırır Kinoa Özü : Yumuşatır, Korur, Güçlendirir Papatya Özü Yatıştırır, Anti-İltihaplı, Antibakteriyel,https://static.ticimax.cloud/cdn-cgi/image/width=76,quality=85/53520/uploads/urunresimleri/buyuk/shampooing-sublime-m-ches-200-ml-7b1802.jpeg,SAÇ BAKIM ÜRÜNLERİ > ŞAMPUAN > ,LEONOR GREYL,TL1.850,00
SHAMPOOING TRAITANT DERMO-APAISANT 250 ml,Shampooing Traitant Dermo-Apaisant, cildin doğal dengesini korur ve en hassas saç derilerine bile uygun bir bakı sağlar. Yatıştırıcı ve yenileyici aktif bileşenleri, kaşıntılı saç derisini yatıştırır ve rahatlatır.,https://static.ticimax.cloud/cdn-cgi/image/width=76,quality=85/53520/uploads/urunresimleri/buyuk/shampooing-traitant-dermo-apaisant-250-e4-da8.jpeg,SAÇ BAKIM ÜRÜNLERİ > ŞAMPUAN > ,BIOLOGIQUE R.,
SHAMPOOING TRAITANT SEBO-REEQUILIBRANT 250 ml,Shampooing Traitant Sébo-Rééquilibrant, etkili saç bakımını hassas saç derisine uygun yumuşak bir formülle birleştirir. Arındırıcı, temizleyici ve sebo düzenleyici aktif bileşenleri sayesinde, saç derisini tamamen temizler ve yeniden yağlanmaya daha az eğilimli hale getirir.,https://static.ticimax.cloud/cdn-cgi/image/width=76,quality=85/53520/uploads/urunresimleri/buyuk/shampooing-traitant-sebo-reequilibrant-c75d-4.jpeg,SAÇ BAKIM ÜRÜNLERİ > ŞAMPUAN > ,BIOLOGIQUE R.,
SHAMPOOING TRAITANT VIP O2 250 ml,Şampuanlama Traitant VIP O2, saç derisindeki ve saç uzunluklarındaki kirletici parçacıkları ortadan kaldırarak kirlilik önleyici saç bakımı sağlar. Oksijen içeriği tükenmiş hücreleri yenileyerek hücre solunumunu uyarır.,https://static.ticimax.cloud/cdn-cgi/image/width=76,quality=85/53520/uploads/urunresimleri/buyuk/shampooing-traitant-vip-o2-250-ml-5f0f-4.jpeg,SAÇ BAKIM ÜRÜNLERİ > ŞAMPUAN > ,BIOLOGIQUE R.,
SOIN LAVANT ANTIPELLICULAIRE APAISANT N5 200 ML,Saç derisi için ultra yüksek performanslı kepek önleyici formüllü şampuan. Nazikçe temizler ve saçlı deriyi tahriş etmeden arındırır. Anında tazelik hissi ve ilk uygulamadan itibaren çok daha az kepek görünür. Saç daha hafif ve daha esnektir. İçeriğinde Piroctone Olamine, Kereviz tohumu, Adaçayı extract, Exotic Verbena temel yağları ve Doğal kökenli Alpha Bisabolol bulunur. 3x haftada 3 gün – 3 dakika bekletilir ve ardından durulanır.,https://static.ticimax.cloud/cdn-cgi/image/width=76,quality=85/53520/uploads/urunresimleri/buyuk/soin-lavant-antipelliculaire-apaisant---a38d-.jpeg,https://static.ticimax.cloud/cdn-cgi/image/width=76,quality=85/53520/uploads/urunresimleri/buyuk/soin-lavant-antipelliculaire-apaisant--deaf84.jpeg,https://static.ticimax.cloud/cdn-cgi/image/width=76,quality=85/53520/uploads/urunresimleri/buyuk/soin-lavant-antipelliculaire-apaisant--340a73.jpeg,SAÇ BAKIM ÜRÜNLERİ > ŞAMPUAN > ,SISLEY,TL3.525,00
SOIN LAVANT DOUX PURETE 200 ML,Java Çay özü ile zenginleştirilmiş nazik ve arındırıcı formüllü saç şampuanı. Saç derisini nazikçe temizler ve tazeler. Saç derinde bulunan ve saç yüzeyinde bulunan kirleri, sebumu ve şekillendirici ürün kalıntılarını anında yok ederek taze ve hoş kokulu bir iz bırakır. İçeriğinde Java çayı ekstresi ve esansiyal yağlarla zenginleştirilmiştir.,https://static.ticimax.cloud/cdn-cgi/image/width=76,quality=85/53520/uploads/urunresimleri/buyuk/soin-lavant-doux-purete-200-ml-3-a512.jpeg,https://static.ticimax.cloud/cdn-cgi/image/width=76,quality=85/53520/uploads/urunresimleri/buyuk/soin-lavant-doux-purete-200-ml-c-1424.jpeg,https://static.ticimax.cloud/cdn-cgi/image/width=76,quality=85/53520/uploads/urunresimleri/buyuk/soin-lavant-doux-purete-200-ml-ba94-9.jpeg,SAÇ BAKIM ÜRÜNLERİ > ŞAMPUAN > ,SISLEY,TL3.525,00
SOIN LAVANT PERFECTEUR DE COULEUR N4 200 ML,Hibiskus çiçeği özleri ile zenginleştirilmiş renk koruyucu şampuan. Boyalı saçlar için rengin parlaklığını korumak ve yoğunluğunu artırmak için yeni bir şampuan.Güzel ve hoş bir kokunun ötesinde olan bu bileşim besleyiciliğiyle saçınızın canlılığına destek sağlayan doğal bileşenleri (Hinoki, Mimoza, defne romu) içerir. Su ile temas ettiğinde ince ve zengin bir köpüğe dönüşen akışkan inci renkli yapıdadır. Sülfat içermez.,https://static.ticimax.cloud/cdn-cgi/image/width=76,quality=85/53520/uploads/urunresimleri/buyuk/soin-lavant-perfecteur-de-couleur-n4-2-1336b5.jpeg,https://static.ticimax.cloud/cdn-cgi/image/width=76,quality=85/53520/uploads/urunresimleri/buyuk/soin-lavant-perfecteur-de-couleur-n4-2-4-4ea4.jpeg,https://static.ticimax.cloud/cdn-cgi/image/width=76,quality=85/53520/uploads/urunresimleri/buyuk/soin-lavant-perfecteur-de-couleur-n4-2-f1e6a7.jpeg,SAÇ BAKIM ÜRÜNLERİ > ŞAMPUAN > ,SISLEY,TL3.525,00
SOIN LAVANT REVITALISANT DISCIPLINANT N2 200 ML,Makademya yağı içeren yatıştırıcı ve yumuşaklık sağlayıcı şampuan. Saçınızı nazikçe temizleyerek, saç derisi ve saç canlılığı için gerekli vitamin ve mineralleri sağlar. Sülfat içermeyen formülü, ultra yumuşak aktifler ile zenginleştirilmiştir. Saçı kökten uca canlılık kazandırır ve asi saçları yatırştırarak kolay şekil almasını sağlamada yardımcı olur.,https://static.ticimax.cloud/cdn-cgi/image/width=76,quality=85/53520/uploads/urunresimleri/buyuk/soin-lavant-revitalisant-disciplinant--91bf-3.jpeg,https://static.ticimax.cloud/cdn-cgi/image/width=76,quality=85/53520/uploads/urunresimleri/buyuk/soin-lavant-revitalisant-disciplinant--7303-d.jpeg,https://static.ticimax.cloud/cdn-cgi/image/width=76,quality=85/53520/uploads/urunresimleri/buyuk/soin-lavant-revitalisant-disciplinant--0b-421.jpeg,SAÇ BAKIM ÜRÜNLERİ > ŞAMPUAN > ,TL3.525,00
SOIN LAVANT REVITALISANT VOLUMATEUR N1 200 ML,Kamelya yağı içeren canlandırıcı ve hacimlendirici şampuan. Saçınızı nazikçe temizleyerek, saç derisi ve saç canlılığı için gerekli vitamin ve mineralleri sağlar. Sülfat içermeyen formülü, ultra yumuşak aktifler ile zenginleştirilmiştir. Aktif saç bakım bileşenleri ile zengin bu şampuan, dipden uca kadar saçlara hacim kazandırır.,https://static.ticimax.cloud/cdn-cgi/image/width=76,quality=85/53520/uploads/urunresimleri/buyuk/soin-lavant-revitalisant-volumateur-n1-efe-a0.jpeg,https://static.ticimax.cloud/cdn-cgi/image/width=76,quality=85/53520/uploads/urunresimleri/buyuk/soin-lavant-revitalisant-volumateur-n1-531eee.jpeg,https://static.ticimax.cloud/cdn-cgi/image/width=76,quality=85/53520/uploads/urunresimleri/buyuk/soin-lavant-revitalisant-volumateur-n1-f78-27.jpeg,SAÇ BAKIM ÜRÜNLERİ > ŞAMPUAN > ,SISLEY,TL3.525,00
SOIN LAVANT REVITALIZING N3 200 ML,Moringa yağı ile zenginleştirilmiş düzleştirici ve yumuşaklık sağlayıcı şampuan. Formülü saç derisinin ve saçın canlılığı için gerekli vitamin ve mineralleri sağlarken saçı nazikçe temizler. Aktif bileşenlerin etkinliğini tamamlamak için tasarlanmış tazeleyici kokuya sahiptir. Saçlar parlak ve enerji dolu görünür. Gözle görünür şekilde saç daha düz ve dalgalar kontrollu hale gelir. Su ile temas ettiğinde ince ve zengin bir köpüğe dönüşen akışkan yapıdadır.,https://static.ticimax.cloud/cdn-cgi/image/width=76,quality=85/53520/uploads/urunresimleri/buyuk/soin-lavant-revitalizing-n3-200-ml-379-9f.jpeg,https://static.ticimax.cloud/cdn-cgi/image/width=76,quality=85/53520/uploads/urunresimleri/buyuk/soin-lavant-revitalizing-n3-200-ml-83f-8b.jpeg,https://static.ticimax.cloud/cdn-cgi/image/width=76,quality=85/53520/uploads/urunresimleri/buyuk/soin-lavant-revitalizing-n3-200-ml-4018c-.jpeg,SAÇ BAKIM ÜRÜNLERİ > ŞAMPUAN > ,SISLEY,TL3.525,00
SOVITAL Hair Vitamins 60 Gummy,SOVITAL Saç Vitamini içerisinde saçların ihtiyacı olan 11 bileşeni bulunduran besin takviyesidir. İsviçre patentli formülü, güzel, uzun, parlak ve sağlıklı saçlar için özel olarak tasarlanmıştır.,https://static.ticimax.cloud/cdn-cgi/image/width=76,quality=85/53520/uploads/urunresimleri/buyuk/sovital-hair-vitamins-60-gummy-6d-95f.jpeg,BESİN TAKVİYELERİ > KAPSÜL > ,SOVITAL,TL1.250,00
Straightening Baume 178 ML,Güçlü jelimiz bukleleri ve dalgaları muhteşem düz ve şık görünen stillere dönüştürmeyi kolaylaştırır.,https://static.ticimax.cloud/cdn-cgi/image/width=76,quality=85/53520/uploads/urunresimleri/buyuk/straightening-baume-178-ml-e83-ab.jpeg,SAÇ BAKIM ÜRÜNLERİ > SAÇ ŞEKİLLENDİRİCİ > ,PHILIP B,TL1.732,00
Styling Gel 178 ML,Esnek, yumuşak tutuşlu jel, saça esnek kontrolle belirgin, hacimli bir görünüm kazandırır.,https://static.ticimax.cloud/cdn-cgi/image/width=76,quality=85/53520/uploads/urunresimleri/buyuk/styling-gel-178-ml-516-4c.jpeg,SAÇ BAKIM ÜRÜNLERİ > SAÇ ŞEKİLLENDİRİCİ > ,PHILIP B,TL1.324,00
Tangle Teezer - Back Combing Pink,Marka,https://static.ticimax.cloud/cdn-cgi/image/width=76,quality=85/53520/uploads/urunresimleri/buyuk/tangle-teezer-back-combing-pink-d0-005.jpeg,SAÇ BAKIM ÜRÜNLERİ > TARAK & FIRÇALAR > ,TANGLE TEEZER,TL565,00
Tangle Teezer - Compact Styler Baby Blue Chrome,• Tangle Teezer Compact Styler, dişlerini korumaya yardımcı olan çıkarılabilir bir kapağa sahiptir bu özelliği ve ideal boyutu sayesinde çantanızda, arabanızda, seyahatleriniz yanınızda taşımaya çok uygundur.,https://static.ticimax.cloud/cdn-cgi/image/width=76,quality=85/53520/uploads/urunresimleri/buyuk/tangle-teezer-compact-styler-baby-blue-79-44b.jpeg,SAÇ BAKIM ÜRÜNLERİ > TARAK & FIRÇALAR > ,TANGLE TEEZER,TL665,00
Tangle Teezer - Compact Styler Chameleon Blue,• Tangle Teezer Compact Styler, dişlerini korumaya yardımcı olan çıkarılabilir bir kapağa sahiptir bu özelliği ve ideal boyutu sayesinde çantanızda, arabanızda, seyahatleriniz yanınızda taşımaya çok uygundur.,https://static.ticimax.cloud/cdn-cgi/image/width=76,quality=85/53520/uploads/urunresimleri/buyuk/tangle-teezer-compact-styler-chameleon-d8fadf.jpeg,SAÇ BAKIM ÜRÜNLERİ > TARAK & FIRÇALAR > ,TANGLE TEEZER,TL665,00
Tangle Teezer - Compact Styler Cyber Gold,• Tangle Teezer Compact Styler, dişlerini korumaya yardımcı olan çıkarılabilir bir kapağa sahiptir bu özelliği ve ideal boyutu sayesinde çantanızda, arabanızda, seyahatleriniz yanınızda taşımaya çok uygundur.,https://static.ticimax.cloud/cdn-cgi/image/width=76,quality=85/53520/uploads/urunresimleri/buyuk/tangle-teezer-compact-styler-cyber-gol-ae8612.jpeg,SAÇ BAKIM ÜRÜNLERİ > TARAK & FIRÇALAR > ,TANGLE TEEZER,TL665,00
Tangle Teezer - Compact Styler Holographic Pink,• Tangle Teezer Compact Styler, dişlerini korumaya yardımcı olan çıkarılabilir bir kapağa sahiptir bu özelliği ve ideal boyutu sayesinde çantanızda, arabanızda, seyahatleriniz yanınızda taşımaya çok uygundur.,https://static.ticimax.cloud/cdn-cgi/image/width=76,quality=85/53520/uploads/urunresimleri/buyuk/tangle-teezer-compact-styler-holograph-2fc11e.jpeg,SAÇ BAKIM ÜRÜNLERİ > TARAK & FIRÇALAR > ,TANGLE TEEZER,TL665,00
Tangle Teezer - Compact Styler Matte Ombre Chrome,• Tangle Teezer Compact Styler, dişlerini korumaya yardımcı olan çıkarılabilir bir kapağa sahiptir bu özelliği ve ideal boyutu sayesinde çantanızda, arabanızda, seyahatleriniz yanınızda taşımaya çok uygundur.,https://static.ticimax.cloud/cdn-cgi/image/width=76,quality=85/53520/uploads/urunresimleri/buyuk/tangle-teezer-compact-styler-matte-omb-4b-19c.jpeg,SAÇ BAKIM ÜRÜNLERİ > TARAK & FIRÇALAR > ,TANGLE TEEZER,TL665,00
Tangle Teezer - Compact Styler Pina Collada,• Tangle Teezer Compact Styler, dişlerini korumaya yardımcı olan çıkarılabilir bir kapağa sahiptir bu özelliği ve ideal boyutu sayesinde çantanızda, arabanızda, seyahatleriniz yanınızda taşımaya çok uygundur.,https://static.ticimax.cloud/cdn-cgi/image/width=76,quality=85/53520/uploads/urunresimleri/buyuk/tangle-teezer-compact-styler-pina-coll-47bd-9.jpeg,SAÇ BAKIM ÜRÜNLERİ > TARAK & FIRÇALAR > ,TANGLE TEEZER,TL665,00
Tangle Teezer - Compact Styler Pink Matte Chrome,• Tangle Teezer Compact Styler, dişlerini korumaya yardımcı olan çıkarılabilir bir kapağa sahiptir bu özelliği ve ideal boyutu sayesinde çantanızda, arabanızda, seyahatleriniz yanınızda taşımaya çok uygundur.,https://static.ticimax.cloud/cdn-cgi/image/width=76,quality=85/53520/uploads/urunresimleri/buyuk/tangle-teezer-compact-styler-pink-matt-a003-6.jpeg,SAÇ BAKIM ÜRÜNLERİ > TARAK & FIRÇALAR > ,TANGLE TEEZER,TL665,00
Tangle Teezer - Compact Styler Rainbow Galore,• Tangle Teezer Compact Styler, dişlerini korumaya yardımcı olan çıkarılabilir bir kapağa sahiptir bu özelliği ve ideal boyutu sayesinde çantanızda, arabanızda, seyahatleriniz yanınızda taşımaya çok uygundur.,https://static.ticimax.cloud/cdn-cgi/image/width=76,quality=85/53520/uploads/urunresimleri/buyuk/tangle-teezer-compact-styler-rainbow-g-b4-4fb.jpeg,SAÇ BAKIM ÜRÜNLERİ > TARAK & FIRÇALAR > ,TANGLE TEEZER,TL665,00
Tangle Teezer - Easy Dry & Go Jet Black,• Tangle Teezer Easy Dry&Go serisi havalandırma kanallı fön fırçası, hızlı ve kolay fön çekmeyi sağlayan, heyecan verici ürünlerimizdendir.,https://static.ticimax.cloud/cdn-cgi/image/width=76,quality=85/53520/uploads/urunresimleri/buyuk/tangle-teezer-easy-dry-go-jet-black-aa82-b.jpeg,SAÇ BAKIM ÜRÜNLERİ > TARAK & FIRÇALAR > ,TANGLE TEEZER,TL685,00
Tangle Teezer - Easy Dry & Go Large Lilac,• Tangle Teezer Easy Dry&Go serisi havalandırma kanallı fön fırçası, hızlı ve kolay fön çekmeyi sağlayan, heyecan verici ürünlerimizdendir.,https://static.ticimax.cloud/cdn-cgi/image/width=76,quality=85/53520/uploads/urunresimleri/buyuk/tangle-teezer-easy-dry-go-large-lilac-a798-f.jpeg,SAÇ BAKIM ÜRÜNLERİ > TARAK & FIRÇALAR > ,TANGLE TEEZER,TL765,00
Tangle Teezer - Easy Dry & Go Ocean Blue,• Tangle Teezer Easy Dry&Go serisi havalandırma kanallı fön fırçası, hızlı ve kolay fön çekmeyi sağlayan, heyecan verici ürünlerimizdendir.,https://static.ticimax.cloud/cdn-cgi/image/width=76,quality=85/53520/uploads/urunresimleri/buyuk/tangle-teezer-easy-dry-go-ocean-blue-89af7b.jpeg,SAÇ BAKIM ÜRÜNLERİ > TARAK & FIRÇALAR > ,TANGLE TEEZER,TL685,00
Tangle Teezer - Easy Dry & Go Sweet Pea (Mint),• Tangle Teezer Easy Dry&Go serisi havalandırma kanallı fön fırçası, hızlı ve kolay fön çekmeyi sağlayan, heyecan verici ürünlerimizdendir.,https://static.ticimax.cloud/cdn-cgi/image/width=76,quality=85/53520/uploads/urunresimleri/buyuk/tangle-teezer-easy-dry-go-sweet-pea-mi-5-8cad.jpeg,SAÇ BAKIM ÜRÜNLERİ > TARAK & FIRÇALAR > ,TANGLE TEEZER,TL685,00
Tangle Teezer - Easy Dry & Go Tickled Pink (Dusky Pink),• Tangle Teezer Easy Dry&Go serisi havalandırma kanallı fön fırçası, hızlı ve kolay fön çekmeyi sağlayan, heyecan verici ürünlerimizdendir.,https://static.ticimax.cloud/cdn-cgi/image/width=76,quality=85/53520/uploads/urunresimleri/buyuk/tangle-teezer-easy-dry-go-tickled-pink-0-341e.jpeg,SAÇ BAKIM ÜRÜNLERİ > TARAK & FIRÇALAR > ,TANGLE TEEZER,TL685,00
Tangle Teezer - Naturally Curly Wet Hair Orange / Pink,Tangle Teezer markasının en yeni ürünlerinden biri olan Wet Detangler , ıslak saçlar için tasarlanmış saçlardaki düğümleri ve karışıklıkları güvenli bir şekilde açarken kırılmayı engellemeye de yardımcı olur.,https://static.ticimax.cloud/cdn-cgi/image/width=76,quality=85/53520/uploads/urunresimleri/buyuk/tangle-teezer-naturally-curly-wet-hair-d2d76f.jpeg,SAÇ BAKIM ÜRÜNLERİ > TARAK & FIRÇALAR > ,TANGLE TEEZER,TL620,00
Tangle Teezer - Original Fine & Fragile Pink / Coral,Tangle Teezer markasının Fine & Fragile serisi özellikle hassas, ince telli, kırılgan ya da işlem görmüş, boyalı saçların taranırken yıpratma, koparma korkusunu ortadan kaldırmak için tasarlanmıştır.,https://static.ticimax.cloud/cdn-cgi/image/width=76,quality=85/53520/uploads/urunresimleri/buyuk/tangle-teezer-original-fine-fragile-pi-e09cae.jpeg,SAÇ BAKIM ÜRÜNLERİ > TARAK & FIRÇALAR > ,TANGLE TEEZER,TL510,00
Tangle Teezer - Original Pink / Purple,Tangle Teezer markasının ilk ürünlerinden olan Original serisi, pek çok ödül almış bir saç fırçadır.,https://static.ticimax.cloud/cdn-cgi/image/width=76,quality=85/53520/uploads/urunresimleri/buyuk/tangle-teezer-original-pink-purple-41f059.jpeg,SAÇ BAKIM ÜRÜNLERİ > TARAK & FIRÇALAR > ,TANGLE TEEZER,TL510,00
Tangle Teezer - Original Pink Fizz,Tangle Teezer markasının ilk ürünlerinden olan Original serisi, pek çok ödül almış bir saç fırçadır.,https://static.ticimax.cloud/cdn-cgi/image/width=76,quality=85/53520/uploads/urunresimleri/buyuk/tangle-teezer-original-pink-fizz-50-86c.jpeg,SAÇ BAKIM ÜRÜNLERİ > TARAK & FIRÇALAR > ,TANGLE TEEZER,TL510,00
Tangle Teezer - Round Small,Marka,https://static.ticimax.cloud/cdn-cgi/image/width=76,quality=85/53520/uploads/urunresimleri/buyuk/tangle-teezer-round-small-e4e3e1.jpeg,SAÇ BAKIM ÜRÜNLERİ > TARAK & FIRÇALAR > ,TANGLE TEEZER,TL750,00
Tangle Teezer - Scalp Brush Lilac,• Tangle Teezer Scalp Serisi saça derisine masaj yaparak saç derisindeki ürün kalıntılarının, ölü hücrelerin arındırılmasına yardımcı olur. Ayrıca kan dolaşımını da hızlandırdığı için dökülme problemlerinin azalmasına destek olur.,https://static.ticimax.cloud/cdn-cgi/image/width=76,quality=85/53520/uploads/urunresimleri/buyuk/tangle-teezer-scalp-brush-lilac-c87-f5.jpeg,SAÇ BAKIM ÜRÜNLERİ > TARAK & FIRÇALAR > ,TANGLE TEEZER,TL395,00
Tangle Teezer - Scalp Brush Mint,• Tangle Teezer Scalp Serisi saça derisine masaj yaparak saç derisindeki ürün kalıntılarının, ölü hücrelerin arındırılmasına yardımcı olur. Ayrıca kan dolaşımını da hızlandırdığı için dökülme problemlerinin azalmasına destek olur.,https://static.ticimax.cloud/cdn-cgi/image/width=76,quality=85/53520/uploads/urunresimleri/buyuk/tangle-teezer-scalp-brush-mint-4f8df5.jpeg,SAÇ BAKIM ÜRÜNLERİ > TARAK & FIRÇALAR > ,TANGLE TEEZER,TL395,00
Tangle Teezer - Small Original Childrens Unicorn Multi,Marka,https://static.ticimax.cloud/cdn-cgi/image/width=76,quality=85/53520/uploads/urunresimleri/buyuk/tangle-teezer-small-original-childrens-c-0130.jpeg,SAÇ BAKIM ÜRÜNLERİ > TARAK & FIRÇALAR > ,TANGLE TEEZER,TL430,00
Tangle Teezer - Small Original Dinosaurs,Marka,https://static.ticimax.cloud/cdn-cgi/image/width=76,quality=85/53520/uploads/urunresimleri/buyuk/tangle-teezer-small-original-dinosaurs-0b294d.jpeg,SAÇ BAKIM ÜRÜNLERİ > TARAK & FIRÇALAR > ,TANGLE TEEZER,TL430,00
Tangle Teezer - Small Original Pink Unicorn,Marka,https://static.ticimax.cloud/cdn-cgi/image/width=76,quality=85/53520/uploads/urunresimleri/buyuk/tangle-teezer-small-original-pink-unic-1-1d81.jpeg,SAÇ BAKIM ÜRÜNLERİ > TARAK & FIRÇALAR > ,TANGLE TEEZER,TL430,00
Tangle Teezer - The Large Wet Detangler Peach,• Tangle Teezer markasının en yeni ürünlerinden biri olan Wet Detangler , ıslak saçlar için tasarlanmış saçlardaki düğümleri ve karışıklıkları güvenli bir şekilde açarken kırılmayı engellemeye de yardımcı olur.,https://static.ticimax.cloud/cdn-cgi/image/width=76,quality=85/53520/uploads/urunresimleri/buyuk/tangle-teezer-the-large-wet-detangler--4450-a.jpeg,SAÇ BAKIM ÜRÜNLERİ > TARAK & FIRÇALAR > ,TANGLE TEEZER,TL665,00
Tangle Teezer - The Large Wet Pink / Pink,• Tangle Teezer markasının en yeni ürünlerinden biri olan Wet Detangler , ıslak saçlar için tasarlanmış saçlardaki düğümleri ve karışıklıkları güvenli bir şekilde açarken kırılmayı engellemeye de yardımcı olur.,https://static.ticimax.cloud/cdn-cgi/image/width=76,quality=85/53520/uploads/urunresimleri/buyuk/tangle-teezer-the-large-wet-pink-pink-15999-.jpeg,SAÇ BAKIM ÜRÜNLERİ > TARAK & FIRÇALAR > ,TANGLE TEEZER,TL665,00
Tangle Teezer - Thick & Curly Azure Blue,• Tangle Teezer markasının Thick & Curly serisi kıvırcık, kalın telli ve sık dokulu saçlara özel tasarlanmıştır.,https://static.ticimax.cloud/cdn-cgi/image/width=76,quality=85/53520/uploads/urunresimleri/buyuk/tangle-teezer-thick-curly-azure-blue-58010c.jpeg,SAÇ BAKIM ÜRÜNLERİ > TARAK & FIRÇALAR > ,TANGLE TEEZER,TL510,00
Tangle Teezer - Thick & Curly Pixie Green Fondant,• Tangle Teezer markasının Thick & Curly serisi kıvırcık, kalın telli ve sık dokulu saçlara özel tasarlanmıştır.,https://static.ticimax.cloud/cdn-cgi/image/width=76,quality=85/53520/uploads/urunresimleri/buyuk/tangle-teezer-thick-curly-pixie-green---4d72-.jpeg,SAÇ BAKIM ÜRÜNLERİ > TARAK & FIRÇALAR > ,TANGLE TEEZER,TL510,00
Tangle Teezer - Ultimate Detangler Barbie Detangling,Tangle Teezer Styling Serisinden The Ultimate Saç fırçaları «Patentli diş teknolojisi» ile tüm saç tipleri için kuru şekillendirme, karışıklıkları açma ve saçlarınıza hacim, pürüzsüzlük ve parlaklık katmanıza yardımcı olarak saçlarınızı mükemmelleştirmek için tasarlanmıştır.,https://static.ticimax.cloud/cdn-cgi/image/width=76,quality=85/53520/uploads/urunresimleri/buyuk/tangle-teezer-ultimate-detangler-barbi-efc-f3.jpeg,SAÇ BAKIM ÜRÜNLERİ > TARAK & FIRÇALAR > ,TANGLE TEEZER,TL620,00
Tangle Teezer - Ultimate Detangler Mini Pink / Red (Lolipop),Tangle Teezer Styling Serisinden The Ultimate Saç fırçaları «Patentli diş teknolojisi» ile tüm saç tipleri için kuru şekillendirme, karışıklıkları açma ve saçlarınıza hacim, pürüzsüzlük ve parlaklık katmanıza yardımcı olarak saçlarınızı mükemmelleştirmek için tasarlanmıştır.,https://static.ticimax.cloud/cdn-cgi/image/width=76,quality=85/53520/uploads/urunresimleri/buyuk/tangle-teezer-ultimate-detangler-mini--1-b70f.jpeg,SAÇ BAKIM ÜRÜNLERİ > TARAK & FIRÇALAR > ,TANGLE TEEZER,TL430,00
Tangle Teezer - Ultimate Detangler Pink / Mint,Tangle Teezer Styling Serisinden The Ultimate Saç fırçaları «Patentli diş teknolojisi» ile tüm saç tipleri için kuru şekillendirme, karışıklıkları açma ve saçlarınıza hacim, pürüzsüzlük ve parlaklık katmanıza yardımcı olarak saçlarınızı mükemmelleştirmek için tasarlanmıştır.,https://static.ticimax.cloud/cdn-cgi/image/width=76,quality=85/53520/uploads/urunresimleri/buyuk/tangle-teezer-ultimate-detangler-pink--3-4d35.jpeg,SAÇ BAKIM ÜRÜNLERİ > TARAK & FIRÇALAR > ,TANGLE TEEZER,TL620,00
Tangle Teezer - Ultimate Detangler Pink / Pink (Millenial Pink),Tangle Teezer Styling Serisinden The Ultimate Saç fırçaları «Patentli diş teknolojisi» ile tüm saç tipleri için kuru şekillendirme, karışıklıkları açma ve saçlarınıza hacim, pürüzsüzlük ve parlaklık katmanıza yardımcı olarak saçlarınızı mükemmelleştirmek için tasarlanmıştır.,https://static.ticimax.cloud/cdn-cgi/image/width=76,quality=85/53520/uploads/urunresimleri/buyuk/tangle-teezer-ultimate-detangler-pink---40a2-.jpeg,SAÇ BAKIM ÜRÜNLERİ > TARAK & FIRÇALAR > ,TANGLE TEEZER,TL620,00
Tangle Teezer - Ultimate Detangler Pink Punch,Tangle Teezer Styling Serisinden The Ultimate Saç fırçaları «Patentli diş teknolojisi» ile tüm saç tipleri için kuru şekillendirme, karışıklıkları açma ve saçlarınıza hacim, pürüzsüzlük ve parlaklık katmanıza yardımcı olarak saçlarınızı mükemmelleştirmek için tasarlanmıştır.,https://static.ticimax.cloud/cdn-cgi/image/width=76,quality=85/53520/uploads/urunresimleri/buyuk/tangle-teezer-ultimate-detangler-pink--cc0-15.jpeg,SAÇ BAKIM ÜRÜNLERİ > TARAK & FIRÇALAR > ,TANGLE TEEZER,TL620,00
Tangle Teezer - Ultimate Styler Lilac,Tangle Teezer Styling Serisinden The Ultimate Saç fırçaları «Patentli diş teknolojisi» ile tüm saç tipleri için kuru şekillendirme, karışıklıkları açma ve saçlarınıza hacim, pürüzsüzlük ve parlaklık katmanıza yardımcı olarak saçlarınızı mükemmelleştirmek için tasarlanmıştır.,https://static.ticimax.cloud/cdn-cgi/image/width=76,quality=85/53520/uploads/urunresimleri/buyuk/tangle-teezer-ultimate-styler-lilac--b019-.jpeg,SAÇ BAKIM ÜRÜNLERİ > TARAK & FIRÇALAR > ,TANGLE TEEZER,TL665,00
Tangle Teezer - Ultimate Styler Peach,Tangle Teezer Styling Serisinden The Ultimate Saç fırçaları «Patentli diş teknolojisi» ile tüm saç tipleri için kuru şekillendirme, karışıklıkları açma ve saçlarınıza hacim, pürüzsüzlük ve parlaklık katmanıza yardımcı olarak saçlarınızı mükemmelleştirmek için tasarlanmıştır.,https://static.ticimax.cloud/cdn-cgi/image/width=76,quality=85/53520/uploads/urunresimleri/buyuk/tangle-teezer-ultimate-styler-peach-73b-25.jpeg,SAÇ BAKIM ÜRÜNLERİ > TARAK & FIRÇALAR > ,TANGLE TEEZER,TL665,00
Tangle Teezer - Wet Detangler Fine & Fragile Mint / Mint,• Tangle Teezer markasının en yeni ürünlerinden biri olan Wet Detangler , ıslak saçlar için tasarlanmış saçlardaki düğümleri ve karışıklıkları güvenli bir şekilde açarken kırılmayı engellemeye de yardımcı olur.,https://static.ticimax.cloud/cdn-cgi/image/width=76,quality=85/53520/uploads/urunresimleri/buyuk/tangle-teezer-wet-detangler-fine-fragi-9daacf.jpeg,SAÇ BAKIM ÜRÜNLERİ > TARAK & FIRÇALAR > ,TANGLE TEEZER,TL620,00
Tangle Teezer - Wet Detangler Fine & Fragile Pink,• Tangle Teezer markasının en yeni ürünlerinden biri olan Wet Detangler , ıslak saçlar için tasarlanmış saçlardaki düğümleri ve karışıklıkları güvenli bir şekilde açarken kırılmayı engellemeye de yardımcı olur.,https://static.ticimax.cloud/cdn-cgi/image/width=76,quality=85/53520/uploads/urunresimleri/buyuk/tangle-teezer-wet-detangler-fine-fragi--8c64-.jpeg,SAÇ BAKIM ÜRÜNLERİ > TARAK & FIRÇALAR > ,TANGLE TEEZER,TL620,00
Tangle Teezer - Wet Detangler Naturally Curly,• Tangle Teezer markasının en yeni ürünlerinden biri olan Wet Detangler , ıslak saçlar için tasarlanmış saçlardaki düğümleri ve karışıklıkları güvenli bir şekilde açarken kırılmayı engellemeye de yardımcı olur.,https://static.ticimax.cloud/cdn-cgi/image/width=76,quality=85/53520/uploads/urunresimleri/buyuk/tangle-teezer-wet-detangler-naturally--3083b7.jpeg,SAÇ BAKIM ÜRÜNLERİ > TARAK & FIRÇALAR > ,TANGLE TEEZER,TL620,00
Tangle Teezer - Wet Lines Detangling Spray 150 ML,• Tangle Teezer karışmaya meyilli İnce Telli ve Orta Kalınlıktaki saçları yıpratmadan açmak için formülize edilmiştir.,https://static.ticimax.cloud/cdn-cgi/image/width=76,quality=85/53520/uploads/urunresimleri/buyuk/tangle-teezer-wet-lines-detangling-spr-9fa8-f.jpeg,SAÇ BAKIM ÜRÜNLERİ > SPREY > ,TANGLE TEEZER,TL490,00
Tangle Teezer - Wet Lines Kids Detangling Spray 150 ML,• Tangle Teezer Çocuklar için özel hazırlanmış saç açıcı spreyler ile, saç taramayı kolay ve keyifli hale getiriyor.,https://static.ticimax.cloud/cdn-cgi/image/width=76,quality=85/53520/uploads/urunresimleri/buyuk/tangle-teezer-wet-lines-kids-detanglin-5f-e9a.jpeg,SAÇ BAKIM ÜRÜNLERİ > SPREY > ,TANGLE TEEZER,TL490,00
Tangle Teezer - Wet Lines Thick & Curly Detangling Spray 150 ML,• Tangle Teezer Kalın telli ve kıvırcık saçlar için özel formüllerle hazırlanmış saç açıcı spreyler ile taranması her daim zor olan kalın telli ve kıvırcık saçları taranmasını keyifli hale getiriyoruz!!,https://static.ticimax.cloud/cdn-cgi/image/width=76,quality=85/53520/uploads/urunresimleri/buyuk/tangle-teezer-wet-lines-thick-curly-de-9ed-a3.jpeg,SAÇ BAKIM ÜRÜNLERİ > SPREY > ,TANGLE TEEZER,TL490,00
The Best Hair Boost,Daha dolgun, daha güçlü saçlar için benzersiz derecede güçlü, hedefe yönelik saç serumu. Ultra etkili bileşenlerle birleştirilmiş özel bir peptit kompleksi temel alınarak formüle edilen THE BEST Hair Boost, güçlü, güzel ve bakımlı saç ve saç derisi sağlar.,https://static.ticimax.cloud/cdn-cgi/image/width=76,quality=85/53520/uploads/urunresimleri/buyuk/the-best-hair-boost-4fd1-a.jpeg,SAÇ BAKIM ÜRÜNLERİ > SERUM > ,MBR,TL57.779,00
The Conditioner 150 ML,Saça ağırlık vermeyen ultra-hafif yapısı ve içeriğindeki Yulaf Çekirdeği Yağı, Maca Kökü Ekstresi, B5 Vitamini, Nar Ekstresi, Su Teresi ve Hint Teresi özleri karışımı, doğal amino asitler, antioksidanlar ve sentezlenmiş moleküllerden oluşan TFC® kompleksi sayesinde saç derisini canlandırmaya, saç tellerini kökten-uca beslemeye ve nemlendirmeye yardımcı olur. Aynı zamanda zengin formülü ile saçların dolgun, canlı, yumuşak ve parlak görünmesine, kolay taranmasına ve kabarmasını önlemeye katkıda bulunarak sağlıklı görünümünü destekler. Derin nemlendirme özelliği ile saç bakım maskesi olarak da kullanılabilir. Tüm saç tipleri için formüle edilmiştir. Ürün açıldıktan sonra 12 ay içinde tüketilmelidir.,https://static.ticimax.cloud/cdn-cgi/image/width=76,quality=85/53520/uploads/urunresimleri/buyuk/the-conditioner-150-ml-85-848.jpeg,https://static.ticimax.cloud/cdn-cgi/image/width=76,quality=85/53520/uploads/urunresimleri/buyuk/the-conditioner-150-ml--20c64.jpeg,SAÇ BAKIM ÜRÜNLERİ > KREM > ,AUGUSTINUS BADER,TL1.950,00
The Hair Oil 30 ML,Hafif yapısı ve içeriğindeki Argan Yağı, Nar, Sardunya, Gül, E Vitamini ve Baobab Yağı ile doğal amino asitler, antioksidanlar ve sentezlenmiş moleküllerden oluşan TFC8® kompleksi sayesinde saç tellerini içten-dışa besleyerek ve nemlendirerek kırılmasını azaltmaya, zengin formülü ile saçların dolgun, yumuşak ve parlak görünmesine, kolay taranmasına ve kabarmasını önlemeye yardımcı olur.,https://static.ticimax.cloud/cdn-cgi/image/width=76,quality=85/53520/uploads/urunresimleri/buyuk/the-hair-oil-30-ml-347d9-.jpeg,SAÇ BAKIM ÜRÜNLERİ > BAKIM YAĞI > ,AUGUSTINUS BADER,TL1.750,00
The Leave in Hair Treatment 100 ML,Saça ağırlık vermeyen hafif yapısı ve içeriğindeki Neem Özü, Shikakai Özü, Rambutan Özü, Yulaf Çekirdeği Yağı, B5 Vitamini, E Vitamini ve Biotin karışımı ile doğal amino asitler, vitaminler ve sentezlenmiş moleküllerden oluşan TFC8® kompleksi sayesinde saçları besleyerek ve nemlendirerek kırılmasını azaltmaya, çevresel zararlara karşı korumaya yardımcı olur. Aynı zamanda zengin formülü ile saçların daha canlı, dolgun, yumuşak ve parlak görünmesine, kolay taranmasına ve kabarmasını önlemeye katkıda bulunarak sağlıklı görünümünü destekler. Tüm saç tipleri için formüle edilmiştir. Ürün açıldıktan sonra 9 ay içinde tüketilmelidir.,https://static.ticimax.cloud/cdn-cgi/image/width=76,quality=85/53520/uploads/urunresimleri/buyuk/the-leave-in-hair-treatment-100-ml-de6f4c.jpeg,https://static.ticimax.cloud/cdn-cgi/image/width=76,quality=85/53520/uploads/urunresimleri/buyuk/the-leave-in-hair-treatment-100-ml-cb7-86.jpeg,SAÇ BAKIM ÜRÜNLERİ > ŞAMPUAN > ,AUGUSTINUS BADER,TL1.750,00
The Scalp Treatment 30 ML,Formülündeki Bakır, Magnezyum ve Çinko içeren Multi-Mineral Aktif Kompleksi, L-Arginin ve Fındık Yaprağı Ekstresi ile doğal amino asitler, antioksidanlar ve sentezlenmiş moleküllerden oluşan TFC8® kompleksi sayesinde saç derisini besleyerek saçların daha dolgun, güçlü ve sağlıklı görünmesine, dökülmesini azaltmaya yardımcı olur. Tüm saç tipleri için formüle edilmiştir Ürün açıldıktan sonra 9 ay içinde tüketilmelidir.,https://static.ticimax.cloud/cdn-cgi/image/width=76,quality=85/53520/uploads/urunresimleri/buyuk/the-scalp-treatment-30-ml-d4-2fe.jpeg,https://static.ticimax.cloud/cdn-cgi/image/width=76,quality=85/53520/uploads/urunresimleri/buyuk/the-scalp-treatment-30-ml-40b5-b.jpeg,SAÇ BAKIM ÜRÜNLERİ > SERUM > ,AUGUSTINUS BADER,TL2.750,00
The Shampoo 200 ML,Hafif formülü ve içeriğindeki doğal proteinler, B5 Vitamini, Su Teresi ve Kızılderili Teresi özleri karışımı, doğal amino asitler, antioksidanlar ve sentezlenmiş moleküllerden oluşan TFC8® kompleksi sayesinde saç derisini canlandırmaya, saç tellerini kökten-uca beslemeye ve dökülmeyi azaltmaya yardımcı olur. Aynı zamanda Amber, Bambu, Shikakai ve Neem içeren zengin formülü ile saçların hacimli ve parlak görünmesine, dış etkenlere karşı korunmasına katkıda bulunarak sağlıklı görünümünü destekler. Tüm saç tipleri için formüle edilmiştir.,https://static.ticimax.cloud/cdn-cgi/image/width=76,quality=85/53520/uploads/urunresimleri/buyuk/the-shampoo-200-ml--4722-.jpg,SAÇ BAKIM ÜRÜNLERİ > ŞAMPUAN > ,AUGUSTINUS BADER,TL1.950,00
Thermal Protection Spray 60 ML,Saçınızla şekillendirme aletiniz arasında bariyer oluşturan, nem kaybını azaltan ve elektriklenmeyi önleyen, botanik destekli ısı koruyucu ve ağırlıksız bir zemin hazırlar. Zamanla salınan nemlendiriciler saça dokulu bir his verir. Daha parlak bir görünüm ve Royal Oud'un hafif, zengin kokusu..,https://static.ticimax.cloud/cdn-cgi/image/width=76,quality=85/53520/uploads/urunresimleri/buyuk/thermal-protection-spray-60-ml-7-a66a.jpeg,SAÇ BAKIM ÜRÜNLERİ > SPREY > ,PHILIP B,TL1.222,00
TONIQUE HYDRATANT 150 ML,Kahverengi Deniz Yosunu Özü : B,C Ve E Vitaminleri Açısından Zengin, Eser Elementler Açısından Zengin, Güçlendirir. Akasya Özü : Korur, Nemlendirir, Amino Asitler Açısından Zengin. Moringa Özü : Nemlendirir, Korur, Amino Asitler Açısından Zengin.,https://static.ticimax.cloud/cdn-cgi/image/width=76,quality=85/53520/uploads/urunresimleri/buyuk/tonique-hydratant-150-ml-bd-a46.jpeg,SAÇ BAKIM ÜRÜNLERİ > SPREY > ,LEONOR GREYL,TL1.850,00
TONIQUE VÉGÉTAL 150 ML,At Kuyruğu Özü : Güçlendirir, Dengeler. Adaçayı Özü : Antioksidan, Antiinflamatuar, Antiseptik. İris Özü : Elementler Açısından Zengin, Arındırır. Akasya Özü : Korur, Nemlendirir Amino Asitler Açısından Zengin.,https://static.ticimax.cloud/cdn-cgi/image/width=76,quality=85/53520/uploads/urunresimleri/buyuk/tonique-vgtal-150-ml-4013-8.jpeg,SAÇ BAKIM ÜRÜNLERİ > SPREY > ,LEONOR GREYL,TL1.270,00
Vitalizing Scalp Tonic 150 ML,Saç derisinin yenilenmesini destekler. Hasarlı, yıpranmış saçları canlandırmaya ve hacim yaratmaya yardımcı olur. Donuk saçlara yeni bir parlaklık ve daha iyi taranabilirlik kazandırmanın yanı sıra nemlendirme de sağlar. Saçın beyazlamasını önlemeye yardımcı olur.,https://static.ticimax.cloud/cdn-cgi/image/width=76,quality=85/53520/uploads/urunresimleri/buyuk/vitalizing-scalp-tonic-150-ml-6-745f.jpeg,SAÇ BAKIM ÜRÜNLERİ > TONİK > ,SCHRAMMEK,TL3.100,00
VOLUMIZE HAIR SPRAY (Vegan) 100 ML,İnce, cansız saçlara uzun süreli hacim sağlayan durulunmayan saç spreyi, saçları koruyucu bir film tabakası ile kaplar. Uzun süreli hacim etkisi veren bakım spreyi saçı güçlendirir. Saçlardaki statik elektriklenmeyi azaltır. Vegan formülü sülfat ve silikon içermez.,https://static.ticimax.cloud/cdn-cgi/image/width=76,quality=85/53520/uploads/urunresimleri/buyuk/volumize-hair-spray-vegan-100-ml-2d-b1f.jpeg,SAÇ BAKIM ÜRÜNLERİ > BAKIM SPREYİ > ,TL1.085,00
VOLUMIZE SHAMPOO 250 ML,Pirinç proteinleri ile zenginleştirilmiş bu vegan şampuan ince, düz saçlar için tasarlanmıştır. %93 doğal formüle sahip bu şampuan ince saçları uzun süre kalıcı, canlı bir hacimle dolgunlaştırır. Bergamot, yasemin ve beyaz misk notalarıyla koku imzası sayesinde olağanüstü duyusallık sunar. Vegan formülü sülfat ve silikon içermez.,https://static.ticimax.cloud/cdn-cgi/image/width=76,quality=85/53520/uploads/urunresimleri/buyuk/volumize-shampoo-250-ml-99-863.jpeg,SAÇ BAKIM ÜRÜNLERİ > ŞAMPUAN > ,LAZARTIGUE,TL644,00
Weightless Conditioning Water 150 ML,Teknolojik olarak geliştirilmiş su bazlı formül, saçı ağırlaştırmadan ipeksi ve şekillendirilebilir bir his bırakır. Kuru, nemsiz kalmış saç tellerinin parlak ve canlı görünmesini sağlar. Papatya, kına çiçeği, atkuyruğu otu, şerbetçiotu, biberiye, ısırgan otu ve portakal kabuğundan oluşan tescilli bir kompleks muhteşem faydalar sunar. Manolya Çiçeğinin taze, sofistike kokusuyla aşılanmıştır.,https://static.ticimax.cloud/cdn-cgi/image/width=76,quality=85/53520/uploads/urunresimleri/buyuk/weightless-conditioning-water-150-ml-5-803c.jpeg,SAÇ BAKIM ÜRÜNLERİ > KREM > ,PHILIP B,TL2.139,00
Weightless Volumizing Conditioner 60 ML,Benzersiz formül, pürüzsüz, canlı saçlarınızı hafifçe yumuşatır. Bitki özlerinin (Biberiye, Yeşil Çay Yaprağı Suyu, Ayçiçeği ve Aloe) ve Gliserinin hedefe yönelik karışımı, saçları ağırlaştırmadan dolgunlaştırır. Yavaşça çözülür. Manolya Çiçeğinin taze, sofistike kokusuyla aşılanmıştır. Tüm aile için mükemmel bir günlük saç kremi.,https://static.ticimax.cloud/cdn-cgi/image/width=76,quality=85/53520/uploads/urunresimleri/buyuk/weightless-volumizing-conditioner-60-m-94b5-8.jpeg,SAÇ BAKIM ÜRÜNLERİ > KREM > ,PHILIP B,TL1.019,00
White Truffle Conditioner 178 ML,https://static.ticimax.cloud/cdn-cgi/image/width=76,quality=85/53520/uploads/urunresimleri/buyuk/white-truffle-conditioner-178-ml-786-cd.jpeg,SAÇ BAKIM ÜRÜNLERİ > KREM > ,TL5.093,00
CONDITION NATURELLE 150 ML,Kinoa Özü : Yumuşatır, Korur, Güçlendirir. Akasya Özü : Korur, Nemlendirir Amino Asitler Açısından Zengin. Moringa Özü : Nemlendirir, Korur, Amino Asitler Açısından Zengin.,https://static.ticimax.cloud/cdn-cgi/image/width=76,quality=85/53520/uploads/urunresimleri/buyuk/condition-naturelle-150-ml-34643b.jpeg,SAÇ BAKIM ÜRÜNLERİ > SPREY > ,LEONOR GREYL,
Detangling Comb,Tarama, uygun bir saç bakım rejiminin önemli bir yönüdür. Islak saç en savunmasız durumdadır ve dolaşmaya eğilimlidir. Ekstra geniş dişli saç açma tarağımız, saç bakım rejiminiz sırasında ve sonrasında dolaşıklıkları nazikçe çözmenizi sağlar.,https://static.ticimax.cloud/cdn-cgi/image/width=76,quality=85/53520/uploads/urunresimleri/buyuk/detangling-comb-4e44-7.jpg,SAÇ BAKIM ÜRÜNLERİ > TARAK & FIRÇALAR > ,PHILIP B,
Detangling Toning Mist with Velvet Oud 125 ML,Detangling Toning Mist, daha parlak bir görünüm ve daha pürüzsüz, daha kolay şekil verilebilir saçlara kavuşturur. Saçlara Kadife Oud'un zengin, odunsu çiçek kokusu aşılar. Narenciye özleri ve hyalüronat dokunuşu, musluk suyunun sert pH'ına karşı koymaya yardımcı olarak karışıklıkları giderir, elektriklenmeyle savaşır ve saçınızın esnek, canlı ve taze hissetmesini sağlar.,https://static.ticimax.cloud/cdn-cgi/image/width=76,quality=85/53520/uploads/urunresimleri/buyuk/detangling-toning-mist-with-velvet-oud-80f-47.jpeg,SAÇ BAKIM ÜRÜNLERİ > SPREY > ,PHILIP B,
Detangling Toning Mist with Velvet Oud 60 ML,https://static.ticimax.cloud/cdn-cgi/image/width=76,quality=85/53520/uploads/urunresimleri/buyuk/detangling-toning-mist-with-velvet-oud-eaa2-4.jpeg,SAÇ BAKIM ÜRÜNLERİ > SPREY > ,
Everyday Beautiful Conditioner 947 ML,Her şeyi hafif tutarken görkemli renk görünümünü desteklemenin devrim niteliğinde bir yolu. Bu zengin bakım kompleksi birçok düzeyde çalışır: Saçları ağırlıksız, zamanla salınan nemle şımartır. Kıvrımı en aza indiren ve renginizin içeriden parlak görünmesini sağlayan güçlü bir amino asit kompleksi içerir. Aynı zamanda saç derinizin taze ve canlanmış, saçınızın ise canlı ve ışıltılı olmasını sağlayan canlandırıcı çiçek ve narenciye özlerinin (Bergamot, Limon ve Lavanta dahil) bir karışımını içerir. Peki bitkilerden elde edilen enfes koku? Bu botanik bir keşif.,https://static.ticimax.cloud/cdn-cgi/image/width=76,quality=85/53520/uploads/urunresimleri/buyuk/everyday-beautiful-conditioner-947-ml-a-9331.jpg,SAÇ BAKIM ÜRÜNLERİ > KREM > ,PHILIP B,
Everyday Beautiful Shampoo 220 ML,Saçların dolgun, parlak görünmesini sağlayan, arındırıcı ve hacim veren bir şampuan. Bitkisel kökenli bileşenlerin güçlü bir karışımı, saçları iyileştirir ve antioksidan destek sağlar.,https://static.ticimax.cloud/cdn-cgi/image/width=76,quality=85/53520/uploads/urunresimleri/buyuk/everyday-beautiful-shampoo-220-ml-ad-126.jpeg,SAÇ BAKIM ÜRÜNLERİ > ŞAMPUAN > ,PHILIP B,
Everyday Beautiful Shampoo 947 ML,Saçların dolgun, parlak görünmesini sağlayan, arındırıcı ve hacim veren bir şampuan. Bitkisel kökenli bileşenlerin güçlü bir karışımı, saçları iyileştirir ve antioksidan destek sağlar.,https://static.ticimax.cloud/cdn-cgi/image/width=76,quality=85/53520/uploads/urunresimleri/buyuk/everyday-beautiful-shampoo-947-ml-0a4-96.jpeg,SAÇ BAKIM ÜRÜNLERİ > ŞAMPUAN > ,PHILIP B,
Forever Shine Conditioner 947 ML,Forever Shine Conditioner, saçları botanik nemle yumuşatmak için küçük, zamanla salınan aspir oleozomları gibi ustaca bir dağıtım sistemi kullanır. Günlük kullanım için mükemmel olan bu ürün, tüm saç tiplerinin alışılmadık derecede pürüzsüz ve parlak görünmesini, taze ve hafif bir his bırakmasını sağlar. Daha da iyisi, içeriğinde bulunan gelişmiş bir amino asit kompleksi, her renk tonunun zengin ve ışıltılı görünmesini sağlar.,https://static.ticimax.cloud/cdn-cgi/image/width=76,quality=85/53520/uploads/urunresimleri/buyuk/forever-shine-conditioner-947-ml-f95-4a.jpg,SAÇ BAKIM ÜRÜNLERİ > KREM > ,
Forever Shine Shampoo 220 ML,En son yüksek buharlı enerji teknolojisi ile nemlendirici botanikleri birleştiren, onları küçük, zamanla salınan, tellerin derinliklerine inen ve içten dışa güçlenen moleküllere ayıran çığır açan bir günlük şampuan, ağırlıksız bir his bırakmasını sağlar. Gelişmiş bir amino asit kompleksi, her renk tonunun zengin ve ışıltılı görünmesini sağlar.,https://static.ticimax.cloud/cdn-cgi/image/width=76,quality=85/53520/uploads/urunresimleri/buyuk/forever-shine-shampoo-220-ml-783cea.jpeg,SAÇ BAKIM ÜRÜNLERİ > ŞAMPUAN > ,PHILIP B,
Forever Shine Shampoo 60 ML,En son yüksek buharlı enerji teknolojisi ile nemlendirici botanikleri birleştiren, onları küçük, zamanla salınan, tellerin derinliklerine inen ve içten dışa güçlenen moleküllere ayıran çığır açan bir günlük şampuan, ağırlıksız bir his bırakmasını sağlar. Gelişmiş bir amino asit kompleksi, her renk tonunun zengin ve ışıltılı görünmesini sağlar.,https://static.ticimax.cloud/cdn-cgi/image/width=76,quality=85/53520/uploads/urunresimleri/buyuk/forever-shine-shampoo-60-ml--595bd.jpeg,SAÇ BAKIM ÜRÜNLERİ > ŞAMPUAN > ,PHILIP B,
Forever Shine Shampoo 947 ML,En son yüksek buharlı enerji teknolojisi ile nemlendirici botanikleri birleştiren, onları küçük, zamanla salınan, tellerin derinliklerine inen ve içten dışa güçlenen moleküllere ayıran çığır açan bir günlük şampuan, ağırlıksız bir his bırakmasını sağlar. Gelişmiş bir amino asit kompleksi, her renk tonunun zengin ve ışıltılı görünmesini sağlar.,https://static.ticimax.cloud/cdn-cgi/image/width=76,quality=85/53520/uploads/urunresimleri/buyuk/forever-shine-shampoo-947-ml-25-751.jpeg,SAÇ BAKIM ÜRÜNLERİ > ŞAMPUAN > ,PHILIP B,
Gentle Conditioning Shampoo 220 ML,Tüm aile için mükemmel bir günlük şampuan! Bu hafif temizleyici saç tellerini hafif nemle besler, rengi korur ve saçı yepyeni bir yumuşaklık ve parlaklık düzeyine çıkarır.,https://static.ticimax.cloud/cdn-cgi/image/width=76,quality=85/53520/uploads/urunresimleri/buyuk/gentle-conditioning-shampoo-220-ml-8a4da4.jpeg,SAÇ BAKIM ÜRÜNLERİ > ŞAMPUAN > ,PHILIP B,
Gentle Conditioning Shampoo 947 ML,Tüm aile için mükemmel bir günlük şampuan! Bu hafif temizleyici saç tellerini hafif nemle besler, rengi korur ve saçı yepyeni bir yumuşaklık ve parlaklık düzeyine çıkarır.,https://static.ticimax.cloud/cdn-cgi/image/width=76,quality=85/53520/uploads/urunresimleri/buyuk/gentle-conditioning-shampoo-947-ml-874f6f.jpeg,SAÇ BAKIM ÜRÜNLERİ > ŞAMPUAN > ,PHILIP B,
Grams Everyday Beautiful Dry Shampoo 260 ML,Sicilya Neroli'nin lüks kokusuna sahip hafif kuru şampuan, saçları tazeler, pudra kalıntısı olmadan dolgun, temiz ve taze bir his sağlar. Her zaman güzel, dolgun, canlı bir görünüm yaratır.,https://static.ticimax.cloud/cdn-cgi/image/width=76,quality=85/53520/uploads/urunresimleri/buyuk/grams-everyday-beautiful-dry-shampoo-2-16c-96.jpg,SAÇ BAKIM ÜRÜNLERİ > ŞAMPUAN > ,PHILIP B,
Hairbrush Cleaner,İnce bir saç fırçasının ve saçınızın en iyi performansı göstermesini sağlayan ustaca küçük aletle tanışın. Özel olarak tasarlanmış mini tırmık, kılları, tozu ve biriken ürünleri nazikçe temizler, böylece saç fırçanız daha uzun süre dayanır ve ilk kullandığınız zamanki gibi taze ve etkili kalır.,https://static.ticimax.cloud/cdn-cgi/image/width=76,quality=85/53520/uploads/urunresimleri/buyuk/hairbrush-cleaner-73-402.jpg,SAÇ BAKIM ÜRÜNLERİ > TARAK & FIRÇALAR > ,PHILIP B,
Icelandic Blonde Shampoo 974 ML,https://static.ticimax.cloud/cdn-cgi/image/width=76,quality=85/53520/uploads/urunresimleri/buyuk/icelandic-blonde-shampoo-974-ml--958f-.jpeg,SAÇ BAKIM ÜRÜNLERİ > ŞAMPUAN > ,
Jet Set Precision Control Hair Spray 260 ML,Ödüllü ultra hafif sprey, yumuşak bir dokunuşla saçınıza üstün hacim ve doku kazandırır. Yumuşak dokunuşlu bir yüzeyle mükemmel bir şekilde devam eder; asla yapışkan veya ağırlık yapmaz.,https://static.ticimax.cloud/cdn-cgi/image/width=76,quality=85/53520/uploads/urunresimleri/buyuk/jet-set-precision-control-hair-spray-2-a24-66.jpg,SAÇ BAKIM ÜRÜNLERİ > SPREY > ,PHILIP B,
Large (65mm) Round Hairbrush, Polished Mahogany Handle, 65% Boar + 35% Nylon with duster bag.,En gelişmiş ergonomik tasarıma sahip, en kaliteli doğal malzemelerden yapılmış, hayalinizdeki şekillendirme aracımız. Ergonomik saten kaplamalı kulplar ellerinizi dinlendirir. Düzleştirmek veya köklerden yukarı kaldırmak için saçınızı gerginleştirmek zahmetsiz bir his verir.,https://static.ticimax.cloud/cdn-cgi/image/width=76,quality=85/53520/uploads/urunresimleri/buyuk/large-65mm-round-hairbrush-polished-ma-942bc0.jpeg,SAÇ BAKIM ÜRÜNLERİ > TARAK & FIRÇALAR > ,
Lightweight Deep Conditioner 947 ML,https://static.ticimax.cloud/cdn-cgi/image/width=76,quality=85/53520/uploads/urunresimleri/buyuk/lightweight-deep-conditioner-947-ml-da-434.jpeg,SAÇ BAKIM ÜRÜNLERİ > KREM > ,
Luxe Wax 60 GR,Sağlam bir tutuşla stilinize şekil verin ve parlak, belirgin bir görünüm kazandırın. Luxe Wax, sağlam, modern mat görünüm ile kısa, ayrıntılı veya kaygan arka stillerde netleşerek kilitlenir. Hafiftir ve istediğiniz stile göre şekillendirilmesi kolaydır. Sıcak iklimlerde bile stillere kontrol ve güzel dokulu bir görünüm kazandırır. Gliserin saça kalıcı parlaklık ve kontrol kazandırmaya yardımcı olur.,https://static.ticimax.cloud/cdn-cgi/image/width=76,quality=85/53520/uploads/urunresimleri/buyuk/luxe-wax-60-gr-92395b.jpeg,SAÇ BAKIM ÜRÜNLERİ > SAÇ ŞEKİLLENDİRİCİ > ,PHILIP B,
Medium (55mm) Round Hairbrush, Polished Mahogany Handle, 65% Boar + 35% Nylon with duster bag.,En gelişmiş ergonomik tasarıma sahip, en kaliteli doğal malzemelerden yapılmış, hayalinizdeki şekillendirme aracımız. Ergonomik saten kaplamalı kulplar ellerinizi dinlendirir. Düzleştirmek veya köklerden yukarı kaldırmak için saçınızı gerginleştirmek zahmetsiz bir his verir.,https://static.ticimax.cloud/cdn-cgi/image/width=76,quality=85/53520/uploads/urunresimleri/buyuk/medium-55mm-round-hairbrush-polished-m-ba376e.jpeg,SAÇ BAKIM ÜRÜNLERİ > TARAK & FIRÇALAR > ,PHILIP B,
Mega Curl Enhancer 178 ML,Ultra nemlendirici ve durulanma gerektirmeyen saç kremi. Zamanla salınan bitkisel nemlendiricilerle formüle edilen bu ürün, doğal dalgalı saçların özellikle dalgalı görünmesini ve kıvırcık saçların ipeksi, şık ve güzel tanımlanmış görünmesini sağlar.,https://static.ticimax.cloud/cdn-cgi/image/width=76,quality=85/53520/uploads/urunresimleri/buyuk/mega-curl-enhancer-178-ml-a3-8d8.jpeg,SAÇ BAKIM ÜRÜNLERİ > KREM > ,PHILIP B,
Mega Curl Enhancer 60 ML,Ultra nemlendirici ve durulanma gerektirmeyen saç kremi. Zamanla salınan bitkisel nemlendiricilerle formüle edilen bu ürün, doğal dalgalı saçların özellikle dalgalı görünmesini ve kıvırcık saçların ipeksi, şık ve güzel tanımlanmış görünmesini sağlar.,https://static.ticimax.cloud/cdn-cgi/image/width=76,quality=85/53520/uploads/urunresimleri/buyuk/mega-curl-enhancer-60-ml-2f49-4.jpg,SAÇ BAKIM ÜRÜNLERİ > KREM > ,
MOLECULAR REPAIR HAIR MASK 150 ML,Tüm saç tipleri için, hasarı 4 dakikada klinik olarak tersine çeviren, durulanmayan bakım maskesi. Patentli peptit teknolojisi, ağartıcıdan, renkten, kimyasal işlemlerden ve ısıdan kaynaklanan hasarları onarmak için çalışır; gücü, yumuşaklığı, pürüzsüzlüğü ve saça sıçramayı geri kazandırır.,https://static.ticimax.cloud/cdn-cgi/image/width=76,quality=85/53520/uploads/urunresimleri/buyuk/molecular-repair-hair-mask-150-ml-037705.jpeg,SAÇ BAKIM ÜRÜNLERİ > MASKE > ,K18,
OLAPLEX N°· 7 BONDING OIL 60 ML,BAĞ GÜÇLENDİRİCİ SAÇ BAKIM YAĞI,https://static.ticimax.cloud/cdn-cgi/image/width=76,quality=85/53520/uploads/urunresimleri/buyuk/olaplex-n-7-bonding-oil-60-ml-e-3d6b.jpeg,SAÇ BAKIM ÜRÜNLERİ > BAKIM YAĞI > ,OLAPLEX,
Paddle Hair Brush; Polished Mahogany Laser Printed Handle; Boar + Crystal Nylon Bristles with duster bag.,En iyi doğal malzemelerden ve en gelişmiş ergonomik tasarımdan yapılmış, hayalinizdeki şekillendirme aletlerimiz. Kristal naylon iğneler saçınızın köklerine yumuşak bir temizleme etkisi sağlar, ölü deriyi ve ürün kalıntılarını gevşetir, sebumu emer ve saç gövdesinden aşağı doğru dağıtır. Doğal kılların üstün, ultra yoğun karışımı saçınızın gür, canlı ve sağlıklı bir şekilde parıldamasını sağlar.,https://static.ticimax.cloud/cdn-cgi/image/width=76,quality=85/53520/uploads/urunresimleri/buyuk/paddle-hair-brush-polished-mahogany-la-c90e7f.jpeg,SAÇ BAKIM ÜRÜNLERİ > TARAK & FIRÇALAR > ,PHILIP B,
Peppermint Avocado Scalp Scrub 236 ML,Lüks, zengin bir krem şampuan deniz tuzu saç derisi için, Nane Avokado Saç Derisi Temizleyici, her zaman hayalini kurduğunuz canlı, dolgun saçı oluşturmak için kiri, yağı, ürünü ve etrafındaki birikintileri nazikçe temizler.,https://static.ticimax.cloud/cdn-cgi/image/width=76,quality=85/53520/uploads/urunresimleri/buyuk/peppermint-avocado-scalp-scrub-236-ml-0c5-44.jpeg,SAÇ BAKIM ÜRÜNLERİ > ŞAMPUAN > ,PHILIP B,
Peppermint Avocado Shampoo 60 ML,Dünya çapında çok tercih edilen bu lüks ve nadir şampuan, saçlarınızın daha dolgun görünmesini sağlarken, saç derinizin muhteşem bir şekilde temiz ve tazelenmiş hissetmesini sağlar. Nane Yağı ve 16 bitki özü ile serin, canlandırıcı bir his sağlar.,https://static.ticimax.cloud/cdn-cgi/image/width=76,quality=85/53520/uploads/urunresimleri/buyuk/peppermint-avocado-shampoo-60-ml-cc8-48.jpeg,SAÇ BAKIM ÜRÜNLERİ > ŞAMPUAN > ,PHILIP B,
Peppermint Avocado Shampoo 947 ML,Dünya çapında çok tercih edilen bu lüks ve nadir şampuan, saçlarınızın daha dolgun görünmesini sağlarken, saç derinizin muhteşem bir şekilde temiz ve tazelenmiş hissetmesini sağlar.Nane Yağı ve 16 bitki özü ile serin, canlandırıcı bir his sağlar.,https://static.ticimax.cloud/cdn-cgi/image/width=76,quality=85/53520/uploads/urunresimleri/buyuk/peppermint-avocado-shampoo-947-ml--5beb0.jpeg,SAÇ BAKIM ÜRÜNLERİ > ŞAMPUAN > ,PHILIP B,
REF GIFT BOX 23 - HYDRATE SHAMPOO & CONDITIONER WITH SHINE ELIXIR,Kutu İçeriği ;,https://static.ticimax.cloud/cdn-cgi/image/width=76,quality=85/53520/uploads/urunresimleri/buyuk/ref-gift-box-23-hydrate-shampoo-condit-c897f3.jpeg,SAÇ BAKIM ÜRÜNLERİ > SET > ,REF,
REF GIFT BOX 23 - REPAIR SHAMPOO & CONDITIONER WITH SHINE ELIXIR,Kutu İçeriği ; Ultimate Repair Shampoo 285 ML, Ultimate Repair Conditioner 245 ML, and Shine Elixir 80 ML.,https://static.ticimax.cloud/cdn-cgi/image/width=76,quality=85/53520/uploads/urunresimleri/buyuk/ref-gift-box-23-repair-shampoo-conditi--43f7-.jpeg,SAÇ BAKIM ÜRÜNLERİ > SET > ,REF,
REF GIFT BOX 23 - VOLUME SHAMPOO & CONDITIONER & WITH SHINE ELIXIR,Kutu İçerği ;,https://static.ticimax.cloud/cdn-cgi/image/width=76,quality=85/53520/uploads/urunresimleri/buyuk/ref-gift-box-23-volume-shampoo-conditi--a65a-.jpeg,SAÇ BAKIM ÜRÜNLERİ > SET > ,REF,
REF MOUSSE N°435 250 ML,İnce ve normal saçlar için hacim köpüğü. Saça hacim kazandıran, hafif formülsayona sahip ve havadar bir saç köpüğüdür.,https://static.ticimax.cloud/cdn-cgi/image/width=76,quality=85/53520/uploads/urunresimleri/buyuk/ref-mousse-n435-250-ml-2c82-4.jpeg,SAÇ BAKIM ÜRÜNLERİ > KÖPÜK > ,REF,
REF PROMO BOX ILLUMINATE COLOUR MASQUE 2,Boyalı saçlar için parlaklık sağlayan maske. Özel olarak seçilmiş botanik özler ve aktif bileşenler içermektedir. Doğal ve boyalı saçı korumak, güçlendirmek ve aydınlatıcı parlaklık sağlamak için en son teknoloji ile geliştirilmiştir. Acaí ve jojoba yağları, zenginleştirilmiş renk refleksi ve parlak parlaklık sağlayan, saçı pürüzsüzleştiren ve korumaya yardımcı olan vitaminler, omega 3 ve omega 6 açısından zengindir. %100 Vegandır. Hayvan dostudur. Tüm saç tipleri, özellikle boyalı saçlar.,https://static.ticimax.cloud/cdn-cgi/image/width=76,quality=85/53520/uploads/urunresimleri/buyuk/ref-promo-box-illuminate-colour-masque-17-449.jpeg,SAÇ BAKIM ÜRÜNLERİ > MASKE > ,REF,
REF PROMO BOX INTENSE HYDRATE MASQUE 2,Kuru ve cansız saçlar için nemlendirici saç maskesi. Özel olarak seçilmiş botanik özler ve aktif bileşenlerle nemlendirici bakım sağlar. En son teknoloji ve daha az su ile daha zengin formüle sahiptir. Kuru ve cansız saçları korurken, güçlendirir ve nem kazandırır. İçeriğinde bulunan hindistan cevizi yağından elde edilen yağ asitleri saçı derinlemesine nemlendirip pürüzsüzleştirirken, zengin besleyici bergamot yağı saça parlaklık sağlar. %100 Vegandır. Hayvan Dostudur. Tüm saç tipleri, özellikle kuru ve cansız saçlar.,https://static.ticimax.cloud/cdn-cgi/image/width=76,quality=85/53520/uploads/urunresimleri/buyuk/ref-promo-box-intense-hydrate-masque-2-ba-b3a.jpeg,SAÇ BAKIM ÜRÜNLERİ > MASKE > ,REF,
Rejuvenating Oil 60 ML,Süper hafif esansiyel bitki ve çiçek türevi yağlarla hazırlanmış efsanevi bakım yağımız saçı canlandırmak için emilir ve saçın zarif, kabarık ve parlak görünmesini sağlar. Kuru saçlara gerekli nemi sağlar. Parlak görünümlü bir yüzey kazandırır. Saçları nemlendirerek pürüzsüz, yönetilebilir ve dolaşmayan bir his bırakmasını sağlar. Yağları ve çevresel kiri ortadan kaldırarak saç derinizi temizler.,https://static.ticimax.cloud/cdn-cgi/image/width=76,quality=85/53520/uploads/urunresimleri/buyuk/rejuvenating-oil-60-ml-f5-5c7.jpeg,SAÇ BAKIM ÜRÜNLERİ > BAKIM YAĞI > ,PHILIP B,
RP SM FIBER WAX 85 GR,STYLE MASTERS™ CREATOR FIBER WAX,https://static.ticimax.cloud/cdn-cgi/image/width=76,quality=85/53520/uploads/urunresimleri/buyuk/rp-sm-fiber-wax-85-gr-576730.jpeg,SAÇ BAKIM ÜRÜNLERİ > DİĞER > ,REVLON,
RP SM GLAMOURAMA SHINE SPRAY 300 ML,STYLE MASTERS™ MUST-HAVES GLAMOURAMA,https://static.ticimax.cloud/cdn-cgi/image/width=76,quality=85/53520/uploads/urunresimleri/buyuk/rp-sm-glamourama-shine-spray-300-ml-6-4ee2.jpeg,SAÇ BAKIM ÜRÜNLERİ > SPREY > ,REVLON,
Russian Amber Imperial Conditioner 178 ML,Ultra güçlü saç kremi, hasar görmüş saçları derinlemesine iyileştirir ve renginizin canlı görünmesini sağlar. Rus kehribarının sıcak, duyulara hitap eden notalarıyla saçlarınızı şımartın. En kuru saç telleri bile ışıltılı, canlı ve yenilenmiş bir görünümle kavuşur. Tüm saç tipleri için uygundur.,https://static.ticimax.cloud/cdn-cgi/image/width=76,quality=85/53520/uploads/urunresimleri/buyuk/russian-amber-imperial-conditioner-178-93c44-.jpeg,SAÇ BAKIM ÜRÜNLERİ > KREM > ,PHILIP B,
Russian Amber Imperial Dry Shampoo 260 ML,Russian Amber Imperial Dry Shampoo, Rus Kehribarı'nın lüks kokusuyla temizlenmemiş saçları tazeleyerek pudralı kalıntı bırakmadan, temiz ve taze bir his bırakan lüks kuru şampuan.,https://static.ticimax.cloud/cdn-cgi/image/width=76,quality=85/53520/uploads/urunresimleri/buyuk/russian-amber-imperial-dry-shampoo-260-997-f6.jpeg,SAÇ BAKIM ÜRÜNLERİ > ŞAMPUAN > ,
Russian Amber Imperial Gold Masque 236 ML,Peptitler, Oleozomlar ve Amino Asitler dahil olmak üzere bitkisel bileşenlerin özel bir karışımıyla formüle edilen bu güçlü maske, tüm saç tiplerinin esnek ve hafif hissetmesini sağlar. Özellikle saç boyası veya ısıyla şekillendirme nedeniyle zarar görmüş kuru, kırılgan teller için idealdir. Eşsiz bakım formülü, hasarlı tellerin görünümünü ve dokusunu iyileştirir, böylece daha fazla hacim, canlılık ve parlaklık sağlar.,https://static.ticimax.cloud/cdn-cgi/image/width=76,quality=85/53520/uploads/urunresimleri/buyuk/russian-amber-imperial-gold-masque-236-439bf-.jpeg,SAÇ BAKIM ÜRÜNLERİ > MASKE > ,PHILIP B,
Russian Amber Imperial Insta-Thick 260 ML,Yüksek teknolojili Rus kehribarı kokulu, saçınıza çarpıcı derecede bir hacim ve canlı görünümünü sunar. Uzay çağı polimerleri, kökleri güçlendirmek için yağı emerken saç gövdesini besler.,https://static.ticimax.cloud/cdn-cgi/image/width=76,quality=85/53520/uploads/urunresimleri/buyuk/russian-amber-imperial-insta-thick-260-f-db41.jpeg,SAÇ BAKIM ÜRÜNLERİ > SPREY > ,PHILIP B,
Russian Amber Imperial Mousse 200 ML,İnce, cansız saçları kabartan, muhteşem bir parlaklık kazandıran gelişmiş polimerlerle formüle edilmiş ağırlıksız şekillendirici köpük.,https://static.ticimax.cloud/cdn-cgi/image/width=76,quality=85/53520/uploads/urunresimleri/buyuk/russian-amber-imperial-mousse-200-ml-f-a376.jpeg,SAÇ BAKIM ÜRÜNLERİ > KÖPÜK > ,PHILIP B,
Russian Amber Imperial Shampoo 355 ML,Amerika Vogue tarafından "En İyi Şampuan" seçilen gösterişli ve canlandırıcı lüks şampuan. Bu onarıcı, renk koruyucu şampuan, saça ilk kullanımdan itibaren çarpıcı biçimde genç bir his ve parlaklık verir. Kalın, bal benzeri formül lüks bir şekilde köpürür (ufak miktarda dahi etkilidir).,https://static.ticimax.cloud/cdn-cgi/image/width=76,quality=85/53520/uploads/urunresimleri/buyuk/russian-amber-imperial-shampoo-355-ml-18c-45.jpeg,SAÇ BAKIM ÜRÜNLERİ > ŞAMPUAN > ,PHILIP B,
Russian Amber Imperial Shampoo 88 ML,Amerika Vogue tarafından "En İyi Şampuan" seçilen gösterişli ve canlandırıcı lüks şampuan. Bu onarıcı, renk koruyucu şampuan, saça ilk kullanımdan itibaren çarpıcı biçimde genç bir his ve parlaklık verir. Kalın, bal benzeri formül lüks bir şekilde köpürür (ufak miktarda dahi etkilidir).,https://static.ticimax.cloud/cdn-cgi/image/width=76,quality=85/53520/uploads/urunresimleri/buyuk/russian-amber-imperial-shampoo-88-ml-9-4e89.jpeg,SAÇ BAKIM ÜRÜNLERİ > ŞAMPUAN > ,PHILIP B,
Santa Fe Hair + Body Shampoo 350 ML,Uykulu sabahları dönüştüren günlük, orman tazeliğindeki bir esinti. Bu canlandırıcı botanik şampuan, antibakteriyel yıkama olarak kullanılabilir.,https://static.ticimax.cloud/cdn-cgi/image/width=76,quality=85/53520/uploads/urunresimleri/buyuk/santa-fe-hair-body-shampoo-350-ml-2ac895.jpeg,SAÇ BAKIM ÜRÜNLERİ > ŞAMPUAN > ,PHILIP B,
Santa Fe Hair + Body Shampoo 947 ML,Uykulu sabahları dönüştüren günlük, orman tazeliğindeki bir esinti. Bu canlandırıcı botanik şampuan, antibakteriyel yıkama olarak kullanılabilir.,https://static.ticimax.cloud/cdn-cgi/image/width=76,quality=85/53520/uploads/urunresimleri/buyuk/santa-fe-hair-body-shampoo-947-ml-9-89c3.jpeg,SAÇ BAKIM ÜRÜNLERİ > ŞAMPUAN > ,PHILIP B,
Scalp Booster 60 ML,Sağlıklı görünen saçlar, daha sağlıklı bir saç derisinden gelir. Saç fırçanızda daha az dökülme görmeniz için yoğunluk ve hacim görünümünü iyileştirmek üzere tasarlanan bu benzersiz formül ile daha dolgun görünen saçları destekleyin.,https://static.ticimax.cloud/cdn-cgi/image/width=76,quality=85/53520/uploads/urunresimleri/buyuk/scalp-booster-60-ml-51144-.jpeg,SAÇ BAKIM ÜRÜNLERİ > SERUM > ,PHILIP B,
Scalp Booster Leave-in Conditioner 125 ML,Saçların daha dolgun ve gür görünmesini sağlamak için %3 Redensyl® ile güçlendirilmiştir. Salisilik Asit saç derinizi daha temiz hissettirmek için nazikçe eksfoliasyon sağlarken, Bitki Özleri ve güçlü buğday ve pirinç amino asitlerinin karışımı yumuşatıcı faydalar sunar. Daha da iyisi, aktif bileşenleri, saçınızın ve saç derinizin en iyi şekilde hissetmesini ve görünmesini sağlamak için gelişmiş bir botanik dağıtım sistemi olan, zamanla salınan Aspir Oleozomları içerir.,https://static.ticimax.cloud/cdn-cgi/image/width=76,quality=85/53520/uploads/urunresimleri/buyuk/scalp-booster-leave-in-conditioner-125-737-40.jpeg,SAÇ BAKIM ÜRÜNLERİ > KREM > ,PHILIP B,
Scalp Booster Shampoo 180 ML,Redensyl ®, Niasin ve Kafein ile üretilen bu eşsiz temizleyici, saçların daha kalın, daha dolgun ve daha iyi hissedilmesine zemin hazırlar. Keratin ve amino asitler saç ve saç derisini iyileştirirken, Yeşil çay ve doğal ağaç özleri antioksidan destek sağlar.,https://static.ticimax.cloud/cdn-cgi/image/width=76,quality=85/53520/uploads/urunresimleri/buyuk/scalp-booster-shampoo-180-ml-f2-e96.jpeg,SAÇ BAKIM ÜRÜNLERİ > ŞAMPUAN > ,PHILIP B,
Scalp Booster System (Set of Four) 4 Adet,Sağlıklı görünen saçlar, daha sağlıklı hisseden bir saç derisinden gelir. Bu güçlü sistemle daha dolgun görünen saçları destekleyin. Saç fırçanızda daha az dökülme görmeniz için yoğunluk, kapatıcılık, hacim ve dolgunluk görünümünü iyileştirmek üzere tasarlanmıştır.,https://static.ticimax.cloud/cdn-cgi/image/width=76,quality=85/53520/uploads/urunresimleri/buyuk/scalp-booster-system-set-of-four-4-ade--45d4-.jpg,SAÇ BAKIM ÜRÜNLERİ > SET > ,PHILIP B,
Scalp Massager,Silikon saç derisi masaj aletimiz, sağlıklı saç derisini ve saçları desteklemek için şampuanlama sırasında küçük dairesel hareketlerle kullanmak için mükemmeldir. Ergonomik sap elinize rahatça oturur, Nazik koni şeklindeki silikon uçlar rahatlığın sağlanmasına yardımcı olur.,https://static.ticimax.cloud/cdn-cgi/image/width=76,quality=85/53520/uploads/urunresimleri/buyuk/scalp-massager-541726.jpg,SAÇ BAKIM ÜRÜNLERİ > TARAK & FIRÇALAR > ,PHILIP B,
Scalp Reanimation - 100 ml,Saç köklerini canlandırmak ve güçlendirmek için güçlü bir kokteyl. Erken saç dökülmesine ve önceden seyrelmiş saçların büyümesini teşvik etmek için günlük bakım için. Canlandırır, yeniden oluşturur, güçlendirir ve dış etkenlere karşı korur.,https://static.ticimax.cloud/cdn-cgi/image/width=76,quality=85/53520/uploads/urunresimleri/buyuk/scalp-reanimation-100-ml-f327fa.jpeg,SAÇ BAKIM ÜRÜNLERİ > SERUM > ,MBR,
Shaping Fiber 60 GR,Esnek lifli krem, saçlara daha kalın bir his ve dokusal muhteşemlik kazandırırken, daha rahat şekillendirme ve dokunulabilir bir tutuş sunar. Kısa veya katmanlı stilleri yarı mat görünüm ile şekillendirmek için idealdir.,https://static.ticimax.cloud/cdn-cgi/image/width=76,quality=85/53520/uploads/urunresimleri/buyuk/shaping-fiber-60-gr-80463c.jpeg,SAÇ BAKIM ÜRÜNLERİ > SAÇ ŞEKİLLENDİRİCİ > ,PHILIP B,
Silky Smooth Petite Black Scrunchie (Set of Three),İpek alternatifinden tasarlanan ipeksi pürüzsüz saç tokalarımız, hasara, kırılmaya, sürtünmeye ve girintilere neden olabilecek normal saç tokalarına lüks bir alternatiftir. İpeksi Pürüzsüz Saç Tokaları stil, işlev ve dayanıklılığın nihai birleşimidir.,https://static.ticimax.cloud/cdn-cgi/image/width=76,quality=85/53520/uploads/urunresimleri/buyuk/silky-smooth-petite-black-scrunchie-se-bca8-4.jpg,SAÇ BAKIM ÜRÜNLERİ > TARAK & FIRÇALAR > ,PHILIP B,
Silky Smooth Petite Champagne Scrunchie (Set of Three),İpek alternatifinden tasarlanan ipeksi pürüzsüz saç tokalarımız, hasara, kırılmaya, sürtünmeye ve girintilere neden olabilecek normal saç tokalarına lüks bir alternatiftir. İpeksi Pürüzsüz Saç Tokaları stil, işlev ve dayanıklılığın nihai birleşimidir.,https://static.ticimax.cloud/cdn-cgi/image/width=76,quality=85/53520/uploads/urunresimleri/buyuk/silky-smooth-petite-champagne-scrunchi-257-00.jpg,SAÇ BAKIM ÜRÜNLERİ > TARAK & FIRÇALAR > ,PHILIP B,
Styling Comb,Tarama, uygun bir saç bakım rejiminin önemli bir yönüdür. şekillendirici tarağımız geniş ve ince dişlerle tasarlanmıştır. Kısa, orta ve uzun saç stilleri için ideal şekillendirme aracı.,https://static.ticimax.cloud/cdn-cgi/image/width=76,quality=85/53520/uploads/urunresimleri/buyuk/styling-comb-a5-40c.jpg,SAÇ BAKIM ÜRÜNLERİ > TARAK & FIRÇALAR > ,PHILIP B,
Tangle Teezer - Compact Styler Bronze Chrome,• Tangle Teezer Compact Styler, dişlerini korumaya yardımcı olan çıkarılabilir bir kapağa sahiptir bu özelliği ve ideal boyutu sayesinde çantanızda, arabanızda, seyahatleriniz yanınızda taşımaya çok uygundur.,https://static.ticimax.cloud/cdn-cgi/image/width=76,quality=85/53520/uploads/urunresimleri/buyuk/tangle-teezer-compact-styler-bronze-ch-4a-478.jpeg,SAÇ BAKIM ÜRÜNLERİ > TARAK & FIRÇALAR > ,TANGLE TEEZER,
Tangle Teezer - Compact Styler Male Groomer Grey,• Tangle Teezer Compact Styler, dişlerini korumaya yardımcı olan çıkarılabilir bir kapağa sahiptir bu özelliği ve ideal boyutu sayesinde çantanızda, arabanızda, seyahatleriniz yanınızda taşımaya çok uygundur.,https://static.ticimax.cloud/cdn-cgi/image/width=76,quality=85/53520/uploads/urunresimleri/buyuk/tangle-teezer-compact-styler-male-groo-e26307.jpeg,SAÇ BAKIM ÜRÜNLERİ > TARAK & FIRÇALAR > ,TANGLE TEEZER,
Tangle Teezer - Compact Styler Ombre Chrome Pink/Peach,• Tangle Teezer Compact Styler, dişlerini korumaya yardımcı olan çıkarılabilir bir kapağa sahiptir bu özelliği ve ideal boyutu sayesinde çantanızda, arabanızda, seyahatleriniz yanınızda taşımaya çok uygundur.,https://static.ticimax.cloud/cdn-cgi/image/width=76,quality=85/53520/uploads/urunresimleri/buyuk/tangle-teezer-compact-styler-ombre-chr-643a24.jpeg,SAÇ BAKIM ÜRÜNLERİ > TARAK & FIRÇALAR > ,TANGLE TEEZER,
Tangle Teezer - Easy Dry & Go Shocking Cerise (Fushia),• Tangle Teezer Easy Dry&Go serisi havalandırma kanallı fön fırçası, hızlı ve kolay fön çekmeyi sağlayan, heyecan verici ürünlerimizdendir.,https://static.ticimax.cloud/cdn-cgi/image/width=76,quality=85/53520/uploads/urunresimleri/buyuk/tangle-teezer-easy-dry-go-shocking-cer-7ee8c0.jpeg,SAÇ BAKIM ÜRÜNLERİ > TARAK & FIRÇALAR > ,TANGLE TEEZER,
Tangle Teezer - Mini Wet Barbie Detangling,• The Wet Detangler Saç Açıcı Fırçası, süper küçük, süper sevimli ve süper kullanışlı hale geldi!,https://static.ticimax.cloud/cdn-cgi/image/width=76,quality=85/53520/uploads/urunresimleri/buyuk/tangle-teezer-mini-wet-barbie-detangli-0-4cf7.jpeg,SAÇ BAKIM ÜRÜNLERİ > TARAK & FIRÇALAR > ,TANGLE TEEZER,
Tangle Teezer - Mini Wet Detangler Sea Green Mint,• The Wet Detangler Saç Açıcı Fırçası, süper küçük, süper sevimli ve süper kullanışlı hale geldi!,https://static.ticimax.cloud/cdn-cgi/image/width=76,quality=85/53520/uploads/urunresimleri/buyuk/tangle-teezer-mini-wet-detangler-sea-g-738193.jpeg,SAÇ BAKIM ÜRÜNLERİ > TARAK & FIRÇALAR > ,TANGLE TEEZER,
Tangle Teezer - Original Coral / Lila,Tangle Teezer markasının ilk ürünlerinden olan Original serisi, pek çok ödül almış bir saç fırçadır.,https://static.ticimax.cloud/cdn-cgi/image/width=76,quality=85/53520/uploads/urunresimleri/buyuk/tangle-teezer-original-coral-lila-e4-41b.jpeg,SAÇ BAKIM ÜRÜNLERİ > TARAK & FIRÇALAR > ,TANGLE TEEZER,
Tangle Teezer - Original Panther Black,Tangle Teezer markasının ilk ürünlerinden olan Original serisi, pek çok ödül almış bir saç fırçadır.,https://static.ticimax.cloud/cdn-cgi/image/width=76,quality=85/53520/uploads/urunresimleri/buyuk/tangle-teezer-original-panther-black-b1e0-3.jpeg,SAÇ BAKIM ÜRÜNLERİ > TARAK & FIRÇALAR > ,TANGLE TEEZER,
Tangle Teezer - Salon Elite Black,Marka,https://static.ticimax.cloud/cdn-cgi/image/width=76,quality=85/53520/uploads/urunresimleri/buyuk/tangle-teezer-salon-elite-black-d71fe4.jpeg,SAÇ BAKIM ÜRÜNLERİ > TARAK & FIRÇALAR > ,TANGLE TEEZER,
Tangle Teezer - Salon Elite Pink / Lilac,Marka,https://static.ticimax.cloud/cdn-cgi/image/width=76,quality=85/53520/uploads/urunresimleri/buyuk/tangle-teezer-salon-elite-pink-lilac--a6e1c.jpeg,SAÇ BAKIM ÜRÜNLERİ > TARAK & FIRÇALAR > ,TANGLE TEEZER,
Tangle Teezer - Scalp Brush Blue,• Tangle Teezer Scalp Serisi saça derisine masaj yaparak saç derisindeki ürün kalıntılarının, ölü hücrelerin arındırılmasına yardımcı olur. Ayrıca kan dolaşımını da hızlandırdığı için dökülme problemlerinin azalmasına destek olur.,https://static.ticimax.cloud/cdn-cgi/image/width=76,quality=85/53520/uploads/urunresimleri/buyuk/tangle-teezer-scalp-brush-blue-59-beb.jpeg,SAÇ BAKIM ÜRÜNLERİ > TARAK & FIRÇALAR > ,TANGLE TEEZER,
Tangle Teezer - Scalp Brush Pink,• Tangle Teezer Scalp Serisi saça derisine masaj yaparak saç derisindeki ürün kalıntılarının, ölü hücrelerin arındırılmasına yardımcı olur. Ayrıca kan dolaşımını da hızlandırdığı için dökülme problemlerinin azalmasına destek olur.,https://static.ticimax.cloud/cdn-cgi/image/width=76,quality=85/53520/uploads/urunresimleri/buyuk/tangle-teezer-scalp-brush-pink-41d8df.jpeg,SAÇ BAKIM ÜRÜNLERİ > TARAK & FIRÇALAR > ,TANGLE TEEZER,
Tangle Teezer - Ultimate Detangler Large Salmon Pink,Tangle Teezer Styling Serisinden The Ultimate Saç fırçaları «Patentli diş teknolojisi» ile tüm saç tipleri için kuru şekillendirme, karışıklıkları açma ve saçlarınıza hacim, pürüzsüzlük ve parlaklık katmanıza yardımcı olarak saçlarınızı mükemmelleştirmek için tasarlanmıştır.,https://static.ticimax.cloud/cdn-cgi/image/width=76,quality=85/53520/uploads/urunresimleri/buyuk/tangle-teezer-ultimate-detangler-large--9228-.jpeg,SAÇ BAKIM ÜRÜNLERİ > TARAK & FIRÇALAR > ,TANGLE TEEZER,
Tangle Teezer - Ultimate Styler Millenial Pink,Tangle Teezer Styling Serisinden The Ultimate Saç fırçaları «Patentli diş teknolojisi» ile tüm saç tipleri için kuru şekillendirme, karışıklıkları açma ve saçlarınıza hacim, pürüzsüzlük ve parlaklık katmanıza yardımcı olarak saçlarınızı mükemmelleştirmek için tasarlanmıştır.,https://static.ticimax.cloud/cdn-cgi/image/width=76,quality=85/53520/uploads/urunresimleri/buyuk/tangle-teezer-ultimate-styler-millenia-a24de3.jpeg,SAÇ BAKIM ÜRÜNLERİ > TARAK & FIRÇALAR > ,TANGLE TEEZER,
Tangle Teezer - Wet Detangler Denim Blue,• Tangle Teezer markasının en yeni ürünlerinden biri olan Wet Detangler , ıslak saçlar için tasarlanmış saçlardaki düğümleri ve karışıklıkları güvenli bir şekilde açarken kırılmayı engellemeye de yardımcı olur.,https://static.ticimax.cloud/cdn-cgi/image/width=76,quality=85/53520/uploads/urunresimleri/buyuk/tangle-teezer-wet-detangler-denim-blue-435a-9.jpeg,SAÇ BAKIM ÜRÜNLERİ > TARAK & FIRÇALAR > ,TANGLE TEEZER,
Thermal Protection Spray 125 ML,Saçınızla şekillendirme aletiniz arasında bariyer oluşturan, nem kaybını azaltan ve elektriklenmeyi önleyen, botanik destekli ısı koruyucu ve ağırlıksız bir astar. Zamanla salınan nemlendiriciler saça seksi, dokulu bir his verir; daha parlak bir görünüm; ve Royal Oud'un hafif, zengin kokusu.  Ultra hafif formül, tarzınızı ağırlaştırmadan mükemmelleştirmenize yardımcı olur. Aspir Oleozomları, Enginar Yaprağı Ekstraktı, Mongogo Yağı, E Vitamini ve güçlü L-Amino Asit Kompleksi, kırılgan teller ile UV ışınları veya ısıtılmış şekillendirme araçları arasında bir bariyer oluşturarak nemi hapsederek saçın daha sağlıklı görünmesini ve hissetmesini sağlar. Oud'un hafif, tatlı odunsu kokusuyla saçları şımartır.,https://static.ticimax.cloud/cdn-cgi/image/width=76,quality=85/53520/uploads/urunresimleri/buyuk/thermal-protection-spray-125-ml-e95cbd.jpeg,SAÇ BAKIM ÜRÜNLERİ > SPREY > ,PHILIP B,
Weightless Conditioning Water 75 ML,Teknolojik olarak geliştirilmiş su bazlı formül, saçı ağırlaştırmadan ipeksi ve şekillendirilebilir bir his bırakır. Kuru, nemsiz kalmış saç tellerinin parlak ve canlı görünmesini sağlar. Papatya, kına çiçeği, atkuyruğu otu, şerbetçiotu, biberiye, ısırgan otu ve portakal kabuğundan oluşan tescilli bir kompleks muhteşem faydalar sunar. Manolya Çiçeğinin taze, sofistike kokusuyla aşılanmıştır.,https://static.ticimax.cloud/cdn-cgi/image/width=76,quality=85/53520/uploads/urunresimleri/buyuk/weightless-conditioning-water-75-ml-c63-d0.jpg,SAÇ BAKIM ÜRÜNLERİ > SPREY > ,PHILIP B,
Weightless Mega Curl Enhancer 178 ML,Kıvırcık saçlarda uçuşan tellerin görünümünü azaltır. Zamanla salınan, yumuşatıcı Aspir Oleozomları ile yapılan hafif, şekillendirici kremimiz, doğal dalgalı saçların özellikle daha belirgin görünmesini ve parlaklık sağlar. Manolya Çiçeğinin taze ve sofistike kokusunu saçlara aşılar.,https://static.ticimax.cloud/cdn-cgi/image/width=76,quality=85/53520/uploads/urunresimleri/buyuk/weightless-mega-curl-enhancer-178-ml-45-fab.jpg,SAÇ BAKIM ÜRÜNLERİ > KREM > ,PHILIP B,
Weightless Volumizing Conditioner 178 ML,Benzersiz formül, pürüzsüz, canlı saçlarınızı hafifçe yumuşatır. Bitki özlerinin (Biberiye, Yeşil Çay Yaprağı Suyu, Ayçiçeği ve Aloe) ve Gliserinin hedefe yönelik karışımı, saçları ağırlaştırmadan dolgunlaştırır. Yavaşça çözülür. Manolya Çiçeğinin taze, sofistike kokusuyla aşılanmıştır. Tüm aile için mükemmel bir günlük saç kremi.,https://static.ticimax.cloud/cdn-cgi/image/width=76,quality=85/53520/uploads/urunresimleri/buyuk/weightless-volumizing-conditioner-178--6219e9.jpeg,SAÇ BAKIM ÜRÜNLERİ > KREM > ,PHILIP B,
Weightless Volumizing Conditioner 947 ML,Benzersiz formül, pürüzsüz, canlı saçlarınızı hafifçe yumuşatır. Bitki özlerinin (Biberiye, Yeşil Çay Yaprağı Suyu, Ayçiçeği ve Aloe) ve Gliserinin hedefe yönelik karışımı, saçları ağırlaştırmadan dolgunlaştırır. Yavaşça çözülür. Manolya Çiçeğinin taze, sofistike kokusuyla aşılanmıştır. Tüm aile için mükemmel bir günlük saç kremi.,https://static.ticimax.cloud/cdn-cgi/image/width=76,quality=85/53520/uploads/urunresimleri/buyuk/weightless-volumizing-conditioner-947--2031-4.jpg,SAÇ BAKIM ÜRÜNLERİ > KREM > ,PHILIP B,
Weightless Volumizing Hair Masque 226 GR,https://static.ticimax.cloud/cdn-cgi/image/width=76,quality=85/53520/uploads/urunresimleri/buyuk/weightless-volumizing-hair-masque-226--92e7-8.jpg,SAÇ BAKIM ÜRÜNLERİ > MASKE > ,
Weightless Volumizing Insta-Thick 260 ML,https://static.ticimax.cloud/cdn-cgi/image/width=76,quality=85/53520/uploads/urunresimleri/buyuk/weightless-volumizing-insta-thick-260--399e83.jpg,SAÇ BAKIM ÜRÜNLERİ > SPREY > ,
Weightless Volumizing Shampoo 220 ML,Saçlarınızın gür, canlı ve parlak görünmesini sağlamak için saç derisindeki yağları ve kalıntıları nazikçe temizler. Manolya Çiçeğinin taze, sofistike kokusuyla yapılmıştır. Tüm aile için mükemmel bir günlük şampuan. Biberiye, Yeşil Çay Yaprağı, Ayçiçeği ve Aloe vera özlerinden oluşan muhteşem bir karışım.,https://static.ticimax.cloud/cdn-cgi/image/width=76,quality=85/53520/uploads/urunresimleri/buyuk/weightless-volumizing-shampoo-220-ml-8-40aa.jpeg,SAÇ BAKIM ÜRÜNLERİ > ŞAMPUAN > ,PHILIP B,
Weightless Volumizing Shampoo 60 ML,Saçlarınızın gür, canlı ve parlak görünmesini sağlamak için saç derisindeki yağları ve kalıntıları nazikçe temizler. Manolya Çiçeğinin taze, sofistike kokusuyla yapılmıştır. Tüm aile için mükemmel bir günlük şampuan. Biberiye, Yeşil Çay Yaprağı, Ayçiçeği ve Aloe vera özlerinden oluşan muhteşem bir karışım.,https://static.ticimax.cloud/cdn-cgi/image/width=76,quality=85/53520/uploads/urunresimleri/buyuk/weightless-volumizing-shampoo-60-ml--b3ab-.jpeg,SAÇ BAKIM ÜRÜNLERİ > ŞAMPUAN > ,PHILIP B,
Weightless Volumizing Shampoo 974 ML,Saçlarınızın gür, canlı ve parlak görünmesini sağlamak için saç derisindeki yağları ve kalıntıları nazikçe temizler. Manolya Çiçeğinin taze, sofistike kokusuyla yapılmıştır. Tüm aile için mükemmel bir günlük şampuan. Biberiye, Yeşil Çay Yaprağı, Ayçiçeği ve Aloe vera özlerinden oluşan muhteşem bir karışım.,https://static.ticimax.cloud/cdn-cgi/image/width=76,quality=85/53520/uploads/urunresimleri/buyuk/weightless-volumizing-shampoo-974-ml-45f7f5.jpeg,SAÇ BAKIM ÜRÜNLERİ > ŞAMPUAN > ,PHILIP B,
White Truffle Shampoo 220 ML,https://static.ticimax.cloud/cdn-cgi/image/width=76,quality=85/53520/uploads/urunresimleri/buyuk/white-truffle-shampoo-220-ml--107b-.jpeg,SAÇ BAKIM ÜRÜNLERİ > ŞAMPUAN > ,
Ballstad Anneler Günü Paketi (Somon Kolajeni 32+7 Saşe),Marka,https://static.ticimax.cloud/cdn-cgi/image/width=76,quality=85/53520/uploads/urunresimleri/buyuk/ballstad-anneler-gunu-paketi-somon-kol-fa0-c4.jpg,BESİN TAKVİYELERİ > ÖZEL TAKVİYELER > ,BALLSTAD,TL3.599,00
Ballstad Balık Kolajeni Başlangıç Paketi (160 GR),Norveç’ten Gelen Saf Balık Kolajeni Ballstad Balık Kolajeni %100 balık kaynaklı hidrolize kolajen peptidleri içerir. Sadece temiz Norveç denizlerin elde edilen balıklar kullanılır ve çevresel kirlilikten arındırılmıştır. Nötr tat ve kokusu nedeniyle içimi rahattır. Ballstad Balık Kolajeni, %100 Norveç’te, Norveç Gıda Güvenliği Mevzuatına uygun üretilmiştir. Ham maddesinden üretimine ve paketlenmesine kadar yüksek kalite standartları gözetilir ve denetlenir. %100 Balık kaynaklı, tip 1 kolajendir. Ballstad kolajeni molekül büyüklüğü sadece 3000 dalton’dur. Ballstad kolajeni şeker, tatlandırıcı ya da aroma veya renklendirici içermez. Her gün 5 gram (1silme yemek kaşığı) toz kolajeni, tercih edeceğiniz 1 bardak sıvı ile karıştırarak tüketebilirsiniz veya yiyeceklerinize ekleyebilirsiniz. Nötr tada ve kokuya sahip Ballstad Kolajeni yiyecek/ içeceklerinizin tadını değiştirmeyecektir Kolajen vücutta en fazla bulunan proteindir, vücut tarafından üretilir. 20’li yaşlardan sonra vücuttaki kolajen azalmaya başlar. Yaşla birlikte vücutta kolajen yenilenmesi yılda %1-1.5 oranında azalmaya başlar. Sigara ve alkol tüketimi, serbest radikallere maruz kalma, güneş ve UV ışınlar da kolajen üretimini etkiler.,https://static.ticimax.cloud/cdn-cgi/image/width=76,quality=85/53520/uploads/urunresimleri/buyuk/ballstad-balik-kolajeni-baslangic-pake-1-82b4.jpg,https://static.ticimax.cloud/cdn-cgi/image/width=76,quality=85/53520/uploads/urunresimleri/buyuk/ballstad-balik-kolajeni-baslangic-pake-49f-87.jpg,BESİN TAKVİYELERİ > TOZ KOLLAJEN > ,BALLSTAD,TL3.299,00
Ballstad Omega-3 (93 Kapsül),3 adet küçük ve yutulması kolay kapsül içeren günlük dozaj, 540mg EPA ve 390mg DHA ile toplamda 1050mg Omega-3 alımını destekler. Formülümüz trigliserit formundadır. Tazeliği sebebiyle kokusu ve tadı midenizi rahatsız etmez.,https://static.ticimax.cloud/cdn-cgi/image/width=76,quality=85/53520/uploads/urunresimleri/buyuk/ballstad-omega-3-93-kapsul-a-4180.jpeg,BESİN TAKVİYELERİ > OMEGA-3 > ,BALLSTAD,TL1.249,00
Ballstad Omega-3 Başlangıç Paketi (93 Kapsül-Saklama Kutusu Hediyeli),3 adet küçük ve yutulması kolay kapsül içeren günlük dozaj, 540mg EPA ve 390mg DHA ile toplamda 1050mg Omega-3 alımını sağlar. Formülümüz trigliserit formundadır. Tazeliği sebebiyle kokusu ve tadı midenizi rahatsız etmez.,https://static.ticimax.cloud/cdn-cgi/image/width=76,quality=85/53520/uploads/urunresimleri/buyuk/ballstad-omega-3-baslangic-paketi-93-k-d50f01.jpeg,BESİN TAKVİYELERİ > OMEGA-3 > ,BALLSTAD,TL1.349,00
Ballstad Somon Kolajeni (15 Saşe),Ballstad Somon Kolajeni, %100 somon kaynaklı, tip 1 kolajendir. Norveç Gıda Güvenliği Mevzuatına uygun Norveç’te üretilmiştir. Hammaddesinden üretimine ve paketlenmesine kadar yüksek kalite standartları gözetilir ve denetlenir.,https://static.ticimax.cloud/cdn-cgi/image/width=76,quality=85/53520/uploads/urunresimleri/buyuk/ballstad-somon-kolajeni-15-sase-8c14-b.jpg,BESİN TAKVİYELERİ > TOZ KOLLAJEN > ,BALLSTAD,TL1.699,00
Ballstad Somon Kolajeni (32 Saşe),Ballstad Somon Kolajeni, %100 somon kaynaklı, tip 1 kolajendir. Norveç Gıda Güvenliği Mevzuatına uygun Norveç’te üretilmiştir. Hammaddesinden üretimine ve paketlenmesine kadar yüksek kalite standartları gözetilir ve denetlenir.,https://static.ticimax.cloud/cdn-cgi/image/width=76,quality=85/53520/uploads/urunresimleri/buyuk/ballstad-somon-kolajeni-32-sase-8d-6e6.jpg,BESİN TAKVİYELERİ > TOZ KOLLAJEN > ,BALLSTAD,TL3.599,00
Ballstad Somon Kolajeni (7 Saşe),Ballstad Somon Kolajeni, %100 somon kaynaklı, tip 1 kolajendir. Norveç Gıda Güvenliği Mevzuatına uygun Norveç’te üretilmiştir. Hammaddesinden üretimine ve paketlenmesine kadar yüksek kalite standartları gözetilir ve denetlenir.,https://static.ticimax.cloud/cdn-cgi/image/width=76,quality=85/53520/uploads/urunresimleri/buyuk/ballstad-somon-kolajeni-7-sase-b9266f.jpg,BESİN TAKVİYELERİ > TOZ KOLLAJEN > ,BALLSTAD,TL899,00
Ballstad Somon Kolajeni Başlangıç Paketi (32 Şase-Saklama Kutusu Hediyeli),Ballstad Somon Kolajeni, %100 somon kaynaklı, tip 1 kolajendir. Norveç Gıda Güvenliği Mevzuatına uygun Norveç’te üretilmiştir. Hammaddesinden üretimine ve paketlenmesine kadar yüksek kalite standartları gözetilir ve denetlenir.,https://static.ticimax.cloud/cdn-cgi/image/width=76,quality=85/53520/uploads/urunresimleri/buyuk/ballstad-somon-kolajeni-baslangic-pake-2-4731.jpg,BESİN TAKVİYELERİ > TOZ KOLLAJEN > ,BALLSTAD,TL3.899,00
BioSil V-Kapsül (60 Kapsül-30 Günlük Doz),BioSil Kolin Stablize Orthosilisik asit olup (ch-OSA) insan vücudunun Kolajen , Elastin ve Keratin üretimini aktive etmektedir. Kolajen ,Elastin ve keratin bilindiği üzere cildimiz , saçlarımız, tırnaklarımız , kemik ve eklemlerimiz için vazgeçilmez 3 değerli proteindir. BioSil içerdiği Kolin sayesinde kaybı yavaşlatırken OSA sayesinde yeni Kolajen , Elastin ve Keratin üretiminin üretimini aktive eder. Zamanın getirmiş olduğu yaşlanma belirtilerini en aza indirmeyi sağlar.,https://static.ticimax.cloud/cdn-cgi/image/width=76,quality=85/53520/uploads/urunresimleri/buyuk/biosil-v-kapsul-60-kapsul-30-gunluk-do-a892-c.jpeg,BESİN TAKVİYELERİ > ÖZEL TAKVİYELER > ,BIOSIL,TL975,00
Collagen Beauty Takviye Edici Gıda (21 Şase),Ürün tatlandırıcı, renklendirici ve şeker içermez.,https://static.ticimax.cloud/cdn-cgi/image/width=76,quality=85/53520/uploads/urunresimleri/buyuk/collagen-beauty-takviye-edici-gida-21--cc-045.jpeg,https://static.ticimax.cloud/cdn-cgi/image/width=76,quality=85/53520/uploads/urunresimleri/buyuk/collagen-beauty-takviye-edici-gida-21--a06eaf.jpeg,https://static.ticimax.cloud/cdn-cgi/image/width=76,quality=85/53520/uploads/urunresimleri/buyuk/collagen-beauty-takviye-edici-gida-21--4b-bfc.jpeg,BESİN TAKVİYELERİ > ÖZEL TAKVİYELER > ,INSIDE OUT,TL1.200,00
Collagen Lift Paris - Collagen Booster (30 Kapsül),Kollajen, vücudumuz tarafından fibroblast adı verilen dermal hücrelerde doğal olarak üretilen bir proteindir. Bu protein cilde tonik etkiler ve esneklik sağlar. Yaşlanmanın ilk belirtileri cilt elastikiyetinin ve yoğunluğunun kaybı ile ortaya çıkar. Collagen Lift Paris Collagen Booster (CLP Collagen Booster) içeriğindeki yeni nesil yaşlanma karşıtı formül SkinAx2 TM (üzüm flavanolleri (monomerler ve OPC), SOD ve C Vitamini), glisin ve L-prolin gibi doğal kollajen sentezini artıran ve kolajen bozulumunu azaltan bilimsel olarak kanıtlanmış bileşenler içerir.,https://static.ticimax.cloud/cdn-cgi/image/width=76,quality=85/53520/uploads/urunresimleri/buyuk/collagen-lift-paris-collagen-booster-3-4d7a60.jpeg,BESİN TAKVİYELERİ > KAPSÜL > ,COLLAGEN LIFT PARIS,TL1.590,00
Collagen Lift Paris - Hair (60 Kapsül),Collagen Lift Paris HAIR, saç dökülmesini önemli ölçüde azaltan, sağlıklı saçların yeniden çıkmasını teşvik eden ve ağarmayı önleyen günlük bir takviyedir.,https://static.ticimax.cloud/cdn-cgi/image/width=76,quality=85/53520/uploads/urunresimleri/buyuk/collagen-lift-paris-hair-60-kapsul-fe093f.jpg,BESİN TAKVİYELERİ > KAPSÜL > ,COLLAGEN LIFT PARIS,TL1.790,00
Collagen Lift Paris - Luminous Gold,Collagen Lift Paris™ ailesi olarak yine bir ilki gerçekleştirdik! 5000mg kolajenin yanına; 500mg Altın Eğrelti Otu’nu ekledik! Şeker içermeyen Luminous Gold ile içerdiği Kolajen, Altın Eğrelti Otu, Glutatyon, Akdeniz Yosunu, C Vitamini, E Vitamini ve Hyalüronik Asit ile Collagen Lift Paris™ kullanıcıları ile buluşuyor. Ayrıca Vitamin C, kemiklerin ve kıkırdağın normal fonksiyonu için gerekli olan normal kollajen oluşumuna katkıda bulunur,https://static.ticimax.cloud/cdn-cgi/image/width=76,quality=85/53520/uploads/urunresimleri/buyuk/collagen-lift-paris-luminous-gold-700df4.jpeg,BESİN TAKVİYELERİ > SIVI KOLLAJEN > ,COLLAGEN LIFT PARIS,TL4.250,00
Collagen Lift Paris - Red Carpet,Fransız güzellik ödülünün sahibi, kolajen severlerin bir numaralı tercihi! Collagen Lift Paris™ Red Carpet, içilebilir kolajen, Hyaluronik Asit, Akdeniz yosunu ve C vitamininden oluşan güçlü bir kombinasyondur.,https://static.ticimax.cloud/cdn-cgi/image/width=76,quality=85/53520/uploads/urunresimleri/buyuk/collagen-lift-paris-red-carpet-e94472.jpeg,BESİN TAKVİYELERİ > SIVI KOLLAJEN > ,COLLAGEN LIFT PARIS,TL3.360,00
Collagen Lift Paris - Tip 1-2-3,Tip 1-2-3 kollajen içerir. 100mg C vitamini 100mg hyaluronik asit ile güçlendirilmiştir. Antioksidan yüklüdür.,https://static.ticimax.cloud/cdn-cgi/image/width=76,quality=85/53520/uploads/urunresimleri/buyuk/collagen-lift-paris-tip-1-2-3-edecc3.jpeg,BESİN TAKVİYELERİ > SIVI KOLLAJEN > ,COLLAGEN LIFT PARIS,TL4.400,00
COLLAGEN VITAL POWER,Cildin nemini ve elastikiyetini artırır. Cilt yoğunluğunu yeniler, ince çizgileri ve kırışıklıkları azaltır. Kıkırdaklarınızı yeniler ve kemik yoğunluğunu güçlendirir. İltihabı ve eklem ağrısını azaltır. Eklem ağrılarını azaltır İyileşme süresini kısaltır, performansı yükseltir. Mikrobiyota ve doygunluğu düzenler. 30 saşelik kutu / Doz başına 10 gr.,https://static.ticimax.cloud/cdn-cgi/image/width=76,quality=85/53520/uploads/urunresimleri/buyuk/collagen-vital-power-cc994-.jpeg,BESİN TAKVİYELERİ > TOZ KOLLAJEN > ,COLLAGEN VITAL,TL2.800,00
G7 Beauty Triple Action (60 Tablet),Tırnakları sertleştirir ve daha sağlıklı uzamalarını sağlar.,https://static.ticimax.cloud/cdn-cgi/image/width=76,quality=85/53520/uploads/urunresimleri/buyuk/g7-beauty-triple-action-60-kapsul-cea-d3.jpeg,BESİN TAKVİYELERİ > ÖZEL TAKVİYELER > ,SILICIUM,TL2.000,00
HOLA - Classic Collagen (30x25 ML),HOLA COLLAGEN ® günlük kollajen ve vitamin alımınıza yardımcı olur. 30 günlük içime hazır sıvı formu vardır. Ürünümüz de Hidrolize Kollajen Peptiti, Hyaluronik Asit, Glutatyon, Acai, C-E Vitamini, Beta Karoten, Bakır, Biotin ve Çinko içerir. Her 25ml içime hazır sıvı formumuzda 2500mg Tip 1 ve 2500mg Tip 3 kollajen bulunur.,https://static.ticimax.cloud/cdn-cgi/image/width=76,quality=85/53520/uploads/urunresimleri/buyuk/hola-classic-collagen-30x25-ml-1ee-27.jpeg,BESİN TAKVİYELERİ > SIVI KOLLAJEN > ,HOLA,TL2.500,00
HOLA - Fit Collagen (15x25 ML),HOLA L-Carnitine içerisinde bulunan Tip 2 kolajen, B3, B6, ve B12 vitaminleri sayesinde gün içerisinde ve egzersiz yaparken kendinizi daha dinç hissetmenizi sağlar. Tip 2 kolajen kullananlar üzerinde yapılan klinik araştırmalarda düzenli olarak ara vermeden (3-6 ay) kullanım sonucunda eklemlerde pozitif sonuçların gözlemlendiği bildirilmektedir. Şekersiz Glutensiz Unisex Kullanım,https://static.ticimax.cloud/cdn-cgi/image/width=76,quality=85/53520/uploads/urunresimleri/buyuk/hola-fit-collagen-15x25-ml-610-83.jpeg,BESİN TAKVİYELERİ > SIVI KOLLAJEN > ,HOLA,TL1.400,00
Meditech Sogreen,Organik Yeşil Karışım Organik Ispanak %5-15 Organik Kale %5-15 Organik Brokoli %5-15 Organik Chlorella %5-15 Organik Spiriluna %15-25 Organik Arpa Çimi %15-25 Organik Buğday Çimi %15-25 Vitamin C 200mg Vitamin D 15 µg (600 IU) Zinc/Çinko 5 mg Günde 1 tablet kullanılabilir.,https://static.ticimax.cloud/cdn-cgi/image/width=76,quality=85/53520/uploads/urunresimleri/buyuk/meditech-sogreen-9c61-a.jpeg,BESİN TAKVİYELERİ > VİTAMİN > ,MEDITECH,TL350,00
MUJER Collagen 30x30 ML,Kolajen dokunun yapıştırıcısı gibi görev yapan, ölü cilt hücrelerini yenileyen, cildin elastikiyetini artırıp gergin kalmasını sağlayan tüm vücudumuz için yapısal ve işlevsel açıdan gerekli bir proteindir. MUJER Collagen içerdiği Tip-I/Tip-III sığır kolajeni, antioksidan, vitaminler, mineraller ve bileşenlerle vücudunuzun kaybettiği kolajeni geri kazandırmayı amaçlar bunu mümkün olan en sağlıklı yoldan sağlar. Vücudunuzun doğal kolajen üretme yeteneğini desteklemeye yardımcı olan mükemmel bir karışım.,https://static.ticimax.cloud/cdn-cgi/image/width=76,quality=85/53520/uploads/urunresimleri/buyuk/mujer-collagen-30x30-ml-6d29a3.png,BESİN TAKVİYELERİ > SIVI KOLLAJEN > ,MUJER,TL2.800,00
MUJER Fit Collagen 30x30 ML,Tip-II Kolajen, eklem sağlığı ve kıkırdak oluşumu açısından oldukça önemlidir. Özellikle eklem ağrıları ve daha ileri eklem hastalıklarında oldukça etkili olmaktadır. L-Carnitin ise vücutta oluşan yağların parçalanmasını ve metabolizmanın hızlanmasını sağlar. MUJER Fit Tip-II Kolajen, L-Carnitin, mineral ve çeşitli vitaminler içerir. Gün boyu daha yüksek enerji, daha sıkı performans, güçlü ve güzel bir siz için mükemmel bir karışım.,https://static.ticimax.cloud/cdn-cgi/image/width=76,quality=85/53520/uploads/urunresimleri/buyuk/mujer-fit-collagen-30x30-ml-c80-4f.png,BESİN TAKVİYELERİ > SIVI KOLLAJEN > ,MUJER,TL2.800,00
PhFormula Liquid Life (10x25ML),Bu cilt takviyesi formülasyonu, içten dışa sağlıklı bir cildi korumak için gerekli mikro besinleri içerir. 5 temel karotenoid, vitamin, mineral ve hyaluronik asidin benzersiz kombinasyonu, cildi UV ışınlarına maruz kalmaktan korumak, foto korumayı iyileştirmek, bağışıklık sistemini güçlendirmek, cildi yoğun bir şekilde nemlendirmek, oksidatif strese karşı korumak ve cilt parlaklığını artırmak için sinerjik olarak çalışır.,https://static.ticimax.cloud/cdn-cgi/image/width=76,quality=85/53520/uploads/urunresimleri/buyuk/phformula-liquid-life-10x25ml-bc129a.jpeg,BESİN TAKVİYELERİ > ÖZEL TAKVİYELER > ,PHFORMULA,
SILL X Ceramide & Silicium Complex (30 Kapsül),SILL-X Ceramide & Silicium Complex, Dünya'nın ilk içilebilen seramid ve silisyum kaynağıdır. FDA onaylı tesiste, Avrupa Gıda Güvenliği otoritesi EFSA onayıyla üretilen bu ürün, vücudumuzun kollajen, keratin, elastin seviyelerinin artışına yardımcı olur. İçerik tamamen bitkiseldir. %100 vegan kapsüldür. GDO, glüten, şeker, tatlandırıcı içermez. Ciltte kuruluk, atopik dermatit, atopik egzama, nörodermatit rahatsızlıklarda seramid kullanımı, yüksek fayda sağlar. Cildi lekelenmekten korumaya destektir. UV ışınlarına karşı güneşten korumanız ile iş birliği yapar. Kırışıklıklarda azalmayı destekler.,https://static.ticimax.cloud/cdn-cgi/image/width=76,quality=85/53520/uploads/urunresimleri/buyuk/sill-x-ceramide-silicium-complex-30-ka-91-7d0.jpeg,BESİN TAKVİYELERİ > ÖZEL TAKVİYELER > ,SILL-X,TL2.280,00
SOVITAL Baby Face Acne Free 60 Capsule,Sovital Baby Face, cildin ihtiyacı olan süper etkili antioksidanlar, cilt detoksu için harmanlanmış probiyotikler ve ender bulunan anne sütü Laktoferin Proteinini barındırır. Anne sütü proteini cilt hücrelerini yeniler, cilt kusurlarını ve yaşlanma etkilerini ortadan kaldırmaya yardımcı olur. Cildi toksinlerden arındırır, akne, egzama, rosacea, leke ile savaşır, cilt tonunu eşitler. Aşırı sebum seviyesini kontrol eder, iltihap, inflamasyon ve kızarıklığı azaltır.,https://static.ticimax.cloud/cdn-cgi/image/width=76,quality=85/53520/uploads/urunresimleri/buyuk/sovital-baby-face-acne-free-60-capsule--8b55-.jpeg,BESİN TAKVİYELERİ > KAPSÜL > ,SOVITAL,TL1.250,00
SOVITAL Detomax 60 Gummy,SOVITAL Detomax Kilo Kontrolü içerisinde Elma Sirkesi, B12, B6 ve B3 bulunduran besin takviyesidir.,https://static.ticimax.cloud/cdn-cgi/image/width=76,quality=85/53520/uploads/urunresimleri/buyuk/sovital-detomax-60-gummy-71b8c4.jpeg,BESİN TAKVİYELERİ > KAPSÜL > ,SOVITAL,TL1.080,00
SOVITAL Happy Mood & Sleep-Omax 60 Capsule,“ İyi Ruh Hali ve Güzel Uyku “,https://static.ticimax.cloud/cdn-cgi/image/width=76,quality=85/53520/uploads/urunresimleri/buyuk/sovital-happy-mood-sleep-omax-60-capsu-ef502d.jpeg,BESİN TAKVİYELERİ > KAPSÜL > ,SOVITAL,TL795,00
SOVITAL Happy Vajin 40 Soft Capsule,SOVITAL Happy Vajin; vajina dostu özel prebiyotikler , inülin ve kızılcık ekstresi vajina sağlığını korumaya ve bakımını sağlamaya yardımcı olur.,https://static.ticimax.cloud/cdn-cgi/image/width=76,quality=85/53520/uploads/urunresimleri/buyuk/sovital-happy-vajin-40-soft-capsule-4fa4-e.jpeg,BESİN TAKVİYELERİ > KAPSÜL > ,SOVITAL,TL795,00
SOVITAL Kids Vitamins 60 Gummy,Çocukların ihtiyacı olan 8 bileşen. SOVITAL Kids Çocuk Vitamini İsviçre Patentli Vegan Gummy, çocukların sağlıklı ve güçlü büyümeleri için ihtiyacınız olan tüm vitamin ve mineralleri sunacak şekilde formülüze edilmiştir. Ayrıca, vitaminlerimiz Vegan, % 30 şekeri azaltılmıştır, GDO ve koruyucu içermez, anti alerjik, hormon, glüten, jelatin içermez, ısıya dayanıklı. Hayvan deneyi yapılmaz.,https://static.ticimax.cloud/cdn-cgi/image/width=76,quality=85/53520/uploads/urunresimleri/buyuk/sovital-kids-vitamins-60-gummy-9-fd98.jpeg,BESİN TAKVİYELERİ > KAPSÜL > ,SOVITAL,TL895,00
SOVITAL Libox Horny 60 Capsule,SOVITAL Libox Horny birinci sınıf bileşenlerden yapılmıştır. SOVITAL Libox Horny, güvenlik sınırlarını aşmadan, güzel kaliteli cinsel hayat için ihtiyacınız olan tüm doğal, bitkisel ekstreler ve mineralleri sunacak şekilde formülize edilmiştir. %100 Doğal içeriklerden oluşur.,https://static.ticimax.cloud/cdn-cgi/image/width=76,quality=85/53520/uploads/urunresimleri/buyuk/sovital-libox-horny-60-capsule-63-f72.jpeg,BESİN TAKVİYELERİ > KAPSÜL > ,SOVITAL,TL795,00
SOVITAL Make Love 60 Gummy,SOVITAL Make Love, İsviçre’de formülüze edilmiş ve patentlenmiş cinsel sağlık ve isteği düzenleyen, arttıran Vegan Gummy %100 doğal afrodizyaklar içeren çok güçlü bir formül.,https://static.ticimax.cloud/cdn-cgi/image/width=76,quality=85/53520/uploads/urunresimleri/buyuk/sovital-make-love-60-gummy-037c2d.jpeg,BESİN TAKVİYELERİ > KAPSÜL > ,SOVITAL,TL1.250,00
SOVITAL No Cry 48 Capsule,SOVITAL NO CRY- Regl problemlerine özel,https://static.ticimax.cloud/cdn-cgi/image/width=76,quality=85/53520/uploads/urunresimleri/buyuk/sovital-no-cry-48-capsule-0175c7.jpeg,BESİN TAKVİYELERİ > KAPSÜL > ,SOVITAL,TL689,00
Vitisfera Fibrelin 30 Sachet,Vitisfera Fibrelin, her bir saşesinde 4 g akasya gum, 500 mg inülin ve 500 mg dirençli dekstrin içeren bir prebiyotik lif karışımıdır. Akasya gum, Fransız patentli Fibregum®’dan temin edilmektedir. Fibregum®, akasya ağaçlarının gövde ve dallarından sızan özenle seçilmiş akasya sakızı özsuyundan elde edilir. Karışımda yer alan dirençli dekstrin, ABD'de yetiştirilen mısırdan elde edilen patentli Fibersol® olup, FDA’nın diyet lifi tanımında yer alan sindirime dirençli bir maltodekstrindir.,https://static.ticimax.cloud/cdn-cgi/image/width=76,quality=85/53520/uploads/urunresimleri/buyuk/vitisfera-fibrelin-30-sachet-4c52-4.jpg,https://static.ticimax.cloud/cdn-cgi/image/width=76,quality=85/53520/uploads/urunresimleri/buyuk/vitisfera-fibrelin-30-sachet-d52f82.jpg,BESİN TAKVİYELERİ > ÖZEL TAKVİYELER > ,VITISFERA,TL370,00
Vitisfera Resveratrol Shots (20x25 ML),Ürün İçeriği(25 ML);,https://static.ticimax.cloud/cdn-cgi/image/width=76,quality=85/53520/uploads/urunresimleri/buyuk/vitisfera-resveratrol-shots-20x25-ml-e4-2d5.jpeg,https://static.ticimax.cloud/cdn-cgi/image/width=76,quality=85/53520/uploads/urunresimleri/buyuk/vitisfera-resveratrol-shots-20x25-ml--4a307.jpeg,BESİN TAKVİYELERİ > ÖZEL TAKVİYELER > ,VITISFERA,TL650,00
SOVITAL Sleepo Melatonin 3 mg 60 Gummy,SOVITAL Sleepo Melatonin 3 mg; derin bir uyku için ihtiyacınız olan melatonin, mineral ve vitamini sunacak şekilde formülize edilmiştir.,https://static.ticimax.cloud/cdn-cgi/image/width=76,quality=85/53520/uploads/urunresimleri/buyuk/sovital-sleepo-melatonin-3-mg-60-gummy-64bb5d.jpeg,BESİN TAKVİYELERİ > KAPSÜL > ,SOVITAL,
SOVITAL Tall Girls & Boys 60 Soft Capsule,OVITAL Tall Girls & Boys; 11-21 yaş çocuk ve ergenler için özel olarak geliştirilmiştir. En etkili sonuç için 3 aylık kür yapılması tavsiye edilir.,https://static.ticimax.cloud/cdn-cgi/image/width=76,quality=85/53520/uploads/urunresimleri/buyuk/sovital-tall-girls-boys-60-soft-capsul--b2d8a.jpeg,BESİN TAKVİYELERİ > KAPSÜL > ,SOVITAL,
SOVITAL Ultra Omega-3 60 Soft Capsule,SOVITAL Ultra Omega 3; içerisinde Omega 3 ve E vitamini içeren besin takviyesidir.,https://static.ticimax.cloud/cdn-cgi/image/width=76,quality=85/53520/uploads/urunresimleri/buyuk/sovital-ultra-omega-3-60-soft-capsule-47f-48.jpeg,BESİN TAKVİYELERİ > KAPSÜL > ,SOVITAL,
